ISO-10303-21;
HEADER;
/* Generated by software containing ST-Developer
 * from STEP Tools, Inc. (www.steptools.com) 
 */

FILE_DESCRIPTION(
/* description */ (''),
/* implementation_level */ '2;1');

FILE_NAME(
/* name */ 'USB B FEMALE.step',
/* time_stamp */ '2026-03-18T21:25:44+01:00',
/* author */ (''),
/* organization */ (''),
/* preprocessor_version */ 'ST-DEVELOPER v20.1',
/* originating_system */ 'Autodesk Translation Framework v14.24.0.0',
/* authorisation */ '');

FILE_SCHEMA (('AUTOMOTIVE_DESIGN { 1 0 10303 214 3 1 1 }'));
ENDSEC;

DATA;
#10=MECHANICAL_DESIGN_GEOMETRIC_PRESENTATION_REPRESENTATION('',(#44,#45,
#46,#47,#48,#49),#11059);
#11=SHAPE_REPRESENTATION_RELATIONSHIP('SRR','None',#11066,#12);
#12=ADVANCED_BREP_SHAPE_REPRESENTATION('',(#50,#51,#52,#53,#54,#55),#11058);
#13=(
BOUNDED_SURFACE()
B_SPLINE_SURFACE(2,2,((#10358,#10359,#10360),(#10361,#10362,#10363),(#10364,
#10365,#10366)),.UNSPECIFIED.,.F.,.F.,.F.)
B_SPLINE_SURFACE_WITH_KNOTS((3,3),(3,3),(6.53897391076298E-13,1.57079632679636),
(-1.5707963267994,5.2953045576221E-12),.UNSPECIFIED.)
GEOMETRIC_REPRESENTATION_ITEM()
RATIONAL_B_SPLINE_SURFACE(((1.,0.707106781183081,1.),(0.707106781186278,
0.499999999997358,0.707106781186278),(1.,0.707106781183081,1.)))
REPRESENTATION_ITEM('')
SURFACE()
);
#14=(
BOUNDED_SURFACE()
B_SPLINE_SURFACE(2,2,((#10378,#10379,#10380),(#10381,#10382,#10383),(#10384,
#10385,#10386)),.UNSPECIFIED.,.F.,.F.,.F.)
B_SPLINE_SURFACE_WITH_KNOTS((3,3),(3,3),(1.39338547300948E-12,1.57079632679757),
(-8.04707432929712E-12,1.5707963268041),.UNSPECIFIED.)
GEOMETRIC_REPRESENTATION_ITEM()
RATIONAL_B_SPLINE_SURFACE(((1.,0.707106781180447,1.),(0.70710678118607,
0.499999999995348,0.70710678118607),(1.,0.707106781180447,1.)))
REPRESENTATION_ITEM('')
SURFACE()
);
#15=(
BOUNDED_SURFACE()
B_SPLINE_SURFACE(2,2,((#10398,#10399,#10400),(#10401,#10402,#10403),(#10404,
#10405,#10406)),.UNSPECIFIED.,.F.,.F.,.F.)
B_SPLINE_SURFACE_WITH_KNOTS((3,3),(3,3),(6.53897391076298E-13,1.57079632679636),
(1.57079632679039,3.14159265359509),.UNSPECIFIED.)
GEOMETRIC_REPRESENTATION_ITEM()
RATIONAL_B_SPLINE_SURFACE(((1.,0.707106781183081,1.),(0.707106781186264,
0.499999999997349,0.707106781186264),(1.,0.707106781183081,1.)))
REPRESENTATION_ITEM('')
SURFACE()
);
#16=(
BOUNDED_SURFACE()
B_SPLINE_SURFACE(2,2,((#10418,#10419,#10420),(#10421,#10422,#10423),(#10424,
#10425,#10426)),.UNSPECIFIED.,.F.,.F.,.F.)
B_SPLINE_SURFACE_WITH_KNOTS((3,3),(3,3),(1.03080612272204E-12,1.570796326797),
(-3.14159265358995,-1.57079632678743),.UNSPECIFIED.)
GEOMETRIC_REPRESENTATION_ITEM()
RATIONAL_B_SPLINE_SURFACE(((1.,0.707106781183854,1.),(0.707106781186186,
0.49999999999784,0.707106781186186),(1.,0.707106781183854,1.)))
REPRESENTATION_ITEM('')
SURFACE()
);
#17=B_SPLINE_CURVE_WITH_KNOTS('',3,(#9523,#9524,#9525,#9526,#9527,#9528),
 .UNSPECIFIED.,.F.,.F.,(4,2,4),(-1.237624151408,-0.453458315011,0.),
 .UNSPECIFIED.);
#18=B_SPLINE_CURVE_WITH_KNOTS('',3,(#9531,#9532,#9533,#9534,#9535,#9536),
 .UNSPECIFIED.,.F.,.F.,(4,2,4),(0.,0.453458315011,1.237624151408),
 .UNSPECIFIED.);
#19=B_SPLINE_CURVE_WITH_KNOTS('',5,(#9555,#9556,#9557,#9558,#9559,#9560,
#9561,#9562,#9563,#9564,#9565,#9566,#9567,#9568,#9569),.UNSPECIFIED.,.F.,
 .F.,(6,1,1,1,1,1,1,1,1,1,6),(0.,0.1,0.2,0.3,0.4,0.5,0.6,0.7,0.8,0.9,1.),
 .UNSPECIFIED.);
#20=B_SPLINE_CURVE_WITH_KNOTS('',3,(#9571,#9572,#9573,#9574,#9575,#9576,
#9577,#9578),.UNSPECIFIED.,.F.,.F.,(4,2,2,4),(0.,0.04517083858293,0.198715123759,
0.311235360749),.UNSPECIFIED.);
#21=B_SPLINE_CURVE_WITH_KNOTS('',5,(#9582,#9583,#9584,#9585,#9586,#9587,
#9588,#9589,#9590,#9591,#9592,#9593,#9594,#9595,#9596),.UNSPECIFIED.,.F.,
 .F.,(6,1,1,1,1,1,1,1,1,1,6),(0.,0.1,0.2,0.3,0.4,0.5,0.6,0.7,0.8,0.9,1.),
 .UNSPECIFIED.);
#22=B_SPLINE_CURVE_WITH_KNOTS('',5,(#9597,#9598,#9599,#9600,#9601,#9602,
#9603,#9604,#9605,#9606,#9607,#9608,#9609,#9610,#9611),.UNSPECIFIED.,.F.,
 .F.,(6,1,1,1,1,1,1,1,1,1,6),(0.,0.1,0.2,0.3,0.4,0.5,0.6,0.7,0.8,0.9,1.),
 .UNSPECIFIED.);
#23=B_SPLINE_CURVE_WITH_KNOTS('',5,(#9736,#9737,#9738,#9739,#9740,#9741,
#9742,#9743,#9744,#9745,#9746,#9747,#9748,#9749,#9750),.UNSPECIFIED.,.F.,
 .F.,(6,1,1,1,1,1,1,1,1,1,6),(-1.,-0.9,-0.8,-0.7,-0.6,-0.5,-0.4,-0.3,-0.2,
-0.1,0.),.UNSPECIFIED.);
#24=B_SPLINE_CURVE_WITH_KNOTS('',3,(#9753,#9754,#9755,#9756,#9757,#9758),
 .UNSPECIFIED.,.F.,.F.,(4,2,4),(0.,0.668816183266,1.337828447678),
 .UNSPECIFIED.);
#25=B_SPLINE_CURVE_WITH_KNOTS('',5,(#9773,#9774,#9775,#9776,#9777,#9778,
#9779,#9780,#9781,#9782,#9783,#9784,#9785,#9786,#9787),.UNSPECIFIED.,.F.,
 .F.,(6,1,1,1,1,1,1,1,1,1,6),(-1.,-0.9,-0.8,-0.7,-0.6,-0.5,-0.4,-0.3,-0.2,
-0.1,0.),.UNSPECIFIED.);
#26=B_SPLINE_CURVE_WITH_KNOTS('',3,(#9789,#9790,#9791,#9792,#9793,#9794),
 .UNSPECIFIED.,.F.,.F.,(4,2,4),(0.,0.520479963779,1.041076930913),
 .UNSPECIFIED.);
#27=B_SPLINE_CURVE_WITH_KNOTS('',5,(#9798,#9799,#9800,#9801,#9802,#9803,
#9804,#9805,#9806,#9807,#9808,#9809,#9810,#9811,#9812),.UNSPECIFIED.,.F.,
 .F.,(6,1,1,1,1,1,1,1,1,1,6),(-1.,-0.9,-0.8,-0.7,-0.6,-0.5,-0.4,-0.3,-0.2,
-0.1,0.),.UNSPECIFIED.);
#28=B_SPLINE_CURVE_WITH_KNOTS('',5,(#9813,#9814,#9815,#9816,#9817,#9818,
#9819,#9820,#9821,#9822,#9823,#9824,#9825,#9826,#9827),.UNSPECIFIED.,.F.,
 .F.,(6,1,1,1,1,1,1,1,1,1,6),(-1.,-0.9,-0.8,-0.7,-0.6,-0.5,-0.4,-0.3,-0.2,
-0.1,0.),.UNSPECIFIED.);
#29=B_SPLINE_CURVE_WITH_KNOTS('',3,(#9954,#9955,#9956,#9957,#9958,#9959),
 .UNSPECIFIED.,.F.,.F.,(4,2,4),(-1.237624151408,-0.453458315011,0.),
 .UNSPECIFIED.);
#30=B_SPLINE_CURVE_WITH_KNOTS('',3,(#9961,#9962,#9963,#9964,#9965,#9966),
 .UNSPECIFIED.,.F.,.F.,(4,2,4),(0.,0.453458315011,1.237624151408),
 .UNSPECIFIED.);
#31=B_SPLINE_CURVE_WITH_KNOTS('',5,(#9985,#9986,#9987,#9988,#9989,#9990,
#9991,#9992,#9993,#9994,#9995,#9996,#9997,#9998,#9999),.UNSPECIFIED.,.F.,
 .F.,(6,1,1,1,1,1,1,1,1,1,6),(0.,0.1,0.2,0.3,0.4,0.5,0.6,0.7,0.8,0.9,1.),
 .UNSPECIFIED.);
#32=B_SPLINE_CURVE_WITH_KNOTS('',3,(#10000,#10001,#10002,#10003,#10004,
#10005,#10006,#10007),.UNSPECIFIED.,.F.,.F.,(4,2,2,4),(0.,0.04517083858293,
0.198715123759,0.311235360749),.UNSPECIFIED.);
#33=B_SPLINE_CURVE_WITH_KNOTS('',5,(#10011,#10012,#10013,#10014,#10015,
#10016,#10017,#10018,#10019,#10020,#10021,#10022,#10023,#10024,#10025),
 .UNSPECIFIED.,.F.,.F.,(6,1,1,1,1,1,1,1,1,1,6),(0.,0.1,0.2,0.3,0.4,0.5,
0.6,0.7,0.8,0.9,1.),.UNSPECIFIED.);
#34=B_SPLINE_CURVE_WITH_KNOTS('',5,(#10026,#10027,#10028,#10029,#10030,
#10031,#10032,#10033,#10034,#10035,#10036,#10037,#10038,#10039,#10040),
 .UNSPECIFIED.,.F.,.F.,(6,1,1,1,1,1,1,1,1,1,6),(0.,0.1,0.2,0.3,0.4,0.5,
0.6,0.7,0.8,0.9,1.),.UNSPECIFIED.);
#35=B_SPLINE_CURVE_WITH_KNOTS('',5,(#10167,#10168,#10169,#10170,#10171,
#10172,#10173,#10174,#10175,#10176,#10177,#10178,#10179,#10180,#10181),
 .UNSPECIFIED.,.F.,.F.,(6,1,1,1,1,1,1,1,1,1,6),(-1.,-0.9,-0.8,-0.7,-0.6,
-0.5,-0.4,-0.3,-0.2,-0.1,0.),.UNSPECIFIED.);
#36=B_SPLINE_CURVE_WITH_KNOTS('',3,(#10183,#10184,#10185,#10186,#10187,
#10188),.UNSPECIFIED.,.F.,.F.,(4,2,4),(0.,0.668816183266,1.337828447678),
 .UNSPECIFIED.);
#37=B_SPLINE_CURVE_WITH_KNOTS('',5,(#10203,#10204,#10205,#10206,#10207,
#10208,#10209,#10210,#10211,#10212,#10213,#10214,#10215,#10216,#10217),
 .UNSPECIFIED.,.F.,.F.,(6,1,1,1,1,1,1,1,1,1,6),(-1.,-0.9,-0.8,-0.7,-0.6,
-0.5,-0.4,-0.3,-0.2,-0.1,0.),.UNSPECIFIED.);
#38=B_SPLINE_CURVE_WITH_KNOTS('',3,(#10218,#10219,#10220,#10221,#10222,
#10223),.UNSPECIFIED.,.F.,.F.,(4,2,4),(0.,0.520479963779,1.041076930913),
 .UNSPECIFIED.);
#39=B_SPLINE_CURVE_WITH_KNOTS('',5,(#10227,#10228,#10229,#10230,#10231,
#10232,#10233,#10234,#10235,#10236,#10237,#10238,#10239,#10240,#10241),
 .UNSPECIFIED.,.F.,.F.,(6,1,1,1,1,1,1,1,1,1,6),(-1.,-0.9,-0.8,-0.7,-0.6,
-0.5,-0.4,-0.3,-0.2,-0.1,0.),.UNSPECIFIED.);
#40=B_SPLINE_CURVE_WITH_KNOTS('',5,(#10242,#10243,#10244,#10245,#10246,
#10247,#10248,#10249,#10250,#10251,#10252,#10253,#10254,#10255,#10256),
 .UNSPECIFIED.,.F.,.F.,(6,1,1,1,1,1,1,1,1,1,6),(-1.,-0.9,-0.8,-0.7,-0.6,
-0.5,-0.4,-0.3,-0.2,-0.1,0.),.UNSPECIFIED.);
#41=B_SPLINE_CURVE_WITH_KNOTS('',3,(#10590,#10591,#10592,#10593,#10594,
#10595,#10596,#10597,#10598,#10599),.UNSPECIFIED.,.F.,.F.,(4,2,2,2,4),(-0.0228415979601031,
-0.0170789458431255,-0.0113162937261478,-0.00565814686307707,-0.00514438836399309),
 .UNSPECIFIED.);
#42=B_SPLINE_CURVE_WITH_KNOTS('',3,(#10661,#10662,#10663,#10664,#10665,
#10666,#10667,#10668),.UNSPECIFIED.,.F.,.F.,(4,2,2,4),(-0.0410808820911217,
-0.0356596194737856,-0.0299049250242711,-0.0241502305747566),
 .UNSPECIFIED.);
#43=B_SPLINE_CURVE_WITH_KNOTS('',3,(#10675,#10676,#10677,#10678,#10679,
#10680,#10681,#10682),.UNSPECIFIED.,.F.,.F.,(4,2,2,4),(-0.0227705363680478,
-0.0170496090745838,-0.0113286817811197,-0.00868392371446219),
 .UNSPECIFIED.);
#44=STYLED_ITEM('',(#11076),#50);
#45=STYLED_ITEM('',(#11077),#51);
#46=STYLED_ITEM('',(#11077),#52);
#47=STYLED_ITEM('',(#11077),#53);
#48=STYLED_ITEM('',(#11077),#54);
#49=STYLED_ITEM('',(#11077),#55);
#50=MANIFOLD_SOLID_BREP('Corps1',#6207);
#51=MANIFOLD_SOLID_BREP('Corps2',#6208);
#52=MANIFOLD_SOLID_BREP('Corps3',#6209);
#53=MANIFOLD_SOLID_BREP('Corps4',#6210);
#54=MANIFOLD_SOLID_BREP('Corps5',#6211);
#55=MANIFOLD_SOLID_BREP('Corps6',#6212);
#56=ELLIPSE('',#6279,0.320156211872,0.25);
#57=ELLIPSE('',#6280,0.320156211872,0.25);
#58=ELLIPSE('',#6282,0.320156211872,0.25);
#59=ELLIPSE('',#6283,0.320156211872,0.25);
#60=ELLIPSE('',#6285,0.320156211872,0.25);
#61=ELLIPSE('',#6286,0.320156211872,0.25);
#62=ELLIPSE('',#6288,0.320156211872,0.25);
#63=ELLIPSE('',#6289,0.320156211872,0.25);
#64=B_SPLINE_SURFACE_WITH_KNOTS('',3,3,((#8643,#8644,#8645,#8646),(#8647,
#8648,#8649,#8650),(#8651,#8652,#8653,#8654),(#8655,#8656,#8657,#8658),
(#8659,#8660,#8661,#8662)),.UNSPECIFIED.,.F.,.F.,.F.,(4,1,4),(4,4),(-0.0460805670945165,
0.571428571429,1.04606622833222),(-0.0460805670945164,1.570796326795),
 .UNSPECIFIED.);
#65=B_SPLINE_SURFACE_WITH_KNOTS('',3,3,((#8669,#8670,#8671,#8672),(#8673,
#8674,#8675,#8676),(#8677,#8678,#8679,#8680),(#8681,#8682,#8683,#8684),
(#8685,#8686,#8687,#8688)),.UNSPECIFIED.,.F.,.F.,.F.,(4,1,4),(4,4),(-0.0460805670945079,
0.571428571429,1.04606622836914),(-0.0460805670945078,1.570796326795),
 .UNSPECIFIED.);
#66=B_SPLINE_SURFACE_WITH_KNOTS('',3,3,((#8695,#8696,#8697,#8698),(#8699,
#8700,#8701,#8702),(#8703,#8704,#8705,#8706),(#8707,#8708,#8709,#8710),
(#8711,#8712,#8713,#8714)),.UNSPECIFIED.,.F.,.F.,.F.,(4,1,4),(4,4),(-0.0460805670945084,
0.571428571429,1.04606622833222),(-0.0460805670945082,1.570796326795),
 .UNSPECIFIED.);
#67=B_SPLINE_SURFACE_WITH_KNOTS('',3,3,((#8721,#8722,#8723,#8724),(#8725,
#8726,#8727,#8728),(#8729,#8730,#8731,#8732),(#8733,#8734,#8735,#8736),
(#8737,#8738,#8739,#8740)),.UNSPECIFIED.,.F.,.F.,.F.,(4,1,4),(4,4),(-0.0460805670945079,
0.571428571429,1.04606622836914),(-0.0460805670945078,1.570796326795),
 .UNSPECIFIED.);
#68=B_SPLINE_SURFACE_WITH_KNOTS('',3,1,((#9509,#9510),(#9511,#9512),(#9513,
#9514),(#9515,#9516),(#9517,#9518),(#9519,#9520)),.UNSPECIFIED.,.F.,.F.,
 .F.,(4,2,4),(2,2),(0.,0.453458315011,1.237624151408),(0.,0.024),
 .UNSPECIFIED.);
#69=B_SPLINE_SURFACE_WITH_KNOTS('',3,1,((#9538,#9539),(#9540,#9541),(#9542,
#9543),(#9544,#9545),(#9546,#9547),(#9548,#9549),(#9550,#9551),(#9552,#9553)),
 .UNSPECIFIED.,.F.,.F.,.F.,(4,2,2,4),(2,2),(0.,0.04517083858293,0.198715123759,
0.311235360749),(0.,0.024),.UNSPECIFIED.);
#70=B_SPLINE_SURFACE_WITH_KNOTS('',5,1,((#9639,#9640),(#9641,#9642),(#9643,
#9644),(#9645,#9646),(#9647,#9648),(#9649,#9650),(#9651,#9652),(#9653,#9654),
(#9655,#9656),(#9657,#9658),(#9659,#9660),(#9661,#9662),(#9663,#9664),(#9665,
#9666),(#9667,#9668)),.UNSPECIFIED.,.F.,.F.,.F.,(6,1,1,1,1,1,1,1,1,1,6),
(2,2),(0.,0.1,0.2,0.3,0.4,0.5,0.6,0.7,0.8,0.9,1.),(0.,0.0672),
 .UNSPECIFIED.);
#71=B_SPLINE_SURFACE_WITH_KNOTS('',5,1,((#9670,#9671),(#9672,#9673),(#9674,
#9675),(#9676,#9677),(#9678,#9679),(#9680,#9681),(#9682,#9683),(#9684,#9685),
(#9686,#9687),(#9688,#9689),(#9690,#9691),(#9692,#9693),(#9694,#9695),(#9696,
#9697),(#9698,#9699)),.UNSPECIFIED.,.F.,.F.,.F.,(6,1,1,1,1,1,1,1,1,1,6),
(2,2),(0.,0.1,0.2,0.3,0.4,0.5,0.6,0.7,0.8,0.9,1.),(0.,0.0672),
 .UNSPECIFIED.);
#72=B_SPLINE_SURFACE_WITH_KNOTS('',3,1,((#9722,#9723),(#9724,#9725),(#9726,
#9727),(#9728,#9729),(#9730,#9731),(#9732,#9733)),.UNSPECIFIED.,.F.,.F.,
 .F.,(4,2,4),(2,2),(0.,0.668816183266,1.337828447678),(0.,0.024),
 .UNSPECIFIED.);
#73=B_SPLINE_SURFACE_WITH_KNOTS('',3,1,((#9760,#9761),(#9762,#9763),(#9764,
#9765),(#9766,#9767),(#9768,#9769),(#9770,#9771)),.UNSPECIFIED.,.F.,.F.,
 .F.,(4,2,4),(2,2),(0.,0.520479963779,1.041076930913),(0.,0.024),
 .UNSPECIFIED.);
#74=B_SPLINE_SURFACE_WITH_KNOTS('',5,1,((#9848,#9849),(#9850,#9851),(#9852,
#9853),(#9854,#9855),(#9856,#9857),(#9858,#9859),(#9860,#9861),(#9862,#9863),
(#9864,#9865),(#9866,#9867),(#9868,#9869),(#9870,#9871),(#9872,#9873),(#9874,
#9875),(#9876,#9877)),.UNSPECIFIED.,.F.,.F.,.F.,(6,1,1,1,1,1,1,1,1,1,6),
(2,2),(-1.,-0.9,-0.8,-0.7,-0.6,-0.5,-0.4,-0.3,-0.2,-0.1,0.),(0.,0.0672),
 .UNSPECIFIED.);
#75=B_SPLINE_SURFACE_WITH_KNOTS('',5,1,((#9880,#9881),(#9882,#9883),(#9884,
#9885),(#9886,#9887),(#9888,#9889),(#9890,#9891),(#9892,#9893),(#9894,#9895),
(#9896,#9897),(#9898,#9899),(#9900,#9901),(#9902,#9903),(#9904,#9905),(#9906,
#9907),(#9908,#9909)),.UNSPECIFIED.,.F.,.F.,.F.,(6,1,1,1,1,1,1,1,1,1,6),
(2,2),(-1.,-0.9,-0.8,-0.7,-0.6,-0.5,-0.4,-0.3,-0.2,-0.1,0.),(0.,0.0672),
 .UNSPECIFIED.);
#76=B_SPLINE_SURFACE_WITH_KNOTS('',3,1,((#9938,#9939),(#9940,#9941),(#9942,
#9943),(#9944,#9945),(#9946,#9947),(#9948,#9949)),.UNSPECIFIED.,.F.,.F.,
 .F.,(4,2,4),(2,2),(0.,0.453458315011,1.237624151408),(0.,0.024),
 .UNSPECIFIED.);
#77=B_SPLINE_SURFACE_WITH_KNOTS('',3,1,((#9967,#9968),(#9969,#9970),(#9971,
#9972),(#9973,#9974),(#9975,#9976),(#9977,#9978),(#9979,#9980),(#9981,#9982)),
 .UNSPECIFIED.,.F.,.F.,.F.,(4,2,2,4),(2,2),(0.,0.04517083858293,0.198715123759,
0.311235360749),(0.,0.024),.UNSPECIFIED.);
#78=B_SPLINE_SURFACE_WITH_KNOTS('',5,1,((#10068,#10069),(#10070,#10071),
(#10072,#10073),(#10074,#10075),(#10076,#10077),(#10078,#10079),(#10080,
#10081),(#10082,#10083),(#10084,#10085),(#10086,#10087),(#10088,#10089),
(#10090,#10091),(#10092,#10093),(#10094,#10095),(#10096,#10097)),
 .UNSPECIFIED.,.F.,.F.,.F.,(6,1,1,1,1,1,1,1,1,1,6),(2,2),(0.,0.1,0.2,0.3,
0.4,0.5,0.6,0.7,0.8,0.9,1.),(0.,0.0672),.UNSPECIFIED.);
#79=B_SPLINE_SURFACE_WITH_KNOTS('',5,1,((#10099,#10100),(#10101,#10102),
(#10103,#10104),(#10105,#10106),(#10107,#10108),(#10109,#10110),(#10111,
#10112),(#10113,#10114),(#10115,#10116),(#10117,#10118),(#10119,#10120),
(#10121,#10122),(#10123,#10124),(#10125,#10126),(#10127,#10128)),
 .UNSPECIFIED.,.F.,.F.,.F.,(6,1,1,1,1,1,1,1,1,1,6),(2,2),(0.,0.1,0.2,0.3,
0.4,0.5,0.6,0.7,0.8,0.9,1.),(0.,0.0672),.UNSPECIFIED.);
#80=B_SPLINE_SURFACE_WITH_KNOTS('',3,1,((#10151,#10152),(#10153,#10154),
(#10155,#10156),(#10157,#10158),(#10159,#10160),(#10161,#10162)),
 .UNSPECIFIED.,.F.,.F.,.F.,(4,2,4),(2,2),(0.,0.668816183266,1.337828447678),
(0.,0.024),.UNSPECIFIED.);
#81=B_SPLINE_SURFACE_WITH_KNOTS('',3,1,((#10189,#10190),(#10191,#10192),
(#10193,#10194),(#10195,#10196),(#10197,#10198),(#10199,#10200)),
 .UNSPECIFIED.,.F.,.F.,.F.,(4,2,4),(2,2),(0.,0.520479963779,1.041076930913),
(0.,0.024),.UNSPECIFIED.);
#82=B_SPLINE_SURFACE_WITH_KNOTS('',5,1,((#10277,#10278),(#10279,#10280),
(#10281,#10282),(#10283,#10284),(#10285,#10286),(#10287,#10288),(#10289,
#10290),(#10291,#10292),(#10293,#10294),(#10295,#10296),(#10297,#10298),
(#10299,#10300),(#10301,#10302),(#10303,#10304),(#10305,#10306)),
 .UNSPECIFIED.,.F.,.F.,.F.,(6,1,1,1,1,1,1,1,1,1,6),(2,2),(-1.,-0.9,-0.8,
-0.7,-0.6,-0.5,-0.4,-0.3,-0.2,-0.1,0.),(0.,0.0672),.UNSPECIFIED.);
#83=B_SPLINE_SURFACE_WITH_KNOTS('',5,1,((#10309,#10310),(#10311,#10312),
(#10313,#10314),(#10315,#10316),(#10317,#10318),(#10319,#10320),(#10321,
#10322),(#10323,#10324),(#10325,#10326),(#10327,#10328),(#10329,#10330),
(#10331,#10332),(#10333,#10334),(#10335,#10336),(#10337,#10338)),
 .UNSPECIFIED.,.F.,.F.,.F.,(6,1,1,1,1,1,1,1,1,1,6),(2,2),(-1.,-0.9,-0.8,
-0.7,-0.6,-0.5,-0.4,-0.3,-0.2,-0.1,0.),(0.,0.0672),.UNSPECIFIED.);
#84=FACE_BOUND('',#1981,.T.);
#85=FACE_BOUND('',#1992,.T.);
#86=FACE_BOUND('',#2069,.T.);
#87=FACE_BOUND('',#2072,.T.);
#88=FACE_BOUND('',#2074,.T.);
#89=FACE_BOUND('',#2077,.T.);
#90=FACE_BOUND('',#2080,.T.);
#91=FACE_BOUND('',#2084,.T.);
#92=FACE_BOUND('',#2088,.T.);
#93=FACE_BOUND('',#2129,.T.);
#94=FACE_BOUND('',#2130,.T.);
#95=FACE_BOUND('',#2131,.T.);
#96=FACE_BOUND('',#2132,.T.);
#97=FACE_BOUND('',#2136,.T.);
#98=FACE_BOUND('',#2210,.T.);
#99=FACE_BOUND('',#2211,.T.);
#100=FACE_BOUND('',#2212,.T.);
#101=FACE_BOUND('',#2213,.T.);
#102=FACE_BOUND('',#2247,.T.);
#103=FACE_BOUND('',#2301,.T.);
#104=FACE_BOUND('',#2302,.T.);
#105=FACE_BOUND('',#2303,.T.);
#106=FACE_BOUND('',#2304,.T.);
#107=FACE_BOUND('',#2317,.T.);
#108=PLANE('',#6250);
#109=PLANE('',#6251);
#110=PLANE('',#6276);
#111=PLANE('',#6277);
#112=PLANE('',#6294);
#113=PLANE('',#6297);
#114=PLANE('',#6300);
#115=PLANE('',#6304);
#116=PLANE('',#6305);
#117=PLANE('',#6315);
#118=PLANE('',#6316);
#119=PLANE('',#6320);
#120=PLANE('',#6327);
#121=PLANE('',#6328);
#122=PLANE('',#6338);
#123=PLANE('',#6339);
#124=PLANE('',#6343);
#125=PLANE('',#6347);
#126=PLANE('',#6348);
#127=PLANE('',#6358);
#128=PLANE('',#6359);
#129=PLANE('',#6360);
#130=PLANE('',#6370);
#131=PLANE('',#6371);
#132=PLANE('',#6375);
#133=PLANE('',#6379);
#134=PLANE('',#6380);
#135=PLANE('',#6390);
#136=PLANE('',#6391);
#137=PLANE('',#6392);
#138=PLANE('',#6402);
#139=PLANE('',#6403);
#140=PLANE('',#6407);
#141=PLANE('',#6411);
#142=PLANE('',#6412);
#143=PLANE('',#6413);
#144=PLANE('',#6414);
#145=PLANE('',#6415);
#146=PLANE('',#6416);
#147=PLANE('',#6417);
#148=PLANE('',#6418);
#149=PLANE('',#6419);
#150=PLANE('',#6420);
#151=PLANE('',#6421);
#152=PLANE('',#6422);
#153=PLANE('',#6423);
#154=PLANE('',#6424);
#155=PLANE('',#6425);
#156=PLANE('',#6442);
#157=PLANE('',#6443);
#158=PLANE('',#6444);
#159=PLANE('',#6445);
#160=PLANE('',#6446);
#161=PLANE('',#6447);
#162=PLANE('',#6448);
#163=PLANE('',#6449);
#164=PLANE('',#6450);
#165=PLANE('',#6451);
#166=PLANE('',#6452);
#167=PLANE('',#6453);
#168=PLANE('',#6454);
#169=PLANE('',#6455);
#170=PLANE('',#6456);
#171=PLANE('',#6458);
#172=PLANE('',#6462);
#173=PLANE('',#6465);
#174=PLANE('',#6468);
#175=PLANE('',#6471);
#176=PLANE('',#6474);
#177=PLANE('',#6477);
#178=PLANE('',#6480);
#179=PLANE('',#6485);
#180=PLANE('',#6488);
#181=PLANE('',#6491);
#182=PLANE('',#6494);
#183=PLANE('',#6497);
#184=PLANE('',#6500);
#185=PLANE('',#6501);
#186=PLANE('',#6502);
#187=PLANE('',#6503);
#188=PLANE('',#6504);
#189=PLANE('',#6505);
#190=PLANE('',#6512);
#191=PLANE('',#6513);
#192=PLANE('',#6514);
#193=PLANE('',#6515);
#194=PLANE('',#6516);
#195=PLANE('',#6517);
#196=PLANE('',#6518);
#197=PLANE('',#6519);
#198=PLANE('',#6520);
#199=PLANE('',#6527);
#200=PLANE('',#6528);
#201=PLANE('',#6529);
#202=PLANE('',#6530);
#203=PLANE('',#6531);
#204=PLANE('',#6532);
#205=PLANE('',#6533);
#206=PLANE('',#6534);
#207=PLANE('',#6535);
#208=PLANE('',#6542);
#209=PLANE('',#6543);
#210=PLANE('',#6544);
#211=PLANE('',#6545);
#212=PLANE('',#6546);
#213=PLANE('',#6547);
#214=PLANE('',#6548);
#215=PLANE('',#6549);
#216=PLANE('',#6550);
#217=PLANE('',#6557);
#218=PLANE('',#6558);
#219=PLANE('',#6559);
#220=PLANE('',#6560);
#221=PLANE('',#6561);
#222=PLANE('',#6562);
#223=PLANE('',#6563);
#224=PLANE('',#6564);
#225=PLANE('',#6565);
#226=PLANE('',#6588);
#227=PLANE('',#6594);
#228=PLANE('',#6611);
#229=PLANE('',#6612);
#230=PLANE('',#6617);
#231=PLANE('',#6621);
#232=PLANE('',#6622);
#233=PLANE('',#6624);
#234=PLANE('',#6628);
#235=PLANE('',#6631);
#236=PLANE('',#6632);
#237=PLANE('',#6642);
#238=PLANE('',#6647);
#239=PLANE('',#6657);
#240=PLANE('',#6658);
#241=PLANE('',#6665);
#242=PLANE('',#6668);
#243=PLANE('',#6669);
#244=PLANE('',#6670);
#245=PLANE('',#6673);
#246=PLANE('',#6674);
#247=PLANE('',#6677);
#248=PLANE('',#6688);
#249=PLANE('',#6691);
#250=PLANE('',#6694);
#251=PLANE('',#6695);
#252=PLANE('',#6696);
#253=PLANE('',#6699);
#254=PLANE('',#6702);
#255=PLANE('',#6705);
#256=PLANE('',#6708);
#257=PLANE('',#6709);
#258=PLANE('',#6710);
#259=PLANE('',#6713);
#260=PLANE('',#6716);
#261=PLANE('',#6719);
#262=PLANE('',#6722);
#263=PLANE('',#6725);
#264=PLANE('',#6728);
#265=PLANE('',#6731);
#266=PLANE('',#6734);
#267=PLANE('',#6737);
#268=PLANE('',#6740);
#269=PLANE('',#6743);
#270=PLANE('',#6746);
#271=PLANE('',#6749);
#272=PLANE('',#6752);
#273=PLANE('',#6755);
#274=PLANE('',#6758);
#275=PLANE('',#6760);
#276=PLANE('',#6762);
#277=PLANE('',#6764);
#278=PLANE('',#6768);
#279=PLANE('',#6771);
#280=PLANE('',#6774);
#281=PLANE('',#6775);
#282=PLANE('',#6778);
#283=PLANE('',#6779);
#284=PLANE('',#6782);
#285=PLANE('',#6783);
#286=PLANE('',#6784);
#287=LINE('',#8538,#908);
#288=LINE('',#8541,#909);
#289=LINE('',#8550,#910);
#290=LINE('',#8553,#911);
#291=LINE('',#8562,#912);
#292=LINE('',#8565,#913);
#293=LINE('',#8573,#914);
#294=LINE('',#8574,#915);
#295=LINE('',#8578,#916);
#296=LINE('',#8580,#917);
#297=LINE('',#8582,#918);
#298=LINE('',#8583,#919);
#299=LINE('',#8588,#920);
#300=LINE('',#8592,#921);
#301=LINE('',#8602,#922);
#302=LINE('',#8604,#923);
#303=LINE('',#8614,#924);
#304=LINE('',#8616,#925);
#305=LINE('',#8626,#926);
#306=LINE('',#8628,#927);
#307=LINE('',#8636,#928);
#308=LINE('',#8638,#929);
#309=LINE('',#8640,#930);
#310=LINE('',#8641,#931);
#311=LINE('',#8748,#932);
#312=LINE('',#8749,#933);
#313=LINE('',#8751,#934);
#314=LINE('',#8752,#935);
#315=LINE('',#8754,#936);
#316=LINE('',#8755,#937);
#317=LINE('',#8757,#938);
#318=LINE('',#8758,#939);
#319=LINE('',#8761,#940);
#320=LINE('',#8763,#941);
#321=LINE('',#8764,#942);
#322=LINE('',#8767,#943);
#323=LINE('',#8771,#944);
#324=LINE('',#8773,#945);
#325=LINE('',#8775,#946);
#326=LINE('',#8777,#947);
#327=LINE('',#8779,#948);
#328=LINE('',#8781,#949);
#329=LINE('',#8783,#950);
#330=LINE('',#8785,#951);
#331=LINE('',#8787,#952);
#332=LINE('',#8788,#953);
#333=LINE('',#8791,#954);
#334=LINE('',#8797,#955);
#335=LINE('',#8801,#956);
#336=LINE('',#8806,#957);
#337=LINE('',#8808,#958);
#338=LINE('',#8810,#959);
#339=LINE('',#8811,#960);
#340=LINE('',#8815,#961);
#341=LINE('',#8817,#962);
#342=LINE('',#8819,#963);
#343=LINE('',#8820,#964);
#344=LINE('',#8825,#965);
#345=LINE('',#8830,#966);
#346=LINE('',#8836,#967);
#347=LINE('',#8840,#968);
#348=LINE('',#8842,#969);
#349=LINE('',#8844,#970);
#350=LINE('',#8845,#971);
#351=LINE('',#8847,#972);
#352=LINE('',#8849,#973);
#353=LINE('',#8850,#974);
#354=LINE('',#8853,#975);
#355=LINE('',#8855,#976);
#356=LINE('',#8856,#977);
#357=LINE('',#8861,#978);
#358=LINE('',#8865,#979);
#359=LINE('',#8867,#980);
#360=LINE('',#8869,#981);
#361=LINE('',#8871,#982);
#362=LINE('',#8872,#983);
#363=LINE('',#8874,#984);
#364=LINE('',#8876,#985);
#365=LINE('',#8877,#986);
#366=LINE('',#8884,#987);
#367=LINE('',#8888,#988);
#368=LINE('',#8893,#989);
#369=LINE('',#8895,#990);
#370=LINE('',#8897,#991);
#371=LINE('',#8898,#992);
#372=LINE('',#8902,#993);
#373=LINE('',#8904,#994);
#374=LINE('',#8906,#995);
#375=LINE('',#8907,#996);
#376=LINE('',#8912,#997);
#377=LINE('',#8917,#998);
#378=LINE('',#8923,#999);
#379=LINE('',#8927,#1000);
#380=LINE('',#8929,#1001);
#381=LINE('',#8931,#1002);
#382=LINE('',#8932,#1003);
#383=LINE('',#8934,#1004);
#384=LINE('',#8936,#1005);
#385=LINE('',#8937,#1006);
#386=LINE('',#8940,#1007);
#387=LINE('',#8942,#1008);
#388=LINE('',#8943,#1009);
#389=LINE('',#8948,#1010);
#390=LINE('',#8952,#1011);
#391=LINE('',#8954,#1012);
#392=LINE('',#8956,#1013);
#393=LINE('',#8958,#1014);
#394=LINE('',#8959,#1015);
#395=LINE('',#8961,#1016);
#396=LINE('',#8963,#1017);
#397=LINE('',#8964,#1018);
#398=LINE('',#8971,#1019);
#399=LINE('',#8973,#1020);
#400=LINE('',#8975,#1021);
#401=LINE('',#8976,#1022);
#402=LINE('',#8980,#1023);
#403=LINE('',#8982,#1024);
#404=LINE('',#8984,#1025);
#405=LINE('',#8985,#1026);
#406=LINE('',#8989,#1027);
#407=LINE('',#8995,#1028);
#408=LINE('',#9002,#1029);
#409=LINE('',#9006,#1030);
#410=LINE('',#9008,#1031);
#411=LINE('',#9009,#1032);
#412=LINE('',#9012,#1033);
#413=LINE('',#9014,#1034);
#414=LINE('',#9015,#1035);
#415=LINE('',#9018,#1036);
#416=LINE('',#9020,#1037);
#417=LINE('',#9021,#1038);
#418=LINE('',#9025,#1039);
#419=LINE('',#9031,#1040);
#420=LINE('',#9038,#1041);
#421=LINE('',#9041,#1042);
#422=LINE('',#9042,#1043);
#423=LINE('',#9045,#1044);
#424=LINE('',#9047,#1045);
#425=LINE('',#9048,#1046);
#426=LINE('',#9052,#1047);
#427=LINE('',#9057,#1048);
#428=LINE('',#9059,#1049);
#429=LINE('',#9060,#1050);
#430=LINE('',#9067,#1051);
#431=LINE('',#9069,#1052);
#432=LINE('',#9071,#1053);
#433=LINE('',#9072,#1054);
#434=LINE('',#9076,#1055);
#435=LINE('',#9078,#1056);
#436=LINE('',#9080,#1057);
#437=LINE('',#9081,#1058);
#438=LINE('',#9085,#1059);
#439=LINE('',#9091,#1060);
#440=LINE('',#9098,#1061);
#441=LINE('',#9102,#1062);
#442=LINE('',#9104,#1063);
#443=LINE('',#9105,#1064);
#444=LINE('',#9108,#1065);
#445=LINE('',#9110,#1066);
#446=LINE('',#9111,#1067);
#447=LINE('',#9114,#1068);
#448=LINE('',#9116,#1069);
#449=LINE('',#9117,#1070);
#450=LINE('',#9121,#1071);
#451=LINE('',#9127,#1072);
#452=LINE('',#9134,#1073);
#453=LINE('',#9137,#1074);
#454=LINE('',#9138,#1075);
#455=LINE('',#9141,#1076);
#456=LINE('',#9143,#1077);
#457=LINE('',#9144,#1078);
#458=LINE('',#9148,#1079);
#459=LINE('',#9153,#1080);
#460=LINE('',#9155,#1081);
#461=LINE('',#9156,#1082);
#462=LINE('',#9162,#1083);
#463=LINE('',#9164,#1084);
#464=LINE('',#9165,#1085);
#465=LINE('',#9168,#1086);
#466=LINE('',#9170,#1087);
#467=LINE('',#9171,#1088);
#468=LINE('',#9174,#1089);
#469=LINE('',#9176,#1090);
#470=LINE('',#9177,#1091);
#471=LINE('',#9180,#1092);
#472=LINE('',#9182,#1093);
#473=LINE('',#9183,#1094);
#474=LINE('',#9186,#1095);
#475=LINE('',#9188,#1096);
#476=LINE('',#9189,#1097);
#477=LINE('',#9192,#1098);
#478=LINE('',#9194,#1099);
#479=LINE('',#9195,#1100);
#480=LINE('',#9198,#1101);
#481=LINE('',#9200,#1102);
#482=LINE('',#9201,#1103);
#483=LINE('',#9204,#1104);
#484=LINE('',#9206,#1105);
#485=LINE('',#9208,#1106);
#486=LINE('',#9209,#1107);
#487=LINE('',#9212,#1108);
#488=LINE('',#9214,#1109);
#489=LINE('',#9215,#1110);
#490=LINE('',#9218,#1111);
#491=LINE('',#9220,#1112);
#492=LINE('',#9222,#1113);
#493=LINE('',#9223,#1114);
#494=LINE('',#9226,#1115);
#495=LINE('',#9228,#1116);
#496=LINE('',#9230,#1117);
#497=LINE('',#9231,#1118);
#498=LINE('',#9233,#1119);
#499=LINE('',#9236,#1120);
#500=LINE('',#9238,#1121);
#501=LINE('',#9240,#1122);
#502=LINE('',#9241,#1123);
#503=LINE('',#9243,#1124);
#504=LINE('',#9248,#1125);
#505=LINE('',#9252,#1126);
#506=LINE('',#9256,#1127);
#507=LINE('',#9260,#1128);
#508=LINE('',#9264,#1129);
#509=LINE('',#9268,#1130);
#510=LINE('',#9272,#1131);
#511=LINE('',#9277,#1132);
#512=LINE('',#9281,#1133);
#513=LINE('',#9285,#1134);
#514=LINE('',#9289,#1135);
#515=LINE('',#9293,#1136);
#516=LINE('',#9296,#1137);
#517=LINE('',#9298,#1138);
#518=LINE('',#9300,#1139);
#519=LINE('',#9302,#1140);
#520=LINE('',#9303,#1141);
#521=LINE('',#9304,#1142);
#522=LINE('',#9305,#1143);
#523=LINE('',#9307,#1144);
#524=LINE('',#9311,#1145);
#525=LINE('',#9312,#1146);
#526=LINE('',#9314,#1147);
#527=LINE('',#9315,#1148);
#528=LINE('',#9317,#1149);
#529=LINE('',#9320,#1150);
#530=LINE('',#9321,#1151);
#531=LINE('',#9324,#1152);
#532=LINE('',#9325,#1153);
#533=LINE('',#9327,#1154);
#534=LINE('',#9330,#1155);
#535=LINE('',#9331,#1156);
#536=LINE('',#9334,#1157);
#537=LINE('',#9335,#1158);
#538=LINE('',#9337,#1159);
#539=LINE('',#9340,#1160);
#540=LINE('',#9341,#1161);
#541=LINE('',#9344,#1162);
#542=LINE('',#9345,#1163);
#543=LINE('',#9348,#1164);
#544=LINE('',#9349,#1165);
#545=LINE('',#9352,#1166);
#546=LINE('',#9353,#1167);
#547=LINE('',#9356,#1168);
#548=LINE('',#9358,#1169);
#549=LINE('',#9361,#1170);
#550=LINE('',#9363,#1171);
#551=LINE('',#9367,#1172);
#552=LINE('',#9371,#1173);
#553=LINE('',#9372,#1174);
#554=LINE('',#9375,#1175);
#555=LINE('',#9379,#1176);
#556=LINE('',#9380,#1177);
#557=LINE('',#9383,#1178);
#558=LINE('',#9387,#1179);
#559=LINE('',#9388,#1180);
#560=LINE('',#9391,#1181);
#561=LINE('',#9395,#1182);
#562=LINE('',#9396,#1183);
#563=LINE('',#9399,#1184);
#564=LINE('',#9403,#1185);
#565=LINE('',#9404,#1186);
#566=LINE('',#9407,#1187);
#567=LINE('',#9411,#1188);
#568=LINE('',#9412,#1189);
#569=LINE('',#9415,#1190);
#570=LINE('',#9419,#1191);
#571=LINE('',#9420,#1192);
#572=LINE('',#9425,#1193);
#573=LINE('',#9429,#1194);
#574=LINE('',#9430,#1195);
#575=LINE('',#9433,#1196);
#576=LINE('',#9437,#1197);
#577=LINE('',#9438,#1198);
#578=LINE('',#9441,#1199);
#579=LINE('',#9445,#1200);
#580=LINE('',#9446,#1201);
#581=LINE('',#9449,#1202);
#582=LINE('',#9453,#1203);
#583=LINE('',#9454,#1204);
#584=LINE('',#9457,#1205);
#585=LINE('',#9461,#1206);
#586=LINE('',#9462,#1207);
#587=LINE('',#9468,#1208);
#588=LINE('',#9470,#1209);
#589=LINE('',#9472,#1210);
#590=LINE('',#9473,#1211);
#591=LINE('',#9476,#1212);
#592=LINE('',#9478,#1213);
#593=LINE('',#9479,#1214);
#594=LINE('',#9482,#1215);
#595=LINE('',#9484,#1216);
#596=LINE('',#9485,#1217);
#597=LINE('',#9487,#1218);
#598=LINE('',#9488,#1219);
#599=LINE('',#9494,#1220);
#600=LINE('',#9498,#1221);
#601=LINE('',#9503,#1222);
#602=LINE('',#9507,#1223);
#603=LINE('',#9530,#1224);
#604=LINE('',#9537,#1225);
#605=LINE('',#9570,#1226);
#606=LINE('',#9614,#1227);
#607=LINE('',#9616,#1228);
#608=LINE('',#9618,#1229);
#609=LINE('',#9620,#1230);
#610=LINE('',#9621,#1231);
#611=LINE('',#9624,#1232);
#612=LINE('',#9625,#1233);
#613=LINE('',#9626,#1234);
#614=LINE('',#9629,#1235);
#615=LINE('',#9630,#1236);
#616=LINE('',#9633,#1237);
#617=LINE('',#9634,#1238);
#618=LINE('',#9637,#1239);
#619=LINE('',#9638,#1240);
#620=LINE('',#9669,#1241);
#621=LINE('',#9700,#1242);
#622=LINE('',#9702,#1243);
#623=LINE('',#9707,#1244);
#624=LINE('',#9711,#1245);
#625=LINE('',#9716,#1246);
#626=LINE('',#9720,#1247);
#627=LINE('',#9752,#1248);
#628=LINE('',#9759,#1249);
#629=LINE('',#9788,#1250);
#630=LINE('',#9830,#1251);
#631=LINE('',#9832,#1252);
#632=LINE('',#9834,#1253);
#633=LINE('',#9836,#1254);
#634=LINE('',#9837,#1255);
#635=LINE('',#9840,#1256);
#636=LINE('',#9842,#1257);
#637=LINE('',#9844,#1258);
#638=LINE('',#9846,#1259);
#639=LINE('',#9847,#1260);
#640=LINE('',#9878,#1261);
#641=LINE('',#9879,#1262);
#642=LINE('',#9910,#1263);
#643=LINE('',#9912,#1264);
#644=LINE('',#9914,#1265);
#645=LINE('',#9916,#1266);
#646=LINE('',#9918,#1267);
#647=LINE('',#9923,#1268);
#648=LINE('',#9927,#1269);
#649=LINE('',#9932,#1270);
#650=LINE('',#9936,#1271);
#651=LINE('',#9952,#1272);
#652=LINE('',#9960,#1273);
#653=LINE('',#9984,#1274);
#654=LINE('',#10043,#1275);
#655=LINE('',#10045,#1276);
#656=LINE('',#10047,#1277);
#657=LINE('',#10049,#1278);
#658=LINE('',#10050,#1279);
#659=LINE('',#10052,#1280);
#660=LINE('',#10054,#1281);
#661=LINE('',#10055,#1282);
#662=LINE('',#10058,#1283);
#663=LINE('',#10059,#1284);
#664=LINE('',#10062,#1285);
#665=LINE('',#10063,#1286);
#666=LINE('',#10066,#1287);
#667=LINE('',#10067,#1288);
#668=LINE('',#10098,#1289);
#669=LINE('',#10129,#1290);
#670=LINE('',#10131,#1291);
#671=LINE('',#10136,#1292);
#672=LINE('',#10140,#1293);
#673=LINE('',#10145,#1294);
#674=LINE('',#10149,#1295);
#675=LINE('',#10165,#1296);
#676=LINE('',#10182,#1297);
#677=LINE('',#10202,#1298);
#678=LINE('',#10259,#1299);
#679=LINE('',#10261,#1300);
#680=LINE('',#10263,#1301);
#681=LINE('',#10265,#1302);
#682=LINE('',#10266,#1303);
#683=LINE('',#10269,#1304);
#684=LINE('',#10271,#1305);
#685=LINE('',#10273,#1306);
#686=LINE('',#10275,#1307);
#687=LINE('',#10276,#1308);
#688=LINE('',#10307,#1309);
#689=LINE('',#10308,#1310);
#690=LINE('',#10339,#1311);
#691=LINE('',#10341,#1312);
#692=LINE('',#10343,#1313);
#693=LINE('',#10345,#1314);
#694=LINE('',#10347,#1315);
#695=LINE('',#10354,#1316);
#696=LINE('',#10357,#1317);
#697=LINE('',#10376,#1318);
#698=LINE('',#10377,#1319);
#699=LINE('',#10396,#1320);
#700=LINE('',#10397,#1321);
#701=LINE('',#10416,#1322);
#702=LINE('',#10417,#1323);
#703=LINE('',#10431,#1324);
#704=LINE('',#10434,#1325);
#705=LINE('',#10437,#1326);
#706=LINE('',#10439,#1327);
#707=LINE('',#10443,#1328);
#708=LINE('',#10445,#1329);
#709=LINE('',#10446,#1330);
#710=LINE('',#10449,#1331);
#711=LINE('',#10454,#1332);
#712=LINE('',#10458,#1333);
#713=LINE('',#10459,#1334);
#714=LINE('',#10462,#1335);
#715=LINE('',#10466,#1336);
#716=LINE('',#10470,#1337);
#717=LINE('',#10474,#1338);
#718=LINE('',#10478,#1339);
#719=LINE('',#10482,#1340);
#720=LINE('',#10486,#1341);
#721=LINE('',#10490,#1342);
#722=LINE('',#10494,#1343);
#723=LINE('',#10498,#1344);
#724=LINE('',#10502,#1345);
#725=LINE('',#10506,#1346);
#726=LINE('',#10510,#1347);
#727=LINE('',#10514,#1348);
#728=LINE('',#10518,#1349);
#729=LINE('',#10522,#1350);
#730=LINE('',#10528,#1351);
#731=LINE('',#10532,#1352);
#732=LINE('',#10536,#1353);
#733=LINE('',#10540,#1354);
#734=LINE('',#10547,#1355);
#735=LINE('',#10549,#1356);
#736=LINE('',#10550,#1357);
#737=LINE('',#10553,#1358);
#738=LINE('',#10556,#1359);
#739=LINE('',#10559,#1360);
#740=LINE('',#10561,#1361);
#741=LINE('',#10563,#1362);
#742=LINE('',#10564,#1363);
#743=LINE('',#10566,#1364);
#744=LINE('',#10567,#1365);
#745=LINE('',#10578,#1366);
#746=LINE('',#10579,#1367);
#747=LINE('',#10581,#1368);
#748=LINE('',#10582,#1369);
#749=LINE('',#10601,#1370);
#750=LINE('',#10604,#1371);
#751=LINE('',#10608,#1372);
#752=LINE('',#10612,#1373);
#753=LINE('',#10619,#1374);
#754=LINE('',#10621,#1375);
#755=LINE('',#10624,#1376);
#756=LINE('',#10628,#1377);
#757=LINE('',#10630,#1378);
#758=LINE('',#10634,#1379);
#759=LINE('',#10638,#1380);
#760=LINE('',#10640,#1381);
#761=LINE('',#10643,#1382);
#762=LINE('',#10646,#1383);
#763=LINE('',#10648,#1384);
#764=LINE('',#10650,#1385);
#765=LINE('',#10651,#1386);
#766=LINE('',#10655,#1387);
#767=LINE('',#10659,#1388);
#768=LINE('',#10684,#1389);
#769=LINE('',#10687,#1390);
#770=LINE('',#10692,#1391);
#771=LINE('',#10694,#1392);
#772=LINE('',#10697,#1393);
#773=LINE('',#10699,#1394);
#774=LINE('',#10701,#1395);
#775=LINE('',#10702,#1396);
#776=LINE('',#10705,#1397);
#777=LINE('',#10709,#1398);
#778=LINE('',#10711,#1399);
#779=LINE('',#10715,#1400);
#780=LINE('',#10719,#1401);
#781=LINE('',#10721,#1402);
#782=LINE('',#10725,#1403);
#783=LINE('',#10727,#1404);
#784=LINE('',#10731,#1405);
#785=LINE('',#10732,#1406);
#786=LINE('',#10735,#1407);
#787=LINE('',#10739,#1408);
#788=LINE('',#10740,#1409);
#789=LINE('',#10743,#1410);
#790=LINE('',#10744,#1411);
#791=LINE('',#10747,#1412);
#792=LINE('',#10751,#1413);
#793=LINE('',#10752,#1414);
#794=LINE('',#10755,#1415);
#795=LINE('',#10757,#1416);
#796=LINE('',#10759,#1417);
#797=LINE('',#10761,#1418);
#798=LINE('',#10766,#1419);
#799=LINE('',#10770,#1420);
#800=LINE('',#10774,#1421);
#801=LINE('',#10778,#1422);
#802=LINE('',#10781,#1423);
#803=LINE('',#10785,#1424);
#804=LINE('',#10788,#1425);
#805=LINE('',#10789,#1426);
#806=LINE('',#10791,#1427);
#807=LINE('',#10795,#1428);
#808=LINE('',#10799,#1429);
#809=LINE('',#10803,#1430);
#810=LINE('',#10806,#1431);
#811=LINE('',#10808,#1432);
#812=LINE('',#10809,#1433);
#813=LINE('',#10810,#1434);
#814=LINE('',#10813,#1435);
#815=LINE('',#10814,#1436);
#816=LINE('',#10817,#1437);
#817=LINE('',#10821,#1438);
#818=LINE('',#10822,#1439);
#819=LINE('',#10825,#1440);
#820=LINE('',#10828,#1441);
#821=LINE('',#10832,#1442);
#822=LINE('',#10833,#1443);
#823=LINE('',#10836,#1444);
#824=LINE('',#10840,#1445);
#825=LINE('',#10841,#1446);
#826=LINE('',#10844,#1447);
#827=LINE('',#10848,#1448);
#828=LINE('',#10849,#1449);
#829=LINE('',#10852,#1450);
#830=LINE('',#10856,#1451);
#831=LINE('',#10857,#1452);
#832=LINE('',#10860,#1453);
#833=LINE('',#10863,#1454);
#834=LINE('',#10865,#1455);
#835=LINE('',#10869,#1456);
#836=LINE('',#10870,#1457);
#837=LINE('',#10871,#1458);
#838=LINE('',#10874,#1459);
#839=LINE('',#10878,#1460);
#840=LINE('',#10879,#1461);
#841=LINE('',#10882,#1462);
#842=LINE('',#10886,#1463);
#843=LINE('',#10887,#1464);
#844=LINE('',#10890,#1465);
#845=LINE('',#10894,#1466);
#846=LINE('',#10895,#1467);
#847=LINE('',#10901,#1468);
#848=LINE('',#10902,#1469);
#849=LINE('',#10903,#1470);
#850=LINE('',#10906,#1471);
#851=LINE('',#10910,#1472);
#852=LINE('',#10911,#1473);
#853=LINE('',#10914,#1474);
#854=LINE('',#10918,#1475);
#855=LINE('',#10919,#1476);
#856=LINE('',#10922,#1477);
#857=LINE('',#10926,#1478);
#858=LINE('',#10927,#1479);
#859=LINE('',#10933,#1480);
#860=LINE('',#10934,#1481);
#861=LINE('',#10935,#1482);
#862=LINE('',#10938,#1483);
#863=LINE('',#10942,#1484);
#864=LINE('',#10943,#1485);
#865=LINE('',#10946,#1486);
#866=LINE('',#10950,#1487);
#867=LINE('',#10951,#1488);
#868=LINE('',#10954,#1489);
#869=LINE('',#10958,#1490);
#870=LINE('',#10959,#1491);
#871=LINE('',#10965,#1492);
#872=LINE('',#10966,#1493);
#873=LINE('',#10967,#1494);
#874=LINE('',#10970,#1495);
#875=LINE('',#10974,#1496);
#876=LINE('',#10975,#1497);
#877=LINE('',#10978,#1498);
#878=LINE('',#10982,#1499);
#879=LINE('',#10983,#1500);
#880=LINE('',#10986,#1501);
#881=LINE('',#10990,#1502);
#882=LINE('',#10991,#1503);
#883=LINE('',#10995,#1504);
#884=LINE('',#10996,#1505);
#885=LINE('',#10998,#1506);
#886=LINE('',#11000,#1507);
#887=LINE('',#11002,#1508);
#888=LINE('',#11004,#1509);
#889=LINE('',#11006,#1510);
#890=LINE('',#11008,#1511);
#891=LINE('',#11012,#1512);
#892=LINE('',#11015,#1513);
#893=LINE('',#11018,#1514);
#894=LINE('',#11021,#1515);
#895=LINE('',#11024,#1516);
#896=LINE('',#11025,#1517);
#897=LINE('',#11029,#1518);
#898=LINE('',#11032,#1519);
#899=LINE('',#11033,#1520);
#900=LINE('',#11037,#1521);
#901=LINE('',#11038,#1522);
#902=LINE('',#11039,#1523);
#903=LINE('',#11045,#1524);
#904=LINE('',#11046,#1525);
#905=LINE('',#11050,#1526);
#906=LINE('',#11052,#1527);
#907=LINE('',#11054,#1528);
#908=VECTOR('',#6799,1.);
#909=VECTOR('',#6802,1.);
#910=VECTOR('',#6813,1.);
#911=VECTOR('',#6816,1.);
#912=VECTOR('',#6827,1.);
#913=VECTOR('',#6830,1.);
#914=VECTOR('',#6841,1.);
#915=VECTOR('',#6842,1.);
#916=VECTOR('',#6845,1.);
#917=VECTOR('',#6846,1.);
#918=VECTOR('',#6847,1.);
#919=VECTOR('',#6848,1.);
#920=VECTOR('',#6853,1.);
#921=VECTOR('',#6856,1.);
#922=VECTOR('',#6869,1.);
#923=VECTOR('',#6870,1.);
#924=VECTOR('',#6883,1.);
#925=VECTOR('',#6884,1.);
#926=VECTOR('',#6897,1.);
#927=VECTOR('',#6898,1.);
#928=VECTOR('',#6909,1.);
#929=VECTOR('',#6910,1.);
#930=VECTOR('',#6911,1.);
#931=VECTOR('',#6912,1.);
#932=VECTOR('',#6941,1.);
#933=VECTOR('',#6942,1.);
#934=VECTOR('',#6945,1.);
#935=VECTOR('',#6946,1.);
#936=VECTOR('',#6949,1.);
#937=VECTOR('',#6950,1.);
#938=VECTOR('',#6953,1.);
#939=VECTOR('',#6954,1.);
#940=VECTOR('',#6957,1.);
#941=VECTOR('',#6958,1.);
#942=VECTOR('',#6959,1.);
#943=VECTOR('',#6962,1.);
#944=VECTOR('',#6967,1.);
#945=VECTOR('',#6968,1.);
#946=VECTOR('',#6969,1.);
#947=VECTOR('',#6970,1.);
#948=VECTOR('',#6971,1.);
#949=VECTOR('',#6972,1.);
#950=VECTOR('',#6973,1.);
#951=VECTOR('',#6974,1.);
#952=VECTOR('',#6975,1.);
#953=VECTOR('',#6976,1.);
#954=VECTOR('',#6979,1.);
#955=VECTOR('',#6986,1.);
#956=VECTOR('',#6989,1.);
#957=VECTOR('',#6994,1.);
#958=VECTOR('',#6995,1.);
#959=VECTOR('',#6996,1.);
#960=VECTOR('',#6997,1.);
#961=VECTOR('',#7000,1.);
#962=VECTOR('',#7001,1.);
#963=VECTOR('',#7002,1.);
#964=VECTOR('',#7003,1.);
#965=VECTOR('',#7008,1.);
#966=VECTOR('',#7013,1.);
#967=VECTOR('',#7020,1.);
#968=VECTOR('',#7027,1.);
#969=VECTOR('',#7028,1.);
#970=VECTOR('',#7029,1.);
#971=VECTOR('',#7030,1.);
#972=VECTOR('',#7031,1.);
#973=VECTOR('',#7032,1.);
#974=VECTOR('',#7033,1.);
#975=VECTOR('',#7036,1.);
#976=VECTOR('',#7037,1.);
#977=VECTOR('',#7038,1.);
#978=VECTOR('',#7043,1.);
#979=VECTOR('',#7048,1.);
#980=VECTOR('',#7049,1.);
#981=VECTOR('',#7050,1.);
#982=VECTOR('',#7051,1.);
#983=VECTOR('',#7052,1.);
#984=VECTOR('',#7053,1.);
#985=VECTOR('',#7054,1.);
#986=VECTOR('',#7055,1.);
#987=VECTOR('',#7064,1.);
#988=VECTOR('',#7067,1.);
#989=VECTOR('',#7072,1.);
#990=VECTOR('',#7073,1.);
#991=VECTOR('',#7074,1.);
#992=VECTOR('',#7075,1.);
#993=VECTOR('',#7078,1.);
#994=VECTOR('',#7079,1.);
#995=VECTOR('',#7080,1.);
#996=VECTOR('',#7081,1.);
#997=VECTOR('',#7086,1.);
#998=VECTOR('',#7091,1.);
#999=VECTOR('',#7098,1.);
#1000=VECTOR('',#7105,1.);
#1001=VECTOR('',#7106,1.);
#1002=VECTOR('',#7107,1.);
#1003=VECTOR('',#7108,1.);
#1004=VECTOR('',#7109,1.);
#1005=VECTOR('',#7110,1.);
#1006=VECTOR('',#7111,1.);
#1007=VECTOR('',#7114,1.);
#1008=VECTOR('',#7115,1.);
#1009=VECTOR('',#7116,1.);
#1010=VECTOR('',#7121,1.);
#1011=VECTOR('',#7126,1.);
#1012=VECTOR('',#7127,1.);
#1013=VECTOR('',#7128,1.);
#1014=VECTOR('',#7129,1.);
#1015=VECTOR('',#7130,1.);
#1016=VECTOR('',#7131,1.);
#1017=VECTOR('',#7132,1.);
#1018=VECTOR('',#7133,1.);
#1019=VECTOR('',#7142,1.);
#1020=VECTOR('',#7143,1.);
#1021=VECTOR('',#7144,1.);
#1022=VECTOR('',#7145,1.);
#1023=VECTOR('',#7148,1.);
#1024=VECTOR('',#7149,1.);
#1025=VECTOR('',#7150,1.);
#1026=VECTOR('',#7151,1.);
#1027=VECTOR('',#7154,1.);
#1028=VECTOR('',#7161,1.);
#1029=VECTOR('',#7170,1.);
#1030=VECTOR('',#7175,1.);
#1031=VECTOR('',#7176,1.);
#1032=VECTOR('',#7177,1.);
#1033=VECTOR('',#7180,1.);
#1034=VECTOR('',#7181,1.);
#1035=VECTOR('',#7182,1.);
#1036=VECTOR('',#7185,1.);
#1037=VECTOR('',#7186,1.);
#1038=VECTOR('',#7187,1.);
#1039=VECTOR('',#7190,1.);
#1040=VECTOR('',#7197,1.);
#1041=VECTOR('',#7206,1.);
#1042=VECTOR('',#7211,1.);
#1043=VECTOR('',#7212,1.);
#1044=VECTOR('',#7215,1.);
#1045=VECTOR('',#7216,1.);
#1046=VECTOR('',#7217,1.);
#1047=VECTOR('',#7220,1.);
#1048=VECTOR('',#7227,1.);
#1049=VECTOR('',#7228,1.);
#1050=VECTOR('',#7229,1.);
#1051=VECTOR('',#7238,1.);
#1052=VECTOR('',#7239,1.);
#1053=VECTOR('',#7240,1.);
#1054=VECTOR('',#7241,1.);
#1055=VECTOR('',#7244,1.);
#1056=VECTOR('',#7245,1.);
#1057=VECTOR('',#7246,1.);
#1058=VECTOR('',#7247,1.);
#1059=VECTOR('',#7250,1.);
#1060=VECTOR('',#7257,1.);
#1061=VECTOR('',#7266,1.);
#1062=VECTOR('',#7271,1.);
#1063=VECTOR('',#7272,1.);
#1064=VECTOR('',#7273,1.);
#1065=VECTOR('',#7276,1.);
#1066=VECTOR('',#7277,1.);
#1067=VECTOR('',#7278,1.);
#1068=VECTOR('',#7281,1.);
#1069=VECTOR('',#7282,1.);
#1070=VECTOR('',#7283,1.);
#1071=VECTOR('',#7286,1.);
#1072=VECTOR('',#7293,1.);
#1073=VECTOR('',#7302,1.);
#1074=VECTOR('',#7307,1.);
#1075=VECTOR('',#7308,1.);
#1076=VECTOR('',#7311,1.);
#1077=VECTOR('',#7312,1.);
#1078=VECTOR('',#7313,1.);
#1079=VECTOR('',#7316,1.);
#1080=VECTOR('',#7323,1.);
#1081=VECTOR('',#7324,1.);
#1082=VECTOR('',#7325,1.);
#1083=VECTOR('',#7334,1.);
#1084=VECTOR('',#7335,1.);
#1085=VECTOR('',#7336,1.);
#1086=VECTOR('',#7339,1.);
#1087=VECTOR('',#7340,1.);
#1088=VECTOR('',#7341,1.);
#1089=VECTOR('',#7344,1.);
#1090=VECTOR('',#7345,1.);
#1091=VECTOR('',#7346,1.);
#1092=VECTOR('',#7349,1.);
#1093=VECTOR('',#7350,1.);
#1094=VECTOR('',#7351,1.);
#1095=VECTOR('',#7354,1.);
#1096=VECTOR('',#7355,1.);
#1097=VECTOR('',#7356,1.);
#1098=VECTOR('',#7359,1.);
#1099=VECTOR('',#7360,1.);
#1100=VECTOR('',#7361,1.);
#1101=VECTOR('',#7364,1.);
#1102=VECTOR('',#7365,1.);
#1103=VECTOR('',#7366,1.);
#1104=VECTOR('',#7369,1.);
#1105=VECTOR('',#7370,1.);
#1106=VECTOR('',#7371,1.);
#1107=VECTOR('',#7372,1.);
#1108=VECTOR('',#7375,1.);
#1109=VECTOR('',#7376,1.);
#1110=VECTOR('',#7377,1.);
#1111=VECTOR('',#7380,1.);
#1112=VECTOR('',#7381,1.);
#1113=VECTOR('',#7382,1.);
#1114=VECTOR('',#7383,1.);
#1115=VECTOR('',#7386,1.);
#1116=VECTOR('',#7387,1.);
#1117=VECTOR('',#7388,1.);
#1118=VECTOR('',#7389,1.);
#1119=VECTOR('',#7392,1.);
#1120=VECTOR('',#7395,1.);
#1121=VECTOR('',#7396,1.);
#1122=VECTOR('',#7397,1.);
#1123=VECTOR('',#7398,1.);
#1124=VECTOR('',#7401,1.);
#1125=VECTOR('',#7406,1.);
#1126=VECTOR('',#7409,1.);
#1127=VECTOR('',#7412,1.00000000000064);
#1128=VECTOR('',#7415,1.);
#1129=VECTOR('',#7418,1.00000000000064);
#1130=VECTOR('',#7421,1.);
#1131=VECTOR('',#7424,1.);
#1132=VECTOR('',#7429,1.);
#1133=VECTOR('',#7432,1.);
#1134=VECTOR('',#7435,1.);
#1135=VECTOR('',#7438,1.);
#1136=VECTOR('',#7441,1.);
#1137=VECTOR('',#7444,1.);
#1138=VECTOR('',#7445,1.);
#1139=VECTOR('',#7446,1.);
#1140=VECTOR('',#7449,1.);
#1141=VECTOR('',#7450,1.);
#1142=VECTOR('',#7451,1.);
#1143=VECTOR('',#7452,1.);
#1144=VECTOR('',#7453,1.);
#1145=VECTOR('',#7456,1.);
#1146=VECTOR('',#7457,1.);
#1147=VECTOR('',#7458,1.);
#1148=VECTOR('',#7459,1.);
#1149=VECTOR('',#7462,1.);
#1150=VECTOR('',#7465,1.);
#1151=VECTOR('',#7466,1.);
#1152=VECTOR('',#7469,1.);
#1153=VECTOR('',#7470,1.);
#1154=VECTOR('',#7473,1.);
#1155=VECTOR('',#7476,1.);
#1156=VECTOR('',#7477,1.);
#1157=VECTOR('',#7480,1.);
#1158=VECTOR('',#7481,1.);
#1159=VECTOR('',#7484,1.);
#1160=VECTOR('',#7487,1.);
#1161=VECTOR('',#7488,1.);
#1162=VECTOR('',#7491,1.);
#1163=VECTOR('',#7492,1.);
#1164=VECTOR('',#7495,1.);
#1165=VECTOR('',#7496,1.);
#1166=VECTOR('',#7499,1.);
#1167=VECTOR('',#7500,1.);
#1168=VECTOR('',#7505,1.);
#1169=VECTOR('',#7508,1.);
#1170=VECTOR('',#7513,1.);
#1171=VECTOR('',#7516,1.);
#1172=VECTOR('',#7521,1.);
#1173=VECTOR('',#7526,1.);
#1174=VECTOR('',#7527,1.);
#1175=VECTOR('',#7530,1.);
#1176=VECTOR('',#7535,1.);
#1177=VECTOR('',#7536,1.);
#1178=VECTOR('',#7539,1.);
#1179=VECTOR('',#7544,1.);
#1180=VECTOR('',#7545,1.00000000000064);
#1181=VECTOR('',#7548,1.);
#1182=VECTOR('',#7553,1.);
#1183=VECTOR('',#7554,1.);
#1184=VECTOR('',#7557,1.);
#1185=VECTOR('',#7562,1.);
#1186=VECTOR('',#7563,1.00000000000064);
#1187=VECTOR('',#7566,1.);
#1188=VECTOR('',#7571,1.);
#1189=VECTOR('',#7572,1.);
#1190=VECTOR('',#7575,1.);
#1191=VECTOR('',#7580,1.);
#1192=VECTOR('',#7581,1.);
#1193=VECTOR('',#7588,1.);
#1194=VECTOR('',#7593,1.);
#1195=VECTOR('',#7594,1.);
#1196=VECTOR('',#7597,1.);
#1197=VECTOR('',#7602,1.);
#1198=VECTOR('',#7603,1.);
#1199=VECTOR('',#7606,1.);
#1200=VECTOR('',#7611,1.);
#1201=VECTOR('',#7612,1.);
#1202=VECTOR('',#7615,1.);
#1203=VECTOR('',#7620,1.);
#1204=VECTOR('',#7621,1.);
#1205=VECTOR('',#7624,1.);
#1206=VECTOR('',#7629,1.);
#1207=VECTOR('',#7630,1.);
#1208=VECTOR('',#7637,1.);
#1209=VECTOR('',#7638,1.);
#1210=VECTOR('',#7639,1.);
#1211=VECTOR('',#7640,1.);
#1212=VECTOR('',#7643,1.);
#1213=VECTOR('',#7644,1.);
#1214=VECTOR('',#7645,1.);
#1215=VECTOR('',#7648,1.);
#1216=VECTOR('',#7649,1.);
#1217=VECTOR('',#7650,1.);
#1218=VECTOR('',#7653,1.);
#1219=VECTOR('',#7654,1.);
#1220=VECTOR('',#7661,1.);
#1221=VECTOR('',#7664,1.);
#1222=VECTOR('',#7669,1.);
#1223=VECTOR('',#7672,1.);
#1224=VECTOR('',#7675,1.);
#1225=VECTOR('',#7676,1.);
#1226=VECTOR('',#7677,1.);
#1227=VECTOR('',#7684,1.);
#1228=VECTOR('',#7685,1.);
#1229=VECTOR('',#7686,1.);
#1230=VECTOR('',#7687,1.);
#1231=VECTOR('',#7688,1.);
#1232=VECTOR('',#7691,1.);
#1233=VECTOR('',#7692,1.);
#1234=VECTOR('',#7693,1.);
#1235=VECTOR('',#7696,1.);
#1236=VECTOR('',#7697,1.);
#1237=VECTOR('',#7700,1.);
#1238=VECTOR('',#7701,1.);
#1239=VECTOR('',#7704,1.);
#1240=VECTOR('',#7705,1.);
#1241=VECTOR('',#7706,1.);
#1242=VECTOR('',#7707,1.);
#1243=VECTOR('',#7710,1.);
#1244=VECTOR('',#7715,1.);
#1245=VECTOR('',#7718,1.);
#1246=VECTOR('',#7723,1.);
#1247=VECTOR('',#7726,1.);
#1248=VECTOR('',#7729,1.);
#1249=VECTOR('',#7730,1.);
#1250=VECTOR('',#7731,1.);
#1251=VECTOR('',#7738,1.);
#1252=VECTOR('',#7739,1.);
#1253=VECTOR('',#7740,1.);
#1254=VECTOR('',#7741,1.);
#1255=VECTOR('',#7742,1.);
#1256=VECTOR('',#7745,1.);
#1257=VECTOR('',#7746,1.);
#1258=VECTOR('',#7747,1.);
#1259=VECTOR('',#7748,1.);
#1260=VECTOR('',#7749,1.);
#1261=VECTOR('',#7750,1.);
#1262=VECTOR('',#7751,1.);
#1263=VECTOR('',#7752,1.);
#1264=VECTOR('',#7755,1.);
#1265=VECTOR('',#7758,1.);
#1266=VECTOR('',#7761,1.);
#1267=VECTOR('',#7764,1.);
#1268=VECTOR('',#7769,1.);
#1269=VECTOR('',#7772,1.);
#1270=VECTOR('',#7777,1.);
#1271=VECTOR('',#7780,1.);
#1272=VECTOR('',#7783,1.);
#1273=VECTOR('',#7784,1.);
#1274=VECTOR('',#7785,1.);
#1275=VECTOR('',#7792,1.);
#1276=VECTOR('',#7793,1.);
#1277=VECTOR('',#7794,1.);
#1278=VECTOR('',#7795,1.);
#1279=VECTOR('',#7796,1.);
#1280=VECTOR('',#7799,1.);
#1281=VECTOR('',#7800,1.);
#1282=VECTOR('',#7801,1.);
#1283=VECTOR('',#7804,1.);
#1284=VECTOR('',#7805,1.);
#1285=VECTOR('',#7808,1.);
#1286=VECTOR('',#7809,1.);
#1287=VECTOR('',#7812,1.);
#1288=VECTOR('',#7813,1.);
#1289=VECTOR('',#7814,1.);
#1290=VECTOR('',#7815,1.);
#1291=VECTOR('',#7818,1.);
#1292=VECTOR('',#7823,1.);
#1293=VECTOR('',#7826,1.);
#1294=VECTOR('',#7831,1.);
#1295=VECTOR('',#7834,1.);
#1296=VECTOR('',#7837,1.);
#1297=VECTOR('',#7838,1.);
#1298=VECTOR('',#7839,1.);
#1299=VECTOR('',#7846,1.);
#1300=VECTOR('',#7847,1.);
#1301=VECTOR('',#7848,1.);
#1302=VECTOR('',#7849,1.);
#1303=VECTOR('',#7850,1.);
#1304=VECTOR('',#7853,1.);
#1305=VECTOR('',#7854,1.);
#1306=VECTOR('',#7855,1.);
#1307=VECTOR('',#7856,1.);
#1308=VECTOR('',#7857,1.);
#1309=VECTOR('',#7858,1.);
#1310=VECTOR('',#7859,1.);
#1311=VECTOR('',#7860,1.);
#1312=VECTOR('',#7863,1.);
#1313=VECTOR('',#7866,1.);
#1314=VECTOR('',#7869,1.);
#1315=VECTOR('',#7872,1.);
#1316=VECTOR('',#7879,1.);
#1317=VECTOR('',#7882,1.);
#1318=VECTOR('',#7893,1.);
#1319=VECTOR('',#7894,1.);
#1320=VECTOR('',#7905,1.);
#1321=VECTOR('',#7906,1.);
#1322=VECTOR('',#7917,1.);
#1323=VECTOR('',#7918,1.);
#1324=VECTOR('',#7925,1.);
#1325=VECTOR('',#7928,1.);
#1326=VECTOR('',#7931,1.);
#1327=VECTOR('',#7932,1.);
#1328=VECTOR('',#7935,1.);
#1329=VECTOR('',#7936,1.);
#1330=VECTOR('',#7937,1.);
#1331=VECTOR('',#7940,1.);
#1332=VECTOR('',#7945,1.);
#1333=VECTOR('',#7950,1.);
#1334=VECTOR('',#7951,1.);
#1335=VECTOR('',#7952,1.);
#1336=VECTOR('',#7955,1.);
#1337=VECTOR('',#7958,1.);
#1338=VECTOR('',#7961,1.);
#1339=VECTOR('',#7964,1.);
#1340=VECTOR('',#7967,1.);
#1341=VECTOR('',#7970,1.);
#1342=VECTOR('',#7973,1.);
#1343=VECTOR('',#7976,1.);
#1344=VECTOR('',#7979,1.);
#1345=VECTOR('',#7982,1.);
#1346=VECTOR('',#7985,1.);
#1347=VECTOR('',#7988,1.);
#1348=VECTOR('',#7991,1.);
#1349=VECTOR('',#7994,1.);
#1350=VECTOR('',#7997,1.);
#1351=VECTOR('',#8004,1.);
#1352=VECTOR('',#8007,1.);
#1353=VECTOR('',#8010,1.);
#1354=VECTOR('',#8013,1.);
#1355=VECTOR('',#8020,1.);
#1356=VECTOR('',#8021,1.);
#1357=VECTOR('',#8022,1.);
#1358=VECTOR('',#8025,1.);
#1359=VECTOR('',#8028,1.);
#1360=VECTOR('',#8031,1.);
#1361=VECTOR('',#8032,1.);
#1362=VECTOR('',#8033,1.);
#1363=VECTOR('',#8034,1.);
#1364=VECTOR('',#8035,1.);
#1365=VECTOR('',#8036,1.);
#1366=VECTOR('',#8053,1.);
#1367=VECTOR('',#8054,1.);
#1368=VECTOR('',#8057,1.);
#1369=VECTOR('',#8058,1.);
#1370=VECTOR('',#8067,1.);
#1371=VECTOR('',#8070,1.);
#1372=VECTOR('',#8073,1.);
#1373=VECTOR('',#8076,1.);
#1374=VECTOR('',#8083,1.);
#1375=VECTOR('',#8086,1.);
#1376=VECTOR('',#8089,1.);
#1377=VECTOR('',#8092,1.);
#1378=VECTOR('',#8093,1.);
#1379=VECTOR('',#8096,1.);
#1380=VECTOR('',#8099,1.);
#1381=VECTOR('',#8100,1.);
#1382=VECTOR('',#8103,1.);
#1383=VECTOR('',#8106,1.);
#1384=VECTOR('',#8107,1.);
#1385=VECTOR('',#8108,1.);
#1386=VECTOR('',#8109,1.);
#1387=VECTOR('',#8112,1.);
#1388=VECTOR('',#8115,1.);
#1389=VECTOR('',#8122,1.);
#1390=VECTOR('',#8125,1.);
#1391=VECTOR('',#8130,1.);
#1392=VECTOR('',#8133,1.);
#1393=VECTOR('',#8136,1.);
#1394=VECTOR('',#8137,1.);
#1395=VECTOR('',#8138,1.);
#1396=VECTOR('',#8139,1.);
#1397=VECTOR('',#8142,1.);
#1398=VECTOR('',#8145,1.);
#1399=VECTOR('',#8146,1.);
#1400=VECTOR('',#8149,1.);
#1401=VECTOR('',#8152,1.);
#1402=VECTOR('',#8153,1.);
#1403=VECTOR('',#8158,1.);
#1404=VECTOR('',#8159,1.);
#1405=VECTOR('',#8164,1.);
#1406=VECTOR('',#8165,1.);
#1407=VECTOR('',#8168,1.);
#1408=VECTOR('',#8173,1.);
#1409=VECTOR('',#8174,1.);
#1410=VECTOR('',#8177,1.);
#1411=VECTOR('',#8178,1.);
#1412=VECTOR('',#8181,1.);
#1413=VECTOR('',#8184,1.);
#1414=VECTOR('',#8185,1.);
#1415=VECTOR('',#8188,1.);
#1416=VECTOR('',#8191,1.);
#1417=VECTOR('',#8194,1.);
#1418=VECTOR('',#8197,1.);
#1419=VECTOR('',#8202,1.);
#1420=VECTOR('',#8205,1.);
#1421=VECTOR('',#8208,1.);
#1422=VECTOR('',#8211,1.);
#1423=VECTOR('',#8214,1.);
#1424=VECTOR('',#8217,1.);
#1425=VECTOR('',#8220,1.);
#1426=VECTOR('',#8221,1.);
#1427=VECTOR('',#8222,1.);
#1428=VECTOR('',#8225,1.00000000000064);
#1429=VECTOR('',#8228,1.);
#1430=VECTOR('',#8231,1.00000000000064);
#1431=VECTOR('',#8234,1.);
#1432=VECTOR('',#8235,1.);
#1433=VECTOR('',#8236,1.);
#1434=VECTOR('',#8237,1.);
#1435=VECTOR('',#8240,1.);
#1436=VECTOR('',#8241,1.);
#1437=VECTOR('',#8244,1.);
#1438=VECTOR('',#8249,1.);
#1439=VECTOR('',#8250,1.);
#1440=VECTOR('',#8253,1.);
#1441=VECTOR('',#8258,1.);
#1442=VECTOR('',#8263,1.);
#1443=VECTOR('',#8264,1.);
#1444=VECTOR('',#8267,1.);
#1445=VECTOR('',#8272,1.00000000000064);
#1446=VECTOR('',#8273,1.);
#1447=VECTOR('',#8276,1.);
#1448=VECTOR('',#8281,1.);
#1449=VECTOR('',#8282,1.);
#1450=VECTOR('',#8285,1.);
#1451=VECTOR('',#8290,1.00000000000064);
#1452=VECTOR('',#8291,1.);
#1453=VECTOR('',#8294,1.);
#1454=VECTOR('',#8299,1.);
#1455=VECTOR('',#8302,1.);
#1456=VECTOR('',#8305,1.);
#1457=VECTOR('',#8306,1.);
#1458=VECTOR('',#8307,1.);
#1459=VECTOR('',#8310,1.);
#1460=VECTOR('',#8315,1.);
#1461=VECTOR('',#8316,1.);
#1462=VECTOR('',#8319,1.);
#1463=VECTOR('',#8324,1.);
#1464=VECTOR('',#8325,1.);
#1465=VECTOR('',#8328,1.);
#1466=VECTOR('',#8333,1.);
#1467=VECTOR('',#8334,1.);
#1468=VECTOR('',#8341,1.);
#1469=VECTOR('',#8342,1.);
#1470=VECTOR('',#8343,1.);
#1471=VECTOR('',#8346,1.);
#1472=VECTOR('',#8351,1.);
#1473=VECTOR('',#8352,1.);
#1474=VECTOR('',#8355,1.);
#1475=VECTOR('',#8360,1.);
#1476=VECTOR('',#8361,1.);
#1477=VECTOR('',#8364,1.);
#1478=VECTOR('',#8369,1.);
#1479=VECTOR('',#8370,1.);
#1480=VECTOR('',#8377,1.);
#1481=VECTOR('',#8378,1.);
#1482=VECTOR('',#8379,1.);
#1483=VECTOR('',#8382,1.);
#1484=VECTOR('',#8387,1.);
#1485=VECTOR('',#8388,1.);
#1486=VECTOR('',#8391,1.);
#1487=VECTOR('',#8396,1.);
#1488=VECTOR('',#8397,1.);
#1489=VECTOR('',#8400,1.);
#1490=VECTOR('',#8405,1.);
#1491=VECTOR('',#8406,1.);
#1492=VECTOR('',#8413,1.);
#1493=VECTOR('',#8414,1.);
#1494=VECTOR('',#8415,1.);
#1495=VECTOR('',#8418,1.);
#1496=VECTOR('',#8423,1.);
#1497=VECTOR('',#8424,1.);
#1498=VECTOR('',#8427,1.);
#1499=VECTOR('',#8432,1.);
#1500=VECTOR('',#8433,1.);
#1501=VECTOR('',#8436,1.);
#1502=VECTOR('',#8441,1.);
#1503=VECTOR('',#8442,1.);
#1504=VECTOR('',#8449,1.);
#1505=VECTOR('',#8450,1.);
#1506=VECTOR('',#8453,1.);
#1507=VECTOR('',#8456,1.);
#1508=VECTOR('',#8459,1.);
#1509=VECTOR('',#8462,1.);
#1510=VECTOR('',#8465,1.);
#1511=VECTOR('',#8468,1.);
#1512=VECTOR('',#8473,1.);
#1513=VECTOR('',#8478,1.);
#1514=VECTOR('',#8481,1.);
#1515=VECTOR('',#8484,1.);
#1516=VECTOR('',#8487,1.);
#1517=VECTOR('',#8488,1.);
#1518=VECTOR('',#8493,1.);
#1519=VECTOR('',#8496,1.);
#1520=VECTOR('',#8497,1.);
#1521=VECTOR('',#8500,1.);
#1522=VECTOR('',#8501,1.);
#1523=VECTOR('',#8502,1.);
#1524=VECTOR('',#8511,1.);
#1525=VECTOR('',#8512,1.);
#1526=VECTOR('',#8517,1.);
#1527=VECTOR('',#8520,1.);
#1528=VECTOR('',#8523,1.);
#1529=CYLINDRICAL_SURFACE('',#6231,0.5);
#1530=CYLINDRICAL_SURFACE('',#6237,0.5);
#1531=CYLINDRICAL_SURFACE('',#6243,0.5);
#1532=CYLINDRICAL_SURFACE('',#6249,0.5);
#1533=CYLINDRICAL_SURFACE('',#6252,0.5);
#1534=CYLINDRICAL_SURFACE('',#6259,0.5);
#1535=CYLINDRICAL_SURFACE('',#6265,0.5);
#1536=CYLINDRICAL_SURFACE('',#6271,0.5);
#1537=CYLINDRICAL_SURFACE('',#6290,0.25);
#1538=CYLINDRICAL_SURFACE('',#6291,0.25);
#1539=CYLINDRICAL_SURFACE('',#6292,0.25);
#1540=CYLINDRICAL_SURFACE('',#6293,0.25);
#1541=CYLINDRICAL_SURFACE('',#6295,0.05);
#1542=CYLINDRICAL_SURFACE('',#6298,0.05);
#1543=CYLINDRICAL_SURFACE('',#6301,0.05);
#1544=CYLINDRICAL_SURFACE('',#6306,0.05);
#1545=CYLINDRICAL_SURFACE('',#6309,0.05);
#1546=CYLINDRICAL_SURFACE('',#6312,0.05);
#1547=CYLINDRICAL_SURFACE('',#6317,0.05);
#1548=CYLINDRICAL_SURFACE('',#6321,0.05);
#1549=CYLINDRICAL_SURFACE('',#6324,0.05);
#1550=CYLINDRICAL_SURFACE('',#6329,0.05);
#1551=CYLINDRICAL_SURFACE('',#6332,0.05);
#1552=CYLINDRICAL_SURFACE('',#6335,0.05);
#1553=CYLINDRICAL_SURFACE('',#6340,0.05);
#1554=CYLINDRICAL_SURFACE('',#6344,0.05);
#1555=CYLINDRICAL_SURFACE('',#6349,0.05);
#1556=CYLINDRICAL_SURFACE('',#6352,0.05);
#1557=CYLINDRICAL_SURFACE('',#6355,0.05);
#1558=CYLINDRICAL_SURFACE('',#6361,0.05);
#1559=CYLINDRICAL_SURFACE('',#6364,0.05);
#1560=CYLINDRICAL_SURFACE('',#6367,0.05);
#1561=CYLINDRICAL_SURFACE('',#6372,0.05);
#1562=CYLINDRICAL_SURFACE('',#6376,0.05);
#1563=CYLINDRICAL_SURFACE('',#6381,0.05);
#1564=CYLINDRICAL_SURFACE('',#6384,0.05);
#1565=CYLINDRICAL_SURFACE('',#6387,0.05);
#1566=CYLINDRICAL_SURFACE('',#6393,0.05);
#1567=CYLINDRICAL_SURFACE('',#6396,0.05);
#1568=CYLINDRICAL_SURFACE('',#6399,0.05);
#1569=CYLINDRICAL_SURFACE('',#6404,0.05);
#1570=CYLINDRICAL_SURFACE('',#6408,0.05);
#1571=CYLINDRICAL_SURFACE('',#6457,0.05);
#1572=CYLINDRICAL_SURFACE('',#6459,0.05);
#1573=CYLINDRICAL_SURFACE('',#6460,0.05);
#1574=CYLINDRICAL_SURFACE('',#6463,0.05);
#1575=CYLINDRICAL_SURFACE('',#6466,0.25);
#1576=CYLINDRICAL_SURFACE('',#6469,0.25);
#1577=CYLINDRICAL_SURFACE('',#6472,0.25);
#1578=CYLINDRICAL_SURFACE('',#6475,0.25);
#1579=CYLINDRICAL_SURFACE('',#6478,0.05);
#1580=CYLINDRICAL_SURFACE('',#6481,0.05);
#1581=CYLINDRICAL_SURFACE('',#6483,0.05);
#1582=CYLINDRICAL_SURFACE('',#6486,0.05);
#1583=CYLINDRICAL_SURFACE('',#6489,0.25);
#1584=CYLINDRICAL_SURFACE('',#6492,0.25);
#1585=CYLINDRICAL_SURFACE('',#6495,0.05);
#1586=CYLINDRICAL_SURFACE('',#6498,0.05);
#1587=CYLINDRICAL_SURFACE('',#6506,0.225);
#1588=CYLINDRICAL_SURFACE('',#6509,0.225);
#1589=CYLINDRICAL_SURFACE('',#6521,0.35);
#1590=CYLINDRICAL_SURFACE('',#6524,0.35);
#1591=CYLINDRICAL_SURFACE('',#6536,0.225);
#1592=CYLINDRICAL_SURFACE('',#6539,0.225);
#1593=CYLINDRICAL_SURFACE('',#6551,0.35);
#1594=CYLINDRICAL_SURFACE('',#6554,0.35);
#1595=CYLINDRICAL_SURFACE('',#6566,0.2);
#1596=CYLINDRICAL_SURFACE('',#6572,0.2);
#1597=CYLINDRICAL_SURFACE('',#6577,0.2);
#1598=CYLINDRICAL_SURFACE('',#6582,0.2);
#1599=CYLINDRICAL_SURFACE('',#6586,0.25);
#1600=CYLINDRICAL_SURFACE('',#6590,0.25);
#1601=CYLINDRICAL_SURFACE('',#6619,1.);
#1602=CYLINDRICAL_SURFACE('',#6626,0.25);
#1603=CYLINDRICAL_SURFACE('',#6630,1.);
#1604=CYLINDRICAL_SURFACE('',#6633,0.45);
#1605=CYLINDRICAL_SURFACE('',#6636,0.45);
#1606=CYLINDRICAL_SURFACE('',#6639,0.15);
#1607=CYLINDRICAL_SURFACE('',#6648,0.45);
#1608=CYLINDRICAL_SURFACE('',#6651,0.45);
#1609=CYLINDRICAL_SURFACE('',#6654,0.15);
#1610=CYLINDRICAL_SURFACE('',#6663,0.1);
#1611=CYLINDRICAL_SURFACE('',#6666,0.1);
#1612=CYLINDRICAL_SURFACE('',#6675,0.8);
#1613=CYLINDRICAL_SURFACE('',#6676,0.8);
#1614=CYLINDRICAL_SURFACE('',#6689,0.501529003794);
#1615=CYLINDRICAL_SURFACE('',#6692,0.501529003794);
#1616=CYLINDRICAL_SURFACE('',#6697,0.501529003794);
#1617=CYLINDRICAL_SURFACE('',#6700,0.501529003794);
#1618=CYLINDRICAL_SURFACE('',#6703,0.501529003794);
#1619=CYLINDRICAL_SURFACE('',#6706,0.501529003794);
#1620=CYLINDRICAL_SURFACE('',#6711,0.05);
#1621=CYLINDRICAL_SURFACE('',#6714,0.05);
#1622=CYLINDRICAL_SURFACE('',#6717,0.05);
#1623=CYLINDRICAL_SURFACE('',#6720,0.05);
#1624=CYLINDRICAL_SURFACE('',#6723,0.05);
#1625=CYLINDRICAL_SURFACE('',#6726,0.05);
#1626=CYLINDRICAL_SURFACE('',#6729,0.05);
#1627=CYLINDRICAL_SURFACE('',#6732,0.05);
#1628=CYLINDRICAL_SURFACE('',#6735,0.05);
#1629=CYLINDRICAL_SURFACE('',#6738,0.05);
#1630=CYLINDRICAL_SURFACE('',#6741,0.05);
#1631=CYLINDRICAL_SURFACE('',#6744,0.05);
#1632=CYLINDRICAL_SURFACE('',#6747,0.05);
#1633=CYLINDRICAL_SURFACE('',#6750,0.05);
#1634=CYLINDRICAL_SURFACE('',#6753,0.05);
#1635=CYLINDRICAL_SURFACE('',#6756,0.05);
#1636=CYLINDRICAL_SURFACE('',#6759,0.05);
#1637=CYLINDRICAL_SURFACE('',#6761,0.05);
#1638=CYLINDRICAL_SURFACE('',#6763,0.05);
#1639=CYLINDRICAL_SURFACE('',#6765,0.05);
#1640=CYLINDRICAL_SURFACE('',#6766,0.25);
#1641=CYLINDRICAL_SURFACE('',#6769,0.1);
#1642=CYLINDRICAL_SURFACE('',#6772,0.1);
#1643=CYLINDRICAL_SURFACE('',#6776,0.8);
#1644=CYLINDRICAL_SURFACE('',#6780,0.8);
#1645=FACE_OUTER_BOUND('',#1972,.T.);
#1646=FACE_OUTER_BOUND('',#1973,.T.);
#1647=FACE_OUTER_BOUND('',#1974,.T.);
#1648=FACE_OUTER_BOUND('',#1975,.T.);
#1649=FACE_OUTER_BOUND('',#1976,.T.);
#1650=FACE_OUTER_BOUND('',#1977,.T.);
#1651=FACE_OUTER_BOUND('',#1978,.T.);
#1652=FACE_OUTER_BOUND('',#1979,.T.);
#1653=FACE_OUTER_BOUND('',#1980,.T.);
#1654=FACE_OUTER_BOUND('',#1982,.T.);
#1655=FACE_OUTER_BOUND('',#1983,.T.);
#1656=FACE_OUTER_BOUND('',#1984,.T.);
#1657=FACE_OUTER_BOUND('',#1985,.T.);
#1658=FACE_OUTER_BOUND('',#1986,.T.);
#1659=FACE_OUTER_BOUND('',#1987,.T.);
#1660=FACE_OUTER_BOUND('',#1988,.T.);
#1661=FACE_OUTER_BOUND('',#1989,.T.);
#1662=FACE_OUTER_BOUND('',#1990,.T.);
#1663=FACE_OUTER_BOUND('',#1991,.T.);
#1664=FACE_OUTER_BOUND('',#1993,.T.);
#1665=FACE_OUTER_BOUND('',#1994,.T.);
#1666=FACE_OUTER_BOUND('',#1995,.T.);
#1667=FACE_OUTER_BOUND('',#1996,.T.);
#1668=FACE_OUTER_BOUND('',#1997,.T.);
#1669=FACE_OUTER_BOUND('',#1998,.T.);
#1670=FACE_OUTER_BOUND('',#1999,.T.);
#1671=FACE_OUTER_BOUND('',#2000,.T.);
#1672=FACE_OUTER_BOUND('',#2001,.T.);
#1673=FACE_OUTER_BOUND('',#2002,.T.);
#1674=FACE_OUTER_BOUND('',#2003,.T.);
#1675=FACE_OUTER_BOUND('',#2004,.T.);
#1676=FACE_OUTER_BOUND('',#2005,.T.);
#1677=FACE_OUTER_BOUND('',#2006,.T.);
#1678=FACE_OUTER_BOUND('',#2007,.T.);
#1679=FACE_OUTER_BOUND('',#2008,.T.);
#1680=FACE_OUTER_BOUND('',#2009,.T.);
#1681=FACE_OUTER_BOUND('',#2010,.T.);
#1682=FACE_OUTER_BOUND('',#2011,.T.);
#1683=FACE_OUTER_BOUND('',#2012,.T.);
#1684=FACE_OUTER_BOUND('',#2013,.T.);
#1685=FACE_OUTER_BOUND('',#2014,.T.);
#1686=FACE_OUTER_BOUND('',#2015,.T.);
#1687=FACE_OUTER_BOUND('',#2016,.T.);
#1688=FACE_OUTER_BOUND('',#2017,.T.);
#1689=FACE_OUTER_BOUND('',#2018,.T.);
#1690=FACE_OUTER_BOUND('',#2019,.T.);
#1691=FACE_OUTER_BOUND('',#2020,.T.);
#1692=FACE_OUTER_BOUND('',#2021,.T.);
#1693=FACE_OUTER_BOUND('',#2022,.T.);
#1694=FACE_OUTER_BOUND('',#2023,.T.);
#1695=FACE_OUTER_BOUND('',#2024,.T.);
#1696=FACE_OUTER_BOUND('',#2025,.T.);
#1697=FACE_OUTER_BOUND('',#2026,.T.);
#1698=FACE_OUTER_BOUND('',#2027,.T.);
#1699=FACE_OUTER_BOUND('',#2028,.T.);
#1700=FACE_OUTER_BOUND('',#2029,.T.);
#1701=FACE_OUTER_BOUND('',#2030,.T.);
#1702=FACE_OUTER_BOUND('',#2031,.T.);
#1703=FACE_OUTER_BOUND('',#2032,.T.);
#1704=FACE_OUTER_BOUND('',#2033,.T.);
#1705=FACE_OUTER_BOUND('',#2034,.T.);
#1706=FACE_OUTER_BOUND('',#2035,.T.);
#1707=FACE_OUTER_BOUND('',#2036,.T.);
#1708=FACE_OUTER_BOUND('',#2037,.T.);
#1709=FACE_OUTER_BOUND('',#2038,.T.);
#1710=FACE_OUTER_BOUND('',#2039,.T.);
#1711=FACE_OUTER_BOUND('',#2040,.T.);
#1712=FACE_OUTER_BOUND('',#2041,.T.);
#1713=FACE_OUTER_BOUND('',#2042,.T.);
#1714=FACE_OUTER_BOUND('',#2043,.T.);
#1715=FACE_OUTER_BOUND('',#2044,.T.);
#1716=FACE_OUTER_BOUND('',#2045,.T.);
#1717=FACE_OUTER_BOUND('',#2046,.T.);
#1718=FACE_OUTER_BOUND('',#2047,.T.);
#1719=FACE_OUTER_BOUND('',#2048,.T.);
#1720=FACE_OUTER_BOUND('',#2049,.T.);
#1721=FACE_OUTER_BOUND('',#2050,.T.);
#1722=FACE_OUTER_BOUND('',#2051,.T.);
#1723=FACE_OUTER_BOUND('',#2052,.T.);
#1724=FACE_OUTER_BOUND('',#2053,.T.);
#1725=FACE_OUTER_BOUND('',#2054,.T.);
#1726=FACE_OUTER_BOUND('',#2055,.T.);
#1727=FACE_OUTER_BOUND('',#2056,.T.);
#1728=FACE_OUTER_BOUND('',#2057,.T.);
#1729=FACE_OUTER_BOUND('',#2058,.T.);
#1730=FACE_OUTER_BOUND('',#2059,.T.);
#1731=FACE_OUTER_BOUND('',#2060,.T.);
#1732=FACE_OUTER_BOUND('',#2061,.T.);
#1733=FACE_OUTER_BOUND('',#2062,.T.);
#1734=FACE_OUTER_BOUND('',#2063,.T.);
#1735=FACE_OUTER_BOUND('',#2064,.T.);
#1736=FACE_OUTER_BOUND('',#2065,.T.);
#1737=FACE_OUTER_BOUND('',#2066,.T.);
#1738=FACE_OUTER_BOUND('',#2067,.T.);
#1739=FACE_OUTER_BOUND('',#2068,.T.);
#1740=FACE_OUTER_BOUND('',#2070,.T.);
#1741=FACE_OUTER_BOUND('',#2071,.T.);
#1742=FACE_OUTER_BOUND('',#2073,.T.);
#1743=FACE_OUTER_BOUND('',#2075,.T.);
#1744=FACE_OUTER_BOUND('',#2076,.T.);
#1745=FACE_OUTER_BOUND('',#2078,.T.);
#1746=FACE_OUTER_BOUND('',#2079,.T.);
#1747=FACE_OUTER_BOUND('',#2081,.T.);
#1748=FACE_OUTER_BOUND('',#2082,.T.);
#1749=FACE_OUTER_BOUND('',#2083,.T.);
#1750=FACE_OUTER_BOUND('',#2085,.T.);
#1751=FACE_OUTER_BOUND('',#2086,.T.);
#1752=FACE_OUTER_BOUND('',#2087,.T.);
#1753=FACE_OUTER_BOUND('',#2089,.T.);
#1754=FACE_OUTER_BOUND('',#2090,.T.);
#1755=FACE_OUTER_BOUND('',#2091,.T.);
#1756=FACE_OUTER_BOUND('',#2092,.T.);
#1757=FACE_OUTER_BOUND('',#2093,.T.);
#1758=FACE_OUTER_BOUND('',#2094,.T.);
#1759=FACE_OUTER_BOUND('',#2095,.T.);
#1760=FACE_OUTER_BOUND('',#2096,.T.);
#1761=FACE_OUTER_BOUND('',#2097,.T.);
#1762=FACE_OUTER_BOUND('',#2098,.T.);
#1763=FACE_OUTER_BOUND('',#2099,.T.);
#1764=FACE_OUTER_BOUND('',#2100,.T.);
#1765=FACE_OUTER_BOUND('',#2101,.T.);
#1766=FACE_OUTER_BOUND('',#2102,.T.);
#1767=FACE_OUTER_BOUND('',#2103,.T.);
#1768=FACE_OUTER_BOUND('',#2104,.T.);
#1769=FACE_OUTER_BOUND('',#2105,.T.);
#1770=FACE_OUTER_BOUND('',#2106,.T.);
#1771=FACE_OUTER_BOUND('',#2107,.T.);
#1772=FACE_OUTER_BOUND('',#2108,.T.);
#1773=FACE_OUTER_BOUND('',#2109,.T.);
#1774=FACE_OUTER_BOUND('',#2110,.T.);
#1775=FACE_OUTER_BOUND('',#2111,.T.);
#1776=FACE_OUTER_BOUND('',#2112,.T.);
#1777=FACE_OUTER_BOUND('',#2113,.T.);
#1778=FACE_OUTER_BOUND('',#2114,.T.);
#1779=FACE_OUTER_BOUND('',#2115,.T.);
#1780=FACE_OUTER_BOUND('',#2116,.T.);
#1781=FACE_OUTER_BOUND('',#2117,.T.);
#1782=FACE_OUTER_BOUND('',#2118,.T.);
#1783=FACE_OUTER_BOUND('',#2119,.T.);
#1784=FACE_OUTER_BOUND('',#2120,.T.);
#1785=FACE_OUTER_BOUND('',#2121,.T.);
#1786=FACE_OUTER_BOUND('',#2122,.T.);
#1787=FACE_OUTER_BOUND('',#2123,.T.);
#1788=FACE_OUTER_BOUND('',#2124,.T.);
#1789=FACE_OUTER_BOUND('',#2125,.T.);
#1790=FACE_OUTER_BOUND('',#2126,.T.);
#1791=FACE_OUTER_BOUND('',#2127,.T.);
#1792=FACE_OUTER_BOUND('',#2128,.T.);
#1793=FACE_OUTER_BOUND('',#2133,.T.);
#1794=FACE_OUTER_BOUND('',#2134,.T.);
#1795=FACE_OUTER_BOUND('',#2135,.T.);
#1796=FACE_OUTER_BOUND('',#2137,.T.);
#1797=FACE_OUTER_BOUND('',#2138,.T.);
#1798=FACE_OUTER_BOUND('',#2139,.T.);
#1799=FACE_OUTER_BOUND('',#2140,.T.);
#1800=FACE_OUTER_BOUND('',#2141,.T.);
#1801=FACE_OUTER_BOUND('',#2142,.T.);
#1802=FACE_OUTER_BOUND('',#2143,.T.);
#1803=FACE_OUTER_BOUND('',#2144,.T.);
#1804=FACE_OUTER_BOUND('',#2145,.T.);
#1805=FACE_OUTER_BOUND('',#2146,.T.);
#1806=FACE_OUTER_BOUND('',#2147,.T.);
#1807=FACE_OUTER_BOUND('',#2148,.T.);
#1808=FACE_OUTER_BOUND('',#2149,.T.);
#1809=FACE_OUTER_BOUND('',#2150,.T.);
#1810=FACE_OUTER_BOUND('',#2151,.T.);
#1811=FACE_OUTER_BOUND('',#2152,.T.);
#1812=FACE_OUTER_BOUND('',#2153,.T.);
#1813=FACE_OUTER_BOUND('',#2154,.T.);
#1814=FACE_OUTER_BOUND('',#2155,.T.);
#1815=FACE_OUTER_BOUND('',#2156,.T.);
#1816=FACE_OUTER_BOUND('',#2157,.T.);
#1817=FACE_OUTER_BOUND('',#2158,.T.);
#1818=FACE_OUTER_BOUND('',#2159,.T.);
#1819=FACE_OUTER_BOUND('',#2160,.T.);
#1820=FACE_OUTER_BOUND('',#2161,.T.);
#1821=FACE_OUTER_BOUND('',#2162,.T.);
#1822=FACE_OUTER_BOUND('',#2163,.T.);
#1823=FACE_OUTER_BOUND('',#2164,.T.);
#1824=FACE_OUTER_BOUND('',#2165,.T.);
#1825=FACE_OUTER_BOUND('',#2166,.T.);
#1826=FACE_OUTER_BOUND('',#2167,.T.);
#1827=FACE_OUTER_BOUND('',#2168,.T.);
#1828=FACE_OUTER_BOUND('',#2169,.T.);
#1829=FACE_OUTER_BOUND('',#2170,.T.);
#1830=FACE_OUTER_BOUND('',#2171,.T.);
#1831=FACE_OUTER_BOUND('',#2172,.T.);
#1832=FACE_OUTER_BOUND('',#2173,.T.);
#1833=FACE_OUTER_BOUND('',#2174,.T.);
#1834=FACE_OUTER_BOUND('',#2175,.T.);
#1835=FACE_OUTER_BOUND('',#2176,.T.);
#1836=FACE_OUTER_BOUND('',#2177,.T.);
#1837=FACE_OUTER_BOUND('',#2178,.T.);
#1838=FACE_OUTER_BOUND('',#2179,.T.);
#1839=FACE_OUTER_BOUND('',#2180,.T.);
#1840=FACE_OUTER_BOUND('',#2181,.T.);
#1841=FACE_OUTER_BOUND('',#2182,.T.);
#1842=FACE_OUTER_BOUND('',#2183,.T.);
#1843=FACE_OUTER_BOUND('',#2184,.T.);
#1844=FACE_OUTER_BOUND('',#2185,.T.);
#1845=FACE_OUTER_BOUND('',#2186,.T.);
#1846=FACE_OUTER_BOUND('',#2187,.T.);
#1847=FACE_OUTER_BOUND('',#2188,.T.);
#1848=FACE_OUTER_BOUND('',#2189,.T.);
#1849=FACE_OUTER_BOUND('',#2190,.T.);
#1850=FACE_OUTER_BOUND('',#2191,.T.);
#1851=FACE_OUTER_BOUND('',#2192,.T.);
#1852=FACE_OUTER_BOUND('',#2193,.T.);
#1853=FACE_OUTER_BOUND('',#2194,.T.);
#1854=FACE_OUTER_BOUND('',#2195,.T.);
#1855=FACE_OUTER_BOUND('',#2196,.T.);
#1856=FACE_OUTER_BOUND('',#2197,.T.);
#1857=FACE_OUTER_BOUND('',#2198,.T.);
#1858=FACE_OUTER_BOUND('',#2199,.T.);
#1859=FACE_OUTER_BOUND('',#2200,.T.);
#1860=FACE_OUTER_BOUND('',#2201,.T.);
#1861=FACE_OUTER_BOUND('',#2202,.T.);
#1862=FACE_OUTER_BOUND('',#2203,.T.);
#1863=FACE_OUTER_BOUND('',#2204,.T.);
#1864=FACE_OUTER_BOUND('',#2205,.T.);
#1865=FACE_OUTER_BOUND('',#2206,.T.);
#1866=FACE_OUTER_BOUND('',#2207,.T.);
#1867=FACE_OUTER_BOUND('',#2208,.T.);
#1868=FACE_OUTER_BOUND('',#2209,.T.);
#1869=FACE_OUTER_BOUND('',#2214,.T.);
#1870=FACE_OUTER_BOUND('',#2215,.T.);
#1871=FACE_OUTER_BOUND('',#2216,.T.);
#1872=FACE_OUTER_BOUND('',#2217,.T.);
#1873=FACE_OUTER_BOUND('',#2218,.T.);
#1874=FACE_OUTER_BOUND('',#2219,.T.);
#1875=FACE_OUTER_BOUND('',#2220,.T.);
#1876=FACE_OUTER_BOUND('',#2221,.T.);
#1877=FACE_OUTER_BOUND('',#2222,.T.);
#1878=FACE_OUTER_BOUND('',#2223,.T.);
#1879=FACE_OUTER_BOUND('',#2224,.T.);
#1880=FACE_OUTER_BOUND('',#2225,.T.);
#1881=FACE_OUTER_BOUND('',#2226,.T.);
#1882=FACE_OUTER_BOUND('',#2227,.T.);
#1883=FACE_OUTER_BOUND('',#2228,.T.);
#1884=FACE_OUTER_BOUND('',#2229,.T.);
#1885=FACE_OUTER_BOUND('',#2230,.T.);
#1886=FACE_OUTER_BOUND('',#2231,.T.);
#1887=FACE_OUTER_BOUND('',#2232,.T.);
#1888=FACE_OUTER_BOUND('',#2233,.T.);
#1889=FACE_OUTER_BOUND('',#2234,.T.);
#1890=FACE_OUTER_BOUND('',#2235,.T.);
#1891=FACE_OUTER_BOUND('',#2236,.T.);
#1892=FACE_OUTER_BOUND('',#2237,.T.);
#1893=FACE_OUTER_BOUND('',#2238,.T.);
#1894=FACE_OUTER_BOUND('',#2239,.T.);
#1895=FACE_OUTER_BOUND('',#2240,.T.);
#1896=FACE_OUTER_BOUND('',#2241,.T.);
#1897=FACE_OUTER_BOUND('',#2242,.T.);
#1898=FACE_OUTER_BOUND('',#2243,.T.);
#1899=FACE_OUTER_BOUND('',#2244,.T.);
#1900=FACE_OUTER_BOUND('',#2245,.T.);
#1901=FACE_OUTER_BOUND('',#2246,.T.);
#1902=FACE_OUTER_BOUND('',#2248,.T.);
#1903=FACE_OUTER_BOUND('',#2249,.T.);
#1904=FACE_OUTER_BOUND('',#2250,.T.);
#1905=FACE_OUTER_BOUND('',#2251,.T.);
#1906=FACE_OUTER_BOUND('',#2252,.T.);
#1907=FACE_OUTER_BOUND('',#2253,.T.);
#1908=FACE_OUTER_BOUND('',#2254,.T.);
#1909=FACE_OUTER_BOUND('',#2255,.T.);
#1910=FACE_OUTER_BOUND('',#2256,.T.);
#1911=FACE_OUTER_BOUND('',#2257,.T.);
#1912=FACE_OUTER_BOUND('',#2258,.T.);
#1913=FACE_OUTER_BOUND('',#2259,.T.);
#1914=FACE_OUTER_BOUND('',#2260,.T.);
#1915=FACE_OUTER_BOUND('',#2261,.T.);
#1916=FACE_OUTER_BOUND('',#2262,.T.);
#1917=FACE_OUTER_BOUND('',#2263,.T.);
#1918=FACE_OUTER_BOUND('',#2264,.T.);
#1919=FACE_OUTER_BOUND('',#2265,.T.);
#1920=FACE_OUTER_BOUND('',#2266,.T.);
#1921=FACE_OUTER_BOUND('',#2267,.T.);
#1922=FACE_OUTER_BOUND('',#2268,.T.);
#1923=FACE_OUTER_BOUND('',#2269,.T.);
#1924=FACE_OUTER_BOUND('',#2270,.T.);
#1925=FACE_OUTER_BOUND('',#2271,.T.);
#1926=FACE_OUTER_BOUND('',#2272,.T.);
#1927=FACE_OUTER_BOUND('',#2273,.T.);
#1928=FACE_OUTER_BOUND('',#2274,.T.);
#1929=FACE_OUTER_BOUND('',#2275,.T.);
#1930=FACE_OUTER_BOUND('',#2276,.T.);
#1931=FACE_OUTER_BOUND('',#2277,.T.);
#1932=FACE_OUTER_BOUND('',#2278,.T.);
#1933=FACE_OUTER_BOUND('',#2279,.T.);
#1934=FACE_OUTER_BOUND('',#2280,.T.);
#1935=FACE_OUTER_BOUND('',#2281,.T.);
#1936=FACE_OUTER_BOUND('',#2282,.T.);
#1937=FACE_OUTER_BOUND('',#2283,.T.);
#1938=FACE_OUTER_BOUND('',#2284,.T.);
#1939=FACE_OUTER_BOUND('',#2285,.T.);
#1940=FACE_OUTER_BOUND('',#2286,.T.);
#1941=FACE_OUTER_BOUND('',#2287,.T.);
#1942=FACE_OUTER_BOUND('',#2288,.T.);
#1943=FACE_OUTER_BOUND('',#2289,.T.);
#1944=FACE_OUTER_BOUND('',#2290,.T.);
#1945=FACE_OUTER_BOUND('',#2291,.T.);
#1946=FACE_OUTER_BOUND('',#2292,.T.);
#1947=FACE_OUTER_BOUND('',#2293,.T.);
#1948=FACE_OUTER_BOUND('',#2294,.T.);
#1949=FACE_OUTER_BOUND('',#2295,.T.);
#1950=FACE_OUTER_BOUND('',#2296,.T.);
#1951=FACE_OUTER_BOUND('',#2297,.T.);
#1952=FACE_OUTER_BOUND('',#2298,.T.);
#1953=FACE_OUTER_BOUND('',#2299,.T.);
#1954=FACE_OUTER_BOUND('',#2300,.T.);
#1955=FACE_OUTER_BOUND('',#2305,.T.);
#1956=FACE_OUTER_BOUND('',#2306,.T.);
#1957=FACE_OUTER_BOUND('',#2307,.T.);
#1958=FACE_OUTER_BOUND('',#2308,.T.);
#1959=FACE_OUTER_BOUND('',#2309,.T.);
#1960=FACE_OUTER_BOUND('',#2310,.T.);
#1961=FACE_OUTER_BOUND('',#2311,.T.);
#1962=FACE_OUTER_BOUND('',#2312,.T.);
#1963=FACE_OUTER_BOUND('',#2313,.T.);
#1964=FACE_OUTER_BOUND('',#2314,.T.);
#1965=FACE_OUTER_BOUND('',#2315,.T.);
#1966=FACE_OUTER_BOUND('',#2316,.T.);
#1967=FACE_OUTER_BOUND('',#2318,.T.);
#1968=FACE_OUTER_BOUND('',#2319,.T.);
#1969=FACE_OUTER_BOUND('',#2320,.T.);
#1970=FACE_OUTER_BOUND('',#2321,.T.);
#1971=FACE_OUTER_BOUND('',#2322,.T.);
#1972=EDGE_LOOP('',(#4064,#4065,#4066,#4067));
#1973=EDGE_LOOP('',(#4068,#4069,#4070,#4071));
#1974=EDGE_LOOP('',(#4072,#4073,#4074,#4075));
#1975=EDGE_LOOP('',(#4076,#4077,#4078,#4079));
#1976=EDGE_LOOP('',(#4080,#4081,#4082,#4083));
#1977=EDGE_LOOP('',(#4084,#4085,#4086,#4087));
#1978=EDGE_LOOP('',(#4088,#4089,#4090,#4091));
#1979=EDGE_LOOP('',(#4092,#4093,#4094,#4095));
#1980=EDGE_LOOP('',(#4096,#4097,#4098,#4099));
#1981=EDGE_LOOP('',(#4100,#4101,#4102,#4103,#4104,#4105,#4106,#4107));
#1982=EDGE_LOOP('',(#4108,#4109,#4110,#4111,#4112,#4113,#4114,#4115));
#1983=EDGE_LOOP('',(#4116,#4117,#4118,#4119));
#1984=EDGE_LOOP('',(#4120,#4121,#4122,#4123));
#1985=EDGE_LOOP('',(#4124,#4125,#4126,#4127));
#1986=EDGE_LOOP('',(#4128,#4129,#4130,#4131));
#1987=EDGE_LOOP('',(#4132,#4133,#4134,#4135));
#1988=EDGE_LOOP('',(#4136,#4137,#4138,#4139));
#1989=EDGE_LOOP('',(#4140,#4141,#4142,#4143));
#1990=EDGE_LOOP('',(#4144,#4145,#4146,#4147));
#1991=EDGE_LOOP('',(#4148,#4149,#4150,#4151));
#1992=EDGE_LOOP('',(#4152,#4153,#4154,#4155,#4156,#4157,#4158,#4159));
#1993=EDGE_LOOP('',(#4160,#4161,#4162,#4163,#4164,#4165,#4166,#4167));
#1994=EDGE_LOOP('',(#4168,#4169,#4170));
#1995=EDGE_LOOP('',(#4171,#4172,#4173));
#1996=EDGE_LOOP('',(#4174,#4175,#4176));
#1997=EDGE_LOOP('',(#4177,#4178,#4179));
#1998=EDGE_LOOP('',(#4180,#4181,#4182,#4183));
#1999=EDGE_LOOP('',(#4184,#4185,#4186,#4187));
#2000=EDGE_LOOP('',(#4188,#4189,#4190,#4191));
#2001=EDGE_LOOP('',(#4192,#4193,#4194,#4195));
#2002=EDGE_LOOP('',(#4196,#4197,#4198,#4199));
#2003=EDGE_LOOP('',(#4200,#4201,#4202,#4203));
#2004=EDGE_LOOP('',(#4204,#4205,#4206,#4207,#4208,#4209,#4210,#4211,#4212,
#4213,#4214,#4215));
#2005=EDGE_LOOP('',(#4216,#4217,#4218,#4219));
#2006=EDGE_LOOP('',(#4220,#4221,#4222,#4223));
#2007=EDGE_LOOP('',(#4224,#4225,#4226,#4227));
#2008=EDGE_LOOP('',(#4228,#4229,#4230,#4231));
#2009=EDGE_LOOP('',(#4232,#4233,#4234,#4235));
#2010=EDGE_LOOP('',(#4236,#4237,#4238,#4239));
#2011=EDGE_LOOP('',(#4240,#4241,#4242,#4243));
#2012=EDGE_LOOP('',(#4244,#4245,#4246,#4247));
#2013=EDGE_LOOP('',(#4248,#4249,#4250,#4251,#4252,#4253,#4254,#4255,#4256,
#4257));
#2014=EDGE_LOOP('',(#4258,#4259,#4260,#4261));
#2015=EDGE_LOOP('',(#4262,#4263,#4264,#4265));
#2016=EDGE_LOOP('',(#4266,#4267,#4268,#4269,#4270,#4271,#4272,#4273,#4274,
#4275));
#2017=EDGE_LOOP('',(#4276,#4277,#4278,#4279));
#2018=EDGE_LOOP('',(#4280,#4281,#4282,#4283));
#2019=EDGE_LOOP('',(#4284,#4285,#4286,#4287));
#2020=EDGE_LOOP('',(#4288,#4289,#4290,#4291));
#2021=EDGE_LOOP('',(#4292,#4293,#4294,#4295));
#2022=EDGE_LOOP('',(#4296,#4297,#4298,#4299));
#2023=EDGE_LOOP('',(#4300,#4301,#4302,#4303));
#2024=EDGE_LOOP('',(#4304,#4305,#4306,#4307,#4308,#4309,#4310,#4311,#4312,
#4313));
#2025=EDGE_LOOP('',(#4314,#4315,#4316,#4317));
#2026=EDGE_LOOP('',(#4318,#4319,#4320,#4321));
#2027=EDGE_LOOP('',(#4322,#4323,#4324,#4325,#4326,#4327,#4328,#4329,#4330,
#4331));
#2028=EDGE_LOOP('',(#4332,#4333,#4334,#4335));
#2029=EDGE_LOOP('',(#4336,#4337,#4338,#4339));
#2030=EDGE_LOOP('',(#4340,#4341,#4342,#4343));
#2031=EDGE_LOOP('',(#4344,#4345,#4346,#4347));
#2032=EDGE_LOOP('',(#4348,#4349,#4350,#4351));
#2033=EDGE_LOOP('',(#4352,#4353,#4354,#4355));
#2034=EDGE_LOOP('',(#4356,#4357,#4358,#4359));
#2035=EDGE_LOOP('',(#4360,#4361,#4362,#4363));
#2036=EDGE_LOOP('',(#4364,#4365,#4366,#4367));
#2037=EDGE_LOOP('',(#4368,#4369,#4370,#4371));
#2038=EDGE_LOOP('',(#4372,#4373,#4374,#4375));
#2039=EDGE_LOOP('',(#4376,#4377,#4378,#4379));
#2040=EDGE_LOOP('',(#4380,#4381,#4382,#4383));
#2041=EDGE_LOOP('',(#4384,#4385,#4386,#4387));
#2042=EDGE_LOOP('',(#4388,#4389,#4390,#4391));
#2043=EDGE_LOOP('',(#4392,#4393,#4394,#4395));
#2044=EDGE_LOOP('',(#4396,#4397,#4398,#4399));
#2045=EDGE_LOOP('',(#4400,#4401,#4402,#4403));
#2046=EDGE_LOOP('',(#4404,#4405,#4406,#4407));
#2047=EDGE_LOOP('',(#4408,#4409,#4410,#4411));
#2048=EDGE_LOOP('',(#4412,#4413,#4414,#4415));
#2049=EDGE_LOOP('',(#4416,#4417,#4418,#4419));
#2050=EDGE_LOOP('',(#4420,#4421,#4422,#4423));
#2051=EDGE_LOOP('',(#4424,#4425,#4426,#4427));
#2052=EDGE_LOOP('',(#4428,#4429,#4430,#4431));
#2053=EDGE_LOOP('',(#4432,#4433,#4434,#4435));
#2054=EDGE_LOOP('',(#4436,#4437,#4438,#4439));
#2055=EDGE_LOOP('',(#4440,#4441,#4442,#4443));
#2056=EDGE_LOOP('',(#4444,#4445,#4446,#4447));
#2057=EDGE_LOOP('',(#4448,#4449,#4450,#4451));
#2058=EDGE_LOOP('',(#4452,#4453,#4454,#4455));
#2059=EDGE_LOOP('',(#4456,#4457,#4458,#4459));
#2060=EDGE_LOOP('',(#4460,#4461,#4462,#4463));
#2061=EDGE_LOOP('',(#4464,#4465,#4466,#4467));
#2062=EDGE_LOOP('',(#4468,#4469,#4470,#4471));
#2063=EDGE_LOOP('',(#4472,#4473,#4474,#4475));
#2064=EDGE_LOOP('',(#4476,#4477,#4478,#4479));
#2065=EDGE_LOOP('',(#4480,#4481,#4482,#4483));
#2066=EDGE_LOOP('',(#4484,#4485,#4486,#4487));
#2067=EDGE_LOOP('',(#4488,#4489,#4490,#4491,#4492,#4493,#4494,#4495,#4496,
#4497));
#2068=EDGE_LOOP('',(#4498,#4499,#4500,#4501,#4502,#4503,#4504,#4505,#4506,
#4507));
#2069=EDGE_LOOP('',(#4508,#4509,#4510,#4511,#4512,#4513,#4514,#4515));
#2070=EDGE_LOOP('',(#4516,#4517,#4518,#4519,#4520,#4521,#4522,#4523,#4524,
#4525));
#2071=EDGE_LOOP('',(#4526,#4527,#4528,#4529,#4530,#4531,#4532,#4533,#4534,
#4535));
#2072=EDGE_LOOP('',(#4536,#4537,#4538,#4539,#4540,#4541,#4542,#4543));
#2073=EDGE_LOOP('',(#4544,#4545,#4546,#4547,#4548,#4549,#4550,#4551,#4552,
#4553));
#2074=EDGE_LOOP('',(#4554,#4555,#4556,#4557,#4558,#4559,#4560,#4561));
#2075=EDGE_LOOP('',(#4562,#4563,#4564,#4565));
#2076=EDGE_LOOP('',(#4566,#4567,#4568,#4569,#4570,#4571,#4572,#4573,#4574,
#4575));
#2077=EDGE_LOOP('',(#4576,#4577,#4578,#4579,#4580,#4581,#4582,#4583));
#2078=EDGE_LOOP('',(#4584,#4585,#4586,#4587));
#2079=EDGE_LOOP('',(#4588,#4589,#4590,#4591,#4592,#4593,#4594,#4595,#4596,
#4597,#4598,#4599,#4600,#4601,#4602,#4603,#4604,#4605,#4606,#4607,#4608,
#4609,#4610,#4611,#4612,#4613,#4614,#4615));
#2080=EDGE_LOOP('',(#4616,#4617,#4618,#4619,#4620,#4621,#4622,#4623,#4624,
#4625,#4626,#4627,#4628,#4629,#4630,#4631,#4632,#4633,#4634,#4635,#4636,
#4637,#4638,#4639));
#2081=EDGE_LOOP('',(#4640,#4641,#4642,#4643));
#2082=EDGE_LOOP('',(#4644,#4645,#4646,#4647,#4648,#4649));
#2083=EDGE_LOOP('',(#4650,#4651,#4652,#4653,#4654,#4655,#4656,#4657,#4658,
#4659));
#2084=EDGE_LOOP('',(#4660,#4661,#4662,#4663,#4664,#4665,#4666,#4667));
#2085=EDGE_LOOP('',(#4668,#4669,#4670,#4671,#4672,#4673));
#2086=EDGE_LOOP('',(#4674,#4675,#4676,#4677,#4678,#4679));
#2087=EDGE_LOOP('',(#4680,#4681,#4682,#4683,#4684,#4685,#4686,#4687,#4688,
#4689));
#2088=EDGE_LOOP('',(#4690,#4691,#4692,#4693,#4694,#4695,#4696,#4697));
#2089=EDGE_LOOP('',(#4698,#4699,#4700,#4701,#4702,#4703));
#2090=EDGE_LOOP('',(#4704,#4705,#4706,#4707,#4708,#4709));
#2091=EDGE_LOOP('',(#4710,#4711,#4712,#4713,#4714,#4715));
#2092=EDGE_LOOP('',(#4716,#4717,#4718,#4719,#4720,#4721));
#2093=EDGE_LOOP('',(#4722,#4723,#4724,#4725,#4726,#4727));
#2094=EDGE_LOOP('',(#4728,#4729,#4730,#4731));
#2095=EDGE_LOOP('',(#4732,#4733,#4734,#4735));
#2096=EDGE_LOOP('',(#4736,#4737,#4738,#4739));
#2097=EDGE_LOOP('',(#4740,#4741,#4742,#4743));
#2098=EDGE_LOOP('',(#4744,#4745,#4746,#4747));
#2099=EDGE_LOOP('',(#4748,#4749,#4750,#4751,#4752,#4753,#4754,#4755,#4756,
#4757,#4758,#4759));
#2100=EDGE_LOOP('',(#4760,#4761,#4762,#4763));
#2101=EDGE_LOOP('',(#4764,#4765,#4766,#4767));
#2102=EDGE_LOOP('',(#4768,#4769,#4770,#4771));
#2103=EDGE_LOOP('',(#4772,#4773,#4774,#4775));
#2104=EDGE_LOOP('',(#4776,#4777,#4778,#4779));
#2105=EDGE_LOOP('',(#4780,#4781,#4782,#4783));
#2106=EDGE_LOOP('',(#4784,#4785,#4786,#4787));
#2107=EDGE_LOOP('',(#4788,#4789,#4790,#4791));
#2108=EDGE_LOOP('',(#4792,#4793,#4794,#4795));
#2109=EDGE_LOOP('',(#4796,#4797,#4798,#4799));
#2110=EDGE_LOOP('',(#4800,#4801,#4802,#4803));
#2111=EDGE_LOOP('',(#4804,#4805,#4806,#4807));
#2112=EDGE_LOOP('',(#4808,#4809,#4810,#4811));
#2113=EDGE_LOOP('',(#4812,#4813,#4814,#4815));
#2114=EDGE_LOOP('',(#4816,#4817,#4818,#4819));
#2115=EDGE_LOOP('',(#4820,#4821,#4822,#4823));
#2116=EDGE_LOOP('',(#4824,#4825,#4826,#4827));
#2117=EDGE_LOOP('',(#4828,#4829,#4830,#4831));
#2118=EDGE_LOOP('',(#4832,#4833,#4834,#4835));
#2119=EDGE_LOOP('',(#4836,#4837,#4838,#4839));
#2120=EDGE_LOOP('',(#4840,#4841,#4842,#4843));
#2121=EDGE_LOOP('',(#4844,#4845,#4846,#4847));
#2122=EDGE_LOOP('',(#4848,#4849,#4850,#4851));
#2123=EDGE_LOOP('',(#4852,#4853,#4854,#4855));
#2124=EDGE_LOOP('',(#4856,#4857,#4858,#4859));
#2125=EDGE_LOOP('',(#4860,#4861,#4862,#4863));
#2126=EDGE_LOOP('',(#4864,#4865,#4866,#4867));
#2127=EDGE_LOOP('',(#4868,#4869,#4870,#4871));
#2128=EDGE_LOOP('',(#4872,#4873,#4874,#4875));
#2129=EDGE_LOOP('',(#4876,#4877,#4878,#4879,#4880,#4881,#4882,#4883));
#2130=EDGE_LOOP('',(#4884,#4885,#4886,#4887,#4888,#4889,#4890,#4891));
#2131=EDGE_LOOP('',(#4892,#4893,#4894,#4895,#4896,#4897,#4898,#4899));
#2132=EDGE_LOOP('',(#4900,#4901,#4902,#4903,#4904,#4905,#4906,#4907));
#2133=EDGE_LOOP('',(#4908,#4909,#4910,#4911));
#2134=EDGE_LOOP('',(#4912,#4913,#4914,#4915));
#2135=EDGE_LOOP('',(#4916,#4917,#4918,#4919));
#2136=EDGE_LOOP('',(#4920,#4921,#4922,#4923,#4924,#4925,#4926,#4927,#4928,
#4929,#4930,#4931,#4932,#4933,#4934,#4935,#4936,#4937,#4938,#4939,#4940,
#4941,#4942,#4943,#4944,#4945,#4946,#4947));
#2137=EDGE_LOOP('',(#4948,#4949,#4950,#4951));
#2138=EDGE_LOOP('',(#4952,#4953,#4954,#4955));
#2139=EDGE_LOOP('',(#4956,#4957,#4958,#4959));
#2140=EDGE_LOOP('',(#4960,#4961,#4962,#4963));
#2141=EDGE_LOOP('',(#4964,#4965,#4966,#4967));
#2142=EDGE_LOOP('',(#4968,#4969,#4970));
#2143=EDGE_LOOP('',(#4971,#4972,#4973));
#2144=EDGE_LOOP('',(#4974,#4975,#4976,#4977,#4978,#4979));
#2145=EDGE_LOOP('',(#4980,#4981,#4982,#4983,#4984,#4985,#4986));
#2146=EDGE_LOOP('',(#4987,#4988,#4989,#4990));
#2147=EDGE_LOOP('',(#4991,#4992,#4993,#4994));
#2148=EDGE_LOOP('',(#4995,#4996,#4997,#4998));
#2149=EDGE_LOOP('',(#4999,#5000,#5001,#5002));
#2150=EDGE_LOOP('',(#5003,#5004,#5005,#5006));
#2151=EDGE_LOOP('',(#5007,#5008,#5009,#5010,#5011,#5012,#5013));
#2152=EDGE_LOOP('',(#5014,#5015,#5016,#5017,#5018,#5019));
#2153=EDGE_LOOP('',(#5020,#5021,#5022,#5023));
#2154=EDGE_LOOP('',(#5024,#5025,#5026,#5027));
#2155=EDGE_LOOP('',(#5028,#5029,#5030,#5031));
#2156=EDGE_LOOP('',(#5032,#5033,#5034,#5035));
#2157=EDGE_LOOP('',(#5036,#5037,#5038));
#2158=EDGE_LOOP('',(#5039,#5040,#5041));
#2159=EDGE_LOOP('',(#5042,#5043,#5044,#5045,#5046,#5047));
#2160=EDGE_LOOP('',(#5048,#5049,#5050,#5051,#5052,#5053));
#2161=EDGE_LOOP('',(#5054,#5055,#5056,#5057));
#2162=EDGE_LOOP('',(#5058,#5059,#5060,#5061));
#2163=EDGE_LOOP('',(#5062,#5063,#5064,#5065,#5066,#5067,#5068));
#2164=EDGE_LOOP('',(#5069,#5070,#5071,#5072));
#2165=EDGE_LOOP('',(#5073,#5074,#5075,#5076,#5077,#5078,#5079));
#2166=EDGE_LOOP('',(#5080,#5081,#5082,#5083));
#2167=EDGE_LOOP('',(#5084,#5085,#5086,#5087));
#2168=EDGE_LOOP('',(#5088,#5089,#5090,#5091));
#2169=EDGE_LOOP('',(#5092,#5093,#5094,#5095));
#2170=EDGE_LOOP('',(#5096,#5097,#5098,#5099));
#2171=EDGE_LOOP('',(#5100,#5101,#5102,#5103));
#2172=EDGE_LOOP('',(#5104,#5105,#5106));
#2173=EDGE_LOOP('',(#5107,#5108,#5109));
#2174=EDGE_LOOP('',(#5110,#5111,#5112,#5113,#5114,#5115));
#2175=EDGE_LOOP('',(#5116,#5117,#5118,#5119,#5120,#5121,#5122));
#2176=EDGE_LOOP('',(#5123,#5124,#5125,#5126));
#2177=EDGE_LOOP('',(#5127,#5128,#5129,#5130));
#2178=EDGE_LOOP('',(#5131,#5132,#5133,#5134));
#2179=EDGE_LOOP('',(#5135,#5136,#5137,#5138));
#2180=EDGE_LOOP('',(#5139,#5140,#5141,#5142));
#2181=EDGE_LOOP('',(#5143,#5144,#5145,#5146,#5147,#5148,#5149));
#2182=EDGE_LOOP('',(#5150,#5151,#5152,#5153,#5154,#5155));
#2183=EDGE_LOOP('',(#5156,#5157,#5158,#5159));
#2184=EDGE_LOOP('',(#5160,#5161,#5162,#5163));
#2185=EDGE_LOOP('',(#5164,#5165,#5166,#5167));
#2186=EDGE_LOOP('',(#5168,#5169,#5170,#5171));
#2187=EDGE_LOOP('',(#5172,#5173,#5174));
#2188=EDGE_LOOP('',(#5175,#5176,#5177));
#2189=EDGE_LOOP('',(#5178,#5179,#5180,#5181,#5182,#5183));
#2190=EDGE_LOOP('',(#5184,#5185,#5186,#5187,#5188,#5189));
#2191=EDGE_LOOP('',(#5190,#5191,#5192,#5193));
#2192=EDGE_LOOP('',(#5194,#5195,#5196,#5197));
#2193=EDGE_LOOP('',(#5198,#5199,#5200,#5201,#5202,#5203,#5204));
#2194=EDGE_LOOP('',(#5205,#5206,#5207,#5208));
#2195=EDGE_LOOP('',(#5209,#5210,#5211,#5212,#5213,#5214,#5215));
#2196=EDGE_LOOP('',(#5216,#5217,#5218,#5219));
#2197=EDGE_LOOP('',(#5220,#5221,#5222,#5223));
#2198=EDGE_LOOP('',(#5224,#5225,#5226,#5227));
#2199=EDGE_LOOP('',(#5228,#5229,#5230,#5231));
#2200=EDGE_LOOP('',(#5232,#5233,#5234,#5235));
#2201=EDGE_LOOP('',(#5236,#5237,#5238,#5239));
#2202=EDGE_LOOP('',(#5240,#5241,#5242,#5243));
#2203=EDGE_LOOP('',(#5244,#5245,#5246,#5247));
#2204=EDGE_LOOP('',(#5248,#5249,#5250,#5251));
#2205=EDGE_LOOP('',(#5252,#5253,#5254,#5255));
#2206=EDGE_LOOP('',(#5256,#5257,#5258,#5259));
#2207=EDGE_LOOP('',(#5260,#5261,#5262,#5263,#5264,#5265,#5266,#5267));
#2208=EDGE_LOOP('',(#5268,#5269,#5270,#5271,#5272,#5273,#5274,#5275));
#2209=EDGE_LOOP('',(#5276,#5277,#5278,#5279));
#2210=EDGE_LOOP('',(#5280,#5281,#5282,#5283,#5284,#5285,#5286,#5287));
#2211=EDGE_LOOP('',(#5288,#5289,#5290,#5291,#5292,#5293,#5294,#5295));
#2212=EDGE_LOOP('',(#5296,#5297,#5298,#5299,#5300,#5301,#5302,#5303));
#2213=EDGE_LOOP('',(#5304,#5305,#5306,#5307,#5308,#5309,#5310,#5311));
#2214=EDGE_LOOP('',(#5312,#5313,#5314,#5315,#5316,#5317,#5318,#5319));
#2215=EDGE_LOOP('',(#5320,#5321,#5322,#5323,#5324,#5325,#5326,#5327));
#2216=EDGE_LOOP('',(#5328,#5329,#5330,#5331));
#2217=EDGE_LOOP('',(#5332,#5333,#5334,#5335));
#2218=EDGE_LOOP('',(#5336,#5337,#5338,#5339,#5340,#5341,#5342,#5343));
#2219=EDGE_LOOP('',(#5344,#5345,#5346,#5347));
#2220=EDGE_LOOP('',(#5348,#5349,#5350,#5351));
#2221=EDGE_LOOP('',(#5352,#5353,#5354,#5355,#5356,#5357,#5358,#5359));
#2222=EDGE_LOOP('',(#5360,#5361,#5362,#5363));
#2223=EDGE_LOOP('',(#5364,#5365,#5366,#5367));
#2224=EDGE_LOOP('',(#5368,#5369,#5370,#5371));
#2225=EDGE_LOOP('',(#5372,#5373,#5374,#5375));
#2226=EDGE_LOOP('',(#5376,#5377,#5378,#5379,#5380));
#2227=EDGE_LOOP('',(#5381,#5382,#5383,#5384));
#2228=EDGE_LOOP('',(#5385,#5386,#5387,#5388,#5389));
#2229=EDGE_LOOP('',(#5390,#5391,#5392,#5393,#5394,#5395,#5396,#5397,#5398,
#5399,#5400,#5401));
#2230=EDGE_LOOP('',(#5402,#5403,#5404,#5405,#5406,#5407));
#2231=EDGE_LOOP('',(#5408,#5409,#5410,#5411,#5412));
#2232=EDGE_LOOP('',(#5413,#5414,#5415,#5416,#5417));
#2233=EDGE_LOOP('',(#5418,#5419,#5420,#5421,#5422,#5423));
#2234=EDGE_LOOP('',(#5424,#5425,#5426,#5427,#5428,#5429));
#2235=EDGE_LOOP('',(#5430,#5431,#5432,#5433,#5434,#5435,#5436,#5437,#5438,
#5439,#5440,#5441));
#2236=EDGE_LOOP('',(#5442,#5443,#5444,#5445));
#2237=EDGE_LOOP('',(#5446,#5447,#5448,#5449));
#2238=EDGE_LOOP('',(#5450,#5451,#5452,#5453));
#2239=EDGE_LOOP('',(#5454,#5455,#5456,#5457));
#2240=EDGE_LOOP('',(#5458,#5459,#5460,#5461));
#2241=EDGE_LOOP('',(#5462,#5463,#5464,#5465,#5466,#5467,#5468,#5469,#5470,
#5471,#5472,#5473));
#2242=EDGE_LOOP('',(#5474,#5475,#5476,#5477));
#2243=EDGE_LOOP('',(#5478,#5479,#5480,#5481));
#2244=EDGE_LOOP('',(#5482,#5483,#5484,#5485));
#2245=EDGE_LOOP('',(#5486,#5487,#5488,#5489));
#2246=EDGE_LOOP('',(#5490,#5491,#5492,#5493,#5494,#5495,#5496,#5497));
#2247=EDGE_LOOP('',(#5498,#5499,#5500,#5501,#5502,#5503,#5504,#5505,#5506,
#5507,#5508,#5509,#5510,#5511,#5512,#5513,#5514,#5515,#5516,#5517,#5518,
#5519,#5520,#5521));
#2248=EDGE_LOOP('',(#5522,#5523,#5524,#5525));
#2249=EDGE_LOOP('',(#5526,#5527,#5528,#5529));
#2250=EDGE_LOOP('',(#5530,#5531,#5532,#5533));
#2251=EDGE_LOOP('',(#5534,#5535,#5536,#5537));
#2252=EDGE_LOOP('',(#5538,#5539,#5540,#5541));
#2253=EDGE_LOOP('',(#5542,#5543,#5544,#5545,#5546,#5547));
#2254=EDGE_LOOP('',(#5548,#5549,#5550,#5551));
#2255=EDGE_LOOP('',(#5552,#5553,#5554,#5555));
#2256=EDGE_LOOP('',(#5556,#5557,#5558,#5559));
#2257=EDGE_LOOP('',(#5560,#5561,#5562,#5563));
#2258=EDGE_LOOP('',(#5564,#5565,#5566,#5567));
#2259=EDGE_LOOP('',(#5568,#5569,#5570,#5571));
#2260=EDGE_LOOP('',(#5572,#5573,#5574,#5575));
#2261=EDGE_LOOP('',(#5576,#5577,#5578,#5579));
#2262=EDGE_LOOP('',(#5580,#5581,#5582,#5583));
#2263=EDGE_LOOP('',(#5584,#5585,#5586,#5587));
#2264=EDGE_LOOP('',(#5588,#5589,#5590,#5591));
#2265=EDGE_LOOP('',(#5592,#5593,#5594,#5595));
#2266=EDGE_LOOP('',(#5596,#5597,#5598,#5599));
#2267=EDGE_LOOP('',(#5600,#5601,#5602,#5603));
#2268=EDGE_LOOP('',(#5604,#5605,#5606,#5607));
#2269=EDGE_LOOP('',(#5608,#5609,#5610,#5611));
#2270=EDGE_LOOP('',(#5612,#5613,#5614,#5615));
#2271=EDGE_LOOP('',(#5616,#5617,#5618,#5619));
#2272=EDGE_LOOP('',(#5620,#5621,#5622,#5623));
#2273=EDGE_LOOP('',(#5624,#5625,#5626,#5627));
#2274=EDGE_LOOP('',(#5628,#5629,#5630,#5631));
#2275=EDGE_LOOP('',(#5632,#5633,#5634,#5635));
#2276=EDGE_LOOP('',(#5636,#5637,#5638,#5639));
#2277=EDGE_LOOP('',(#5640,#5641,#5642,#5643));
#2278=EDGE_LOOP('',(#5644,#5645,#5646,#5647));
#2279=EDGE_LOOP('',(#5648,#5649,#5650,#5651));
#2280=EDGE_LOOP('',(#5652,#5653,#5654,#5655));
#2281=EDGE_LOOP('',(#5656,#5657,#5658,#5659));
#2282=EDGE_LOOP('',(#5660,#5661,#5662,#5663));
#2283=EDGE_LOOP('',(#5664,#5665,#5666,#5667));
#2284=EDGE_LOOP('',(#5668,#5669,#5670,#5671));
#2285=EDGE_LOOP('',(#5672,#5673,#5674,#5675));
#2286=EDGE_LOOP('',(#5676,#5677,#5678,#5679));
#2287=EDGE_LOOP('',(#5680,#5681,#5682,#5683));
#2288=EDGE_LOOP('',(#5684,#5685,#5686,#5687));
#2289=EDGE_LOOP('',(#5688,#5689,#5690,#5691));
#2290=EDGE_LOOP('',(#5692,#5693,#5694,#5695));
#2291=EDGE_LOOP('',(#5696,#5697,#5698,#5699));
#2292=EDGE_LOOP('',(#5700,#5701,#5702,#5703));
#2293=EDGE_LOOP('',(#5704,#5705,#5706,#5707));
#2294=EDGE_LOOP('',(#5708,#5709,#5710,#5711));
#2295=EDGE_LOOP('',(#5712,#5713,#5714,#5715));
#2296=EDGE_LOOP('',(#5716,#5717,#5718,#5719));
#2297=EDGE_LOOP('',(#5720,#5721,#5722,#5723));
#2298=EDGE_LOOP('',(#5724,#5725,#5726,#5727));
#2299=EDGE_LOOP('',(#5728,#5729,#5730,#5731));
#2300=EDGE_LOOP('',(#5732,#5733,#5734,#5735));
#2301=EDGE_LOOP('',(#5736,#5737,#5738,#5739,#5740,#5741,#5742,#5743));
#2302=EDGE_LOOP('',(#5744,#5745,#5746,#5747,#5748,#5749,#5750,#5751));
#2303=EDGE_LOOP('',(#5752,#5753,#5754,#5755,#5756,#5757,#5758,#5759));
#2304=EDGE_LOOP('',(#5760,#5761,#5762,#5763,#5764,#5765,#5766,#5767));
#2305=EDGE_LOOP('',(#5768,#5769,#5770,#5771));
#2306=EDGE_LOOP('',(#5772,#5773,#5774,#5775));
#2307=EDGE_LOOP('',(#5776,#5777,#5778,#5779));
#2308=EDGE_LOOP('',(#5780,#5781,#5782,#5783));
#2309=EDGE_LOOP('',(#5784,#5785,#5786,#5787));
#2310=EDGE_LOOP('',(#5788,#5789,#5790,#5791));
#2311=EDGE_LOOP('',(#5792,#5793,#5794,#5795));
#2312=EDGE_LOOP('',(#5796,#5797,#5798,#5799));
#2313=EDGE_LOOP('',(#5800,#5801,#5802,#5803));
#2314=EDGE_LOOP('',(#5804,#5805,#5806,#5807));
#2315=EDGE_LOOP('',(#5808,#5809,#5810,#5811));
#2316=EDGE_LOOP('',(#5812,#5813,#5814,#5815,#5816,#5817,#5818,#5819));
#2317=EDGE_LOOP('',(#5820,#5821,#5822,#5823,#5824,#5825,#5826,#5827,#5828,
#5829,#5830,#5831,#5832,#5833,#5834,#5835,#5836,#5837,#5838,#5839,#5840,
#5841));
#2318=EDGE_LOOP('',(#5842,#5843,#5844,#5845,#5846,#5847));
#2319=EDGE_LOOP('',(#5848,#5849,#5850,#5851));
#2320=EDGE_LOOP('',(#5852,#5853,#5854,#5855));
#2321=EDGE_LOOP('',(#5856,#5857,#5858,#5859));
#2322=EDGE_LOOP('',(#5860,#5861,#5862,#5863,#5864,#5865,#5866,#5867,#5868,
#5869,#5870,#5871));
#2323=CIRCLE('',#6227,0.15);
#2324=CIRCLE('',#6228,0.5);
#2325=CIRCLE('',#6229,0.65);
#2326=CIRCLE('',#6230,0.5);
#2327=CIRCLE('',#6232,0.5);
#2328=CIRCLE('',#6234,0.15);
#2329=CIRCLE('',#6235,0.65);
#2330=CIRCLE('',#6236,0.5);
#2331=CIRCLE('',#6238,0.5);
#2332=CIRCLE('',#6240,0.15);
#2333=CIRCLE('',#6241,0.65);
#2334=CIRCLE('',#6242,0.5);
#2335=CIRCLE('',#6244,0.5);
#2336=CIRCLE('',#6246,0.15);
#2337=CIRCLE('',#6247,0.65);
#2338=CIRCLE('',#6248,0.5);
#2339=CIRCLE('',#6253,0.5);
#2340=CIRCLE('',#6254,0.5);
#2341=CIRCLE('',#6256,0.65);
#2342=CIRCLE('',#6257,0.15);
#2343=CIRCLE('',#6258,0.5);
#2344=CIRCLE('',#6260,0.5);
#2345=CIRCLE('',#6262,0.65);
#2346=CIRCLE('',#6263,0.15);
#2347=CIRCLE('',#6264,0.5);
#2348=CIRCLE('',#6266,0.5);
#2349=CIRCLE('',#6268,0.65);
#2350=CIRCLE('',#6269,0.15);
#2351=CIRCLE('',#6270,0.5);
#2352=CIRCLE('',#6272,0.5);
#2353=CIRCLE('',#6274,0.65);
#2354=CIRCLE('',#6275,0.15);
#2355=CIRCLE('',#6278,0.05);
#2356=CIRCLE('',#6281,0.05);
#2357=CIRCLE('',#6284,0.05);
#2358=CIRCLE('',#6287,0.05);
#2359=CIRCLE('',#6296,0.05);
#2360=CIRCLE('',#6299,0.05);
#2361=CIRCLE('',#6302,0.05);
#2362=CIRCLE('',#6303,0.05);
#2363=CIRCLE('',#6307,0.05);
#2364=CIRCLE('',#6308,0.05);
#2365=CIRCLE('',#6310,0.05);
#2366=CIRCLE('',#6311,0.05);
#2367=CIRCLE('',#6313,0.05);
#2368=CIRCLE('',#6314,0.05);
#2369=CIRCLE('',#6318,0.05);
#2370=CIRCLE('',#6319,0.05);
#2371=CIRCLE('',#6322,0.05);
#2372=CIRCLE('',#6323,0.05);
#2373=CIRCLE('',#6325,0.05);
#2374=CIRCLE('',#6326,0.05);
#2375=CIRCLE('',#6330,0.05);
#2376=CIRCLE('',#6331,0.05);
#2377=CIRCLE('',#6333,0.05);
#2378=CIRCLE('',#6334,0.05);
#2379=CIRCLE('',#6336,0.05);
#2380=CIRCLE('',#6337,0.05);
#2381=CIRCLE('',#6341,0.05);
#2382=CIRCLE('',#6342,0.05);
#2383=CIRCLE('',#6345,0.05);
#2384=CIRCLE('',#6346,0.05);
#2385=CIRCLE('',#6350,0.05);
#2386=CIRCLE('',#6351,0.05);
#2387=CIRCLE('',#6353,0.05);
#2388=CIRCLE('',#6354,0.05);
#2389=CIRCLE('',#6356,0.05);
#2390=CIRCLE('',#6357,0.05);
#2391=CIRCLE('',#6362,0.05);
#2392=CIRCLE('',#6363,0.05);
#2393=CIRCLE('',#6365,0.05);
#2394=CIRCLE('',#6366,0.05);
#2395=CIRCLE('',#6368,0.05);
#2396=CIRCLE('',#6369,0.05);
#2397=CIRCLE('',#6373,0.05);
#2398=CIRCLE('',#6374,0.05);
#2399=CIRCLE('',#6377,0.05);
#2400=CIRCLE('',#6378,0.05);
#2401=CIRCLE('',#6382,0.05);
#2402=CIRCLE('',#6383,0.05);
#2403=CIRCLE('',#6385,0.05);
#2404=CIRCLE('',#6386,0.05);
#2405=CIRCLE('',#6388,0.05);
#2406=CIRCLE('',#6389,0.05);
#2407=CIRCLE('',#6394,0.05);
#2408=CIRCLE('',#6395,0.05);
#2409=CIRCLE('',#6397,0.05);
#2410=CIRCLE('',#6398,0.05);
#2411=CIRCLE('',#6400,0.05);
#2412=CIRCLE('',#6401,0.05);
#2413=CIRCLE('',#6405,0.05);
#2414=CIRCLE('',#6406,0.05);
#2415=CIRCLE('',#6409,0.05);
#2416=CIRCLE('',#6410,0.05);
#2417=CIRCLE('',#6426,0.05);
#2418=CIRCLE('',#6427,0.05);
#2419=CIRCLE('',#6428,0.25);
#2420=CIRCLE('',#6429,0.25);
#2421=CIRCLE('',#6430,0.25);
#2422=CIRCLE('',#6431,0.25);
#2423=CIRCLE('',#6432,0.05);
#2424=CIRCLE('',#6433,0.05);
#2425=CIRCLE('',#6434,0.05);
#2426=CIRCLE('',#6435,0.05);
#2427=CIRCLE('',#6436,0.25);
#2428=CIRCLE('',#6437,0.25);
#2429=CIRCLE('',#6438,0.05);
#2430=CIRCLE('',#6439,0.05);
#2431=CIRCLE('',#6440,0.05);
#2432=CIRCLE('',#6441,0.05);
#2433=CIRCLE('',#6461,0.05);
#2434=CIRCLE('',#6464,0.05);
#2435=CIRCLE('',#6467,0.25);
#2436=CIRCLE('',#6470,0.25);
#2437=CIRCLE('',#6473,0.25);
#2438=CIRCLE('',#6476,0.25);
#2439=CIRCLE('',#6479,0.05);
#2440=CIRCLE('',#6482,0.05);
#2441=CIRCLE('',#6484,0.05);
#2442=CIRCLE('',#6487,0.05);
#2443=CIRCLE('',#6490,0.25);
#2444=CIRCLE('',#6493,0.25);
#2445=CIRCLE('',#6496,0.05);
#2446=CIRCLE('',#6499,0.05);
#2447=CIRCLE('',#6507,0.225);
#2448=CIRCLE('',#6508,0.225);
#2449=CIRCLE('',#6510,0.225);
#2450=CIRCLE('',#6511,0.225);
#2451=CIRCLE('',#6522,0.35);
#2452=CIRCLE('',#6523,0.35);
#2453=CIRCLE('',#6525,0.35);
#2454=CIRCLE('',#6526,0.35);
#2455=CIRCLE('',#6537,0.225);
#2456=CIRCLE('',#6538,0.225);
#2457=CIRCLE('',#6540,0.225);
#2458=CIRCLE('',#6541,0.225);
#2459=CIRCLE('',#6552,0.35);
#2460=CIRCLE('',#6553,0.35);
#2461=CIRCLE('',#6555,0.35);
#2462=CIRCLE('',#6556,0.35);
#2463=CIRCLE('',#6567,0.2);
#2464=CIRCLE('',#6568,0.2);
#2465=CIRCLE('',#6569,0.25);
#2466=CIRCLE('',#6570,0.2);
#2467=CIRCLE('',#6571,0.05);
#2468=CIRCLE('',#6573,0.2);
#2469=CIRCLE('',#6574,0.25);
#2470=CIRCLE('',#6575,0.2);
#2471=CIRCLE('',#6576,0.05);
#2472=CIRCLE('',#6578,0.2);
#2473=CIRCLE('',#6579,0.25);
#2474=CIRCLE('',#6580,0.2);
#2475=CIRCLE('',#6581,0.05);
#2476=CIRCLE('',#6583,0.2);
#2477=CIRCLE('',#6584,0.25);
#2478=CIRCLE('',#6585,0.05);
#2479=CIRCLE('',#6587,0.25);
#2480=CIRCLE('',#6589,1.);
#2481=CIRCLE('',#6591,0.25);
#2482=CIRCLE('',#6592,0.25);
#2483=CIRCLE('',#6593,0.25);
#2484=CIRCLE('',#6595,0.05);
#2485=CIRCLE('',#6596,0.05);
#2486=CIRCLE('',#6597,0.05);
#2487=CIRCLE('',#6598,0.05);
#2488=CIRCLE('',#6599,0.05);
#2489=CIRCLE('',#6600,0.05);
#2490=CIRCLE('',#6601,0.05);
#2491=CIRCLE('',#6602,0.05);
#2492=CIRCLE('',#6603,0.05);
#2493=CIRCLE('',#6604,0.05);
#2494=CIRCLE('',#6605,0.05);
#2495=CIRCLE('',#6606,0.05);
#2496=CIRCLE('',#6607,0.05);
#2497=CIRCLE('',#6608,0.05);
#2498=CIRCLE('',#6609,0.05);
#2499=CIRCLE('',#6610,0.05);
#2500=CIRCLE('',#6613,0.05);
#2501=CIRCLE('',#6614,0.05);
#2502=CIRCLE('',#6615,0.05);
#2503=CIRCLE('',#6616,0.05);
#2504=CIRCLE('',#6618,1.);
#2505=CIRCLE('',#6620,1.);
#2506=CIRCLE('',#6623,0.25);
#2507=CIRCLE('',#6625,0.25);
#2508=CIRCLE('',#6627,0.25);
#2509=CIRCLE('',#6629,1.);
#2510=CIRCLE('',#6634,0.45);
#2511=CIRCLE('',#6635,0.45);
#2512=CIRCLE('',#6637,0.45);
#2513=CIRCLE('',#6638,0.45);
#2514=CIRCLE('',#6640,0.15);
#2515=CIRCLE('',#6641,0.15);
#2516=CIRCLE('',#6643,0.8);
#2517=CIRCLE('',#6644,0.1);
#2518=CIRCLE('',#6645,0.1);
#2519=CIRCLE('',#6646,0.8);
#2520=CIRCLE('',#6649,0.45);
#2521=CIRCLE('',#6650,0.45);
#2522=CIRCLE('',#6652,0.45);
#2523=CIRCLE('',#6653,0.45);
#2524=CIRCLE('',#6655,0.15);
#2525=CIRCLE('',#6656,0.15);
#2526=CIRCLE('',#6659,0.8);
#2527=CIRCLE('',#6660,0.1);
#2528=CIRCLE('',#6661,0.1);
#2529=CIRCLE('',#6662,0.8);
#2530=CIRCLE('',#6664,0.1);
#2531=CIRCLE('',#6667,0.1);
#2532=CIRCLE('',#6671,0.8);
#2533=CIRCLE('',#6672,0.8);
#2534=CIRCLE('',#6678,0.05);
#2535=CIRCLE('',#6679,0.05);
#2536=CIRCLE('',#6680,0.05);
#2537=CIRCLE('',#6681,0.05);
#2538=CIRCLE('',#6682,0.501529003794);
#2539=CIRCLE('',#6683,0.501529003794);
#2540=CIRCLE('',#6684,0.501529003794);
#2541=CIRCLE('',#6685,0.501529003794);
#2542=CIRCLE('',#6686,0.501529003794);
#2543=CIRCLE('',#6687,0.501529003794);
#2544=CIRCLE('',#6690,0.501529003794);
#2545=CIRCLE('',#6693,0.501529003794);
#2546=CIRCLE('',#6698,0.501529003794);
#2547=CIRCLE('',#6701,0.501529003794);
#2548=CIRCLE('',#6704,0.501529003794);
#2549=CIRCLE('',#6707,0.501529003794);
#2550=CIRCLE('',#6712,0.05);
#2551=CIRCLE('',#6715,0.05);
#2552=CIRCLE('',#6718,0.05);
#2553=CIRCLE('',#6721,0.05);
#2554=CIRCLE('',#6724,0.05);
#2555=CIRCLE('',#6727,0.05);
#2556=CIRCLE('',#6730,0.05);
#2557=CIRCLE('',#6733,0.05);
#2558=CIRCLE('',#6736,0.05);
#2559=CIRCLE('',#6739,0.05);
#2560=CIRCLE('',#6742,0.05);
#2561=CIRCLE('',#6745,0.05);
#2562=CIRCLE('',#6748,0.05);
#2563=CIRCLE('',#6751,0.05);
#2564=CIRCLE('',#6754,0.05);
#2565=CIRCLE('',#6757,0.05);
#2566=CIRCLE('',#6767,0.25);
#2567=CIRCLE('',#6770,0.1);
#2568=CIRCLE('',#6773,0.1);
#2569=CIRCLE('',#6777,0.8);
#2570=CIRCLE('',#6781,0.8);
#2571=VERTEX_POINT('',#8528);
#2572=VERTEX_POINT('',#8529);
#2573=VERTEX_POINT('',#8531);
#2574=VERTEX_POINT('',#8533);
#2575=VERTEX_POINT('',#8537);
#2576=VERTEX_POINT('',#8539);
#2577=VERTEX_POINT('',#8543);
#2578=VERTEX_POINT('',#8545);
#2579=VERTEX_POINT('',#8549);
#2580=VERTEX_POINT('',#8551);
#2581=VERTEX_POINT('',#8555);
#2582=VERTEX_POINT('',#8557);
#2583=VERTEX_POINT('',#8561);
#2584=VERTEX_POINT('',#8563);
#2585=VERTEX_POINT('',#8567);
#2586=VERTEX_POINT('',#8569);
#2587=VERTEX_POINT('',#8576);
#2588=VERTEX_POINT('',#8577);
#2589=VERTEX_POINT('',#8579);
#2590=VERTEX_POINT('',#8581);
#2591=VERTEX_POINT('',#8586);
#2592=VERTEX_POINT('',#8587);
#2593=VERTEX_POINT('',#8589);
#2594=VERTEX_POINT('',#8591);
#2595=VERTEX_POINT('',#8595);
#2596=VERTEX_POINT('',#8597);
#2597=VERTEX_POINT('',#8601);
#2598=VERTEX_POINT('',#8603);
#2599=VERTEX_POINT('',#8607);
#2600=VERTEX_POINT('',#8609);
#2601=VERTEX_POINT('',#8613);
#2602=VERTEX_POINT('',#8615);
#2603=VERTEX_POINT('',#8619);
#2604=VERTEX_POINT('',#8621);
#2605=VERTEX_POINT('',#8625);
#2606=VERTEX_POINT('',#8627);
#2607=VERTEX_POINT('',#8634);
#2608=VERTEX_POINT('',#8635);
#2609=VERTEX_POINT('',#8637);
#2610=VERTEX_POINT('',#8639);
#2611=VERTEX_POINT('',#8663);
#2612=VERTEX_POINT('',#8664);
#2613=VERTEX_POINT('',#8666);
#2614=VERTEX_POINT('',#8689);
#2615=VERTEX_POINT('',#8690);
#2616=VERTEX_POINT('',#8692);
#2617=VERTEX_POINT('',#8715);
#2618=VERTEX_POINT('',#8716);
#2619=VERTEX_POINT('',#8718);
#2620=VERTEX_POINT('',#8741);
#2621=VERTEX_POINT('',#8742);
#2622=VERTEX_POINT('',#8744);
#2623=VERTEX_POINT('',#8760);
#2624=VERTEX_POINT('',#8762);
#2625=VERTEX_POINT('',#8766);
#2626=VERTEX_POINT('',#8770);
#2627=VERTEX_POINT('',#8772);
#2628=VERTEX_POINT('',#8774);
#2629=VERTEX_POINT('',#8776);
#2630=VERTEX_POINT('',#8778);
#2631=VERTEX_POINT('',#8780);
#2632=VERTEX_POINT('',#8782);
#2633=VERTEX_POINT('',#8784);
#2634=VERTEX_POINT('',#8786);
#2635=VERTEX_POINT('',#8790);
#2636=VERTEX_POINT('',#8795);
#2637=VERTEX_POINT('',#8796);
#2638=VERTEX_POINT('',#8798);
#2639=VERTEX_POINT('',#8800);
#2640=VERTEX_POINT('',#8804);
#2641=VERTEX_POINT('',#8805);
#2642=VERTEX_POINT('',#8807);
#2643=VERTEX_POINT('',#8809);
#2644=VERTEX_POINT('',#8813);
#2645=VERTEX_POINT('',#8814);
#2646=VERTEX_POINT('',#8816);
#2647=VERTEX_POINT('',#8818);
#2648=VERTEX_POINT('',#8822);
#2649=VERTEX_POINT('',#8824);
#2650=VERTEX_POINT('',#8828);
#2651=VERTEX_POINT('',#8829);
#2652=VERTEX_POINT('',#8834);
#2653=VERTEX_POINT('',#8835);
#2654=VERTEX_POINT('',#8841);
#2655=VERTEX_POINT('',#8843);
#2656=VERTEX_POINT('',#8846);
#2657=VERTEX_POINT('',#8848);
#2658=VERTEX_POINT('',#8852);
#2659=VERTEX_POINT('',#8854);
#2660=VERTEX_POINT('',#8858);
#2661=VERTEX_POINT('',#8860);
#2662=VERTEX_POINT('',#8864);
#2663=VERTEX_POINT('',#8866);
#2664=VERTEX_POINT('',#8868);
#2665=VERTEX_POINT('',#8870);
#2666=VERTEX_POINT('',#8873);
#2667=VERTEX_POINT('',#8875);
#2668=VERTEX_POINT('',#8882);
#2669=VERTEX_POINT('',#8883);
#2670=VERTEX_POINT('',#8885);
#2671=VERTEX_POINT('',#8887);
#2672=VERTEX_POINT('',#8891);
#2673=VERTEX_POINT('',#8892);
#2674=VERTEX_POINT('',#8894);
#2675=VERTEX_POINT('',#8896);
#2676=VERTEX_POINT('',#8900);
#2677=VERTEX_POINT('',#8901);
#2678=VERTEX_POINT('',#8903);
#2679=VERTEX_POINT('',#8905);
#2680=VERTEX_POINT('',#8909);
#2681=VERTEX_POINT('',#8911);
#2682=VERTEX_POINT('',#8915);
#2683=VERTEX_POINT('',#8916);
#2684=VERTEX_POINT('',#8921);
#2685=VERTEX_POINT('',#8922);
#2686=VERTEX_POINT('',#8928);
#2687=VERTEX_POINT('',#8930);
#2688=VERTEX_POINT('',#8933);
#2689=VERTEX_POINT('',#8935);
#2690=VERTEX_POINT('',#8939);
#2691=VERTEX_POINT('',#8941);
#2692=VERTEX_POINT('',#8945);
#2693=VERTEX_POINT('',#8947);
#2694=VERTEX_POINT('',#8951);
#2695=VERTEX_POINT('',#8953);
#2696=VERTEX_POINT('',#8955);
#2697=VERTEX_POINT('',#8957);
#2698=VERTEX_POINT('',#8960);
#2699=VERTEX_POINT('',#8962);
#2700=VERTEX_POINT('',#8969);
#2701=VERTEX_POINT('',#8970);
#2702=VERTEX_POINT('',#8972);
#2703=VERTEX_POINT('',#8974);
#2704=VERTEX_POINT('',#8978);
#2705=VERTEX_POINT('',#8979);
#2706=VERTEX_POINT('',#8981);
#2707=VERTEX_POINT('',#8983);
#2708=VERTEX_POINT('',#8987);
#2709=VERTEX_POINT('',#8988);
#2710=VERTEX_POINT('',#8993);
#2711=VERTEX_POINT('',#8994);
#2712=VERTEX_POINT('',#8999);
#2713=VERTEX_POINT('',#9001);
#2714=VERTEX_POINT('',#9005);
#2715=VERTEX_POINT('',#9007);
#2716=VERTEX_POINT('',#9011);
#2717=VERTEX_POINT('',#9013);
#2718=VERTEX_POINT('',#9017);
#2719=VERTEX_POINT('',#9019);
#2720=VERTEX_POINT('',#9023);
#2721=VERTEX_POINT('',#9024);
#2722=VERTEX_POINT('',#9029);
#2723=VERTEX_POINT('',#9030);
#2724=VERTEX_POINT('',#9035);
#2725=VERTEX_POINT('',#9037);
#2726=VERTEX_POINT('',#9044);
#2727=VERTEX_POINT('',#9046);
#2728=VERTEX_POINT('',#9050);
#2729=VERTEX_POINT('',#9051);
#2730=VERTEX_POINT('',#9056);
#2731=VERTEX_POINT('',#9058);
#2732=VERTEX_POINT('',#9065);
#2733=VERTEX_POINT('',#9066);
#2734=VERTEX_POINT('',#9068);
#2735=VERTEX_POINT('',#9070);
#2736=VERTEX_POINT('',#9074);
#2737=VERTEX_POINT('',#9075);
#2738=VERTEX_POINT('',#9077);
#2739=VERTEX_POINT('',#9079);
#2740=VERTEX_POINT('',#9083);
#2741=VERTEX_POINT('',#9084);
#2742=VERTEX_POINT('',#9089);
#2743=VERTEX_POINT('',#9090);
#2744=VERTEX_POINT('',#9095);
#2745=VERTEX_POINT('',#9097);
#2746=VERTEX_POINT('',#9101);
#2747=VERTEX_POINT('',#9103);
#2748=VERTEX_POINT('',#9107);
#2749=VERTEX_POINT('',#9109);
#2750=VERTEX_POINT('',#9113);
#2751=VERTEX_POINT('',#9115);
#2752=VERTEX_POINT('',#9119);
#2753=VERTEX_POINT('',#9120);
#2754=VERTEX_POINT('',#9125);
#2755=VERTEX_POINT('',#9126);
#2756=VERTEX_POINT('',#9131);
#2757=VERTEX_POINT('',#9133);
#2758=VERTEX_POINT('',#9140);
#2759=VERTEX_POINT('',#9142);
#2760=VERTEX_POINT('',#9146);
#2761=VERTEX_POINT('',#9147);
#2762=VERTEX_POINT('',#9152);
#2763=VERTEX_POINT('',#9154);
#2764=VERTEX_POINT('',#9161);
#2765=VERTEX_POINT('',#9163);
#2766=VERTEX_POINT('',#9167);
#2767=VERTEX_POINT('',#9169);
#2768=VERTEX_POINT('',#9173);
#2769=VERTEX_POINT('',#9175);
#2770=VERTEX_POINT('',#9179);
#2771=VERTEX_POINT('',#9181);
#2772=VERTEX_POINT('',#9185);
#2773=VERTEX_POINT('',#9187);
#2774=VERTEX_POINT('',#9191);
#2775=VERTEX_POINT('',#9193);
#2776=VERTEX_POINT('',#9197);
#2777=VERTEX_POINT('',#9199);
#2778=VERTEX_POINT('',#9203);
#2779=VERTEX_POINT('',#9205);
#2780=VERTEX_POINT('',#9207);
#2781=VERTEX_POINT('',#9211);
#2782=VERTEX_POINT('',#9213);
#2783=VERTEX_POINT('',#9217);
#2784=VERTEX_POINT('',#9219);
#2785=VERTEX_POINT('',#9221);
#2786=VERTEX_POINT('',#9225);
#2787=VERTEX_POINT('',#9227);
#2788=VERTEX_POINT('',#9229);
#2789=VERTEX_POINT('',#9235);
#2790=VERTEX_POINT('',#9237);
#2791=VERTEX_POINT('',#9239);
#2792=VERTEX_POINT('',#9245);
#2793=VERTEX_POINT('',#9247);
#2794=VERTEX_POINT('',#9249);
#2795=VERTEX_POINT('',#9251);
#2796=VERTEX_POINT('',#9253);
#2797=VERTEX_POINT('',#9255);
#2798=VERTEX_POINT('',#9257);
#2799=VERTEX_POINT('',#9259);
#2800=VERTEX_POINT('',#9261);
#2801=VERTEX_POINT('',#9263);
#2802=VERTEX_POINT('',#9265);
#2803=VERTEX_POINT('',#9267);
#2804=VERTEX_POINT('',#9269);
#2805=VERTEX_POINT('',#9271);
#2806=VERTEX_POINT('',#9274);
#2807=VERTEX_POINT('',#9276);
#2808=VERTEX_POINT('',#9278);
#2809=VERTEX_POINT('',#9280);
#2810=VERTEX_POINT('',#9282);
#2811=VERTEX_POINT('',#9284);
#2812=VERTEX_POINT('',#9286);
#2813=VERTEX_POINT('',#9288);
#2814=VERTEX_POINT('',#9290);
#2815=VERTEX_POINT('',#9292);
#2816=VERTEX_POINT('',#9295);
#2817=VERTEX_POINT('',#9297);
#2818=VERTEX_POINT('',#9299);
#2819=VERTEX_POINT('',#9306);
#2820=VERTEX_POINT('',#9308);
#2821=VERTEX_POINT('',#9310);
#2822=VERTEX_POINT('',#9313);
#2823=VERTEX_POINT('',#9319);
#2824=VERTEX_POINT('',#9323);
#2825=VERTEX_POINT('',#9329);
#2826=VERTEX_POINT('',#9333);
#2827=VERTEX_POINT('',#9339);
#2828=VERTEX_POINT('',#9343);
#2829=VERTEX_POINT('',#9347);
#2830=VERTEX_POINT('',#9351);
#2831=VERTEX_POINT('',#9366);
#2832=VERTEX_POINT('',#9370);
#2833=VERTEX_POINT('',#9374);
#2834=VERTEX_POINT('',#9378);
#2835=VERTEX_POINT('',#9382);
#2836=VERTEX_POINT('',#9386);
#2837=VERTEX_POINT('',#9390);
#2838=VERTEX_POINT('',#9394);
#2839=VERTEX_POINT('',#9398);
#2840=VERTEX_POINT('',#9402);
#2841=VERTEX_POINT('',#9406);
#2842=VERTEX_POINT('',#9410);
#2843=VERTEX_POINT('',#9414);
#2844=VERTEX_POINT('',#9418);
#2845=VERTEX_POINT('',#9424);
#2846=VERTEX_POINT('',#9428);
#2847=VERTEX_POINT('',#9432);
#2848=VERTEX_POINT('',#9436);
#2849=VERTEX_POINT('',#9440);
#2850=VERTEX_POINT('',#9444);
#2851=VERTEX_POINT('',#9448);
#2852=VERTEX_POINT('',#9452);
#2853=VERTEX_POINT('',#9456);
#2854=VERTEX_POINT('',#9460);
#2855=VERTEX_POINT('',#9466);
#2856=VERTEX_POINT('',#9467);
#2857=VERTEX_POINT('',#9469);
#2858=VERTEX_POINT('',#9471);
#2859=VERTEX_POINT('',#9475);
#2860=VERTEX_POINT('',#9477);
#2861=VERTEX_POINT('',#9481);
#2862=VERTEX_POINT('',#9483);
#2863=VERTEX_POINT('',#9492);
#2864=VERTEX_POINT('',#9493);
#2865=VERTEX_POINT('',#9495);
#2866=VERTEX_POINT('',#9497);
#2867=VERTEX_POINT('',#9501);
#2868=VERTEX_POINT('',#9502);
#2869=VERTEX_POINT('',#9504);
#2870=VERTEX_POINT('',#9506);
#2871=VERTEX_POINT('',#9521);
#2872=VERTEX_POINT('',#9522);
#2873=VERTEX_POINT('',#9529);
#2874=VERTEX_POINT('',#9554);
#2875=VERTEX_POINT('',#9581);
#2876=VERTEX_POINT('',#9613);
#2877=VERTEX_POINT('',#9615);
#2878=VERTEX_POINT('',#9617);
#2879=VERTEX_POINT('',#9619);
#2880=VERTEX_POINT('',#9623);
#2881=VERTEX_POINT('',#9628);
#2882=VERTEX_POINT('',#9632);
#2883=VERTEX_POINT('',#9636);
#2884=VERTEX_POINT('',#9705);
#2885=VERTEX_POINT('',#9706);
#2886=VERTEX_POINT('',#9708);
#2887=VERTEX_POINT('',#9710);
#2888=VERTEX_POINT('',#9714);
#2889=VERTEX_POINT('',#9715);
#2890=VERTEX_POINT('',#9717);
#2891=VERTEX_POINT('',#9719);
#2892=VERTEX_POINT('',#9734);
#2893=VERTEX_POINT('',#9735);
#2894=VERTEX_POINT('',#9751);
#2895=VERTEX_POINT('',#9772);
#2896=VERTEX_POINT('',#9797);
#2897=VERTEX_POINT('',#9829);
#2898=VERTEX_POINT('',#9831);
#2899=VERTEX_POINT('',#9833);
#2900=VERTEX_POINT('',#9835);
#2901=VERTEX_POINT('',#9839);
#2902=VERTEX_POINT('',#9841);
#2903=VERTEX_POINT('',#9843);
#2904=VERTEX_POINT('',#9845);
#2905=VERTEX_POINT('',#9921);
#2906=VERTEX_POINT('',#9922);
#2907=VERTEX_POINT('',#9924);
#2908=VERTEX_POINT('',#9926);
#2909=VERTEX_POINT('',#9930);
#2910=VERTEX_POINT('',#9931);
#2911=VERTEX_POINT('',#9933);
#2912=VERTEX_POINT('',#9935);
#2913=VERTEX_POINT('',#9950);
#2914=VERTEX_POINT('',#9951);
#2915=VERTEX_POINT('',#9953);
#2916=VERTEX_POINT('',#9983);
#2917=VERTEX_POINT('',#10010);
#2918=VERTEX_POINT('',#10042);
#2919=VERTEX_POINT('',#10044);
#2920=VERTEX_POINT('',#10046);
#2921=VERTEX_POINT('',#10048);
#2922=VERTEX_POINT('',#10053);
#2923=VERTEX_POINT('',#10057);
#2924=VERTEX_POINT('',#10061);
#2925=VERTEX_POINT('',#10065);
#2926=VERTEX_POINT('',#10134);
#2927=VERTEX_POINT('',#10135);
#2928=VERTEX_POINT('',#10137);
#2929=VERTEX_POINT('',#10139);
#2930=VERTEX_POINT('',#10143);
#2931=VERTEX_POINT('',#10144);
#2932=VERTEX_POINT('',#10146);
#2933=VERTEX_POINT('',#10148);
#2934=VERTEX_POINT('',#10163);
#2935=VERTEX_POINT('',#10164);
#2936=VERTEX_POINT('',#10166);
#2937=VERTEX_POINT('',#10201);
#2938=VERTEX_POINT('',#10226);
#2939=VERTEX_POINT('',#10258);
#2940=VERTEX_POINT('',#10260);
#2941=VERTEX_POINT('',#10262);
#2942=VERTEX_POINT('',#10264);
#2943=VERTEX_POINT('',#10268);
#2944=VERTEX_POINT('',#10270);
#2945=VERTEX_POINT('',#10272);
#2946=VERTEX_POINT('',#10274);
#2947=VERTEX_POINT('',#10350);
#2948=VERTEX_POINT('',#10351);
#2949=VERTEX_POINT('',#10353);
#2950=VERTEX_POINT('',#10355);
#2951=VERTEX_POINT('',#10367);
#2952=VERTEX_POINT('',#10369);
#2953=VERTEX_POINT('',#10373);
#2954=VERTEX_POINT('',#10374);
#2955=VERTEX_POINT('',#10387);
#2956=VERTEX_POINT('',#10389);
#2957=VERTEX_POINT('',#10393);
#2958=VERTEX_POINT('',#10394);
#2959=VERTEX_POINT('',#10407);
#2960=VERTEX_POINT('',#10409);
#2961=VERTEX_POINT('',#10413);
#2962=VERTEX_POINT('',#10414);
#2963=VERTEX_POINT('',#10430);
#2964=VERTEX_POINT('',#10432);
#2965=VERTEX_POINT('',#10436);
#2966=VERTEX_POINT('',#10438);
#2967=VERTEX_POINT('',#10440);
#2968=VERTEX_POINT('',#10442);
#2969=VERTEX_POINT('',#10444);
#2970=VERTEX_POINT('',#10448);
#2971=VERTEX_POINT('',#10451);
#2972=VERTEX_POINT('',#10453);
#2973=VERTEX_POINT('',#10457);
#2974=VERTEX_POINT('',#10460);
#2975=VERTEX_POINT('',#10461);
#2976=VERTEX_POINT('',#10463);
#2977=VERTEX_POINT('',#10465);
#2978=VERTEX_POINT('',#10467);
#2979=VERTEX_POINT('',#10469);
#2980=VERTEX_POINT('',#10471);
#2981=VERTEX_POINT('',#10473);
#2982=VERTEX_POINT('',#10476);
#2983=VERTEX_POINT('',#10477);
#2984=VERTEX_POINT('',#10479);
#2985=VERTEX_POINT('',#10481);
#2986=VERTEX_POINT('',#10483);
#2987=VERTEX_POINT('',#10485);
#2988=VERTEX_POINT('',#10487);
#2989=VERTEX_POINT('',#10489);
#2990=VERTEX_POINT('',#10492);
#2991=VERTEX_POINT('',#10493);
#2992=VERTEX_POINT('',#10495);
#2993=VERTEX_POINT('',#10497);
#2994=VERTEX_POINT('',#10499);
#2995=VERTEX_POINT('',#10501);
#2996=VERTEX_POINT('',#10503);
#2997=VERTEX_POINT('',#10505);
#2998=VERTEX_POINT('',#10508);
#2999=VERTEX_POINT('',#10509);
#3000=VERTEX_POINT('',#10511);
#3001=VERTEX_POINT('',#10513);
#3002=VERTEX_POINT('',#10515);
#3003=VERTEX_POINT('',#10517);
#3004=VERTEX_POINT('',#10519);
#3005=VERTEX_POINT('',#10521);
#3006=VERTEX_POINT('',#10526);
#3007=VERTEX_POINT('',#10527);
#3008=VERTEX_POINT('',#10529);
#3009=VERTEX_POINT('',#10531);
#3010=VERTEX_POINT('',#10533);
#3011=VERTEX_POINT('',#10535);
#3012=VERTEX_POINT('',#10537);
#3013=VERTEX_POINT('',#10539);
#3014=VERTEX_POINT('',#10543);
#3015=VERTEX_POINT('',#10544);
#3016=VERTEX_POINT('',#10546);
#3017=VERTEX_POINT('',#10548);
#3018=VERTEX_POINT('',#10552);
#3019=VERTEX_POINT('',#10554);
#3020=VERTEX_POINT('',#10558);
#3021=VERTEX_POINT('',#10560);
#3022=VERTEX_POINT('',#10562);
#3023=VERTEX_POINT('',#10565);
#3024=VERTEX_POINT('',#10575);
#3025=VERTEX_POINT('',#10576);
#3026=VERTEX_POINT('',#10586);
#3027=VERTEX_POINT('',#10587);
#3028=VERTEX_POINT('',#10589);
#3029=VERTEX_POINT('',#10600);
#3030=VERTEX_POINT('',#10602);
#3031=VERTEX_POINT('',#10606);
#3032=VERTEX_POINT('',#10607);
#3033=VERTEX_POINT('',#10609);
#3034=VERTEX_POINT('',#10611);
#3035=VERTEX_POINT('',#10615);
#3036=VERTEX_POINT('',#10616);
#3037=VERTEX_POINT('',#10618);
#3038=VERTEX_POINT('',#10623);
#3039=VERTEX_POINT('',#10625);
#3040=VERTEX_POINT('',#10627);
#3041=VERTEX_POINT('',#10629);
#3042=VERTEX_POINT('',#10631);
#3043=VERTEX_POINT('',#10633);
#3044=VERTEX_POINT('',#10635);
#3045=VERTEX_POINT('',#10637);
#3046=VERTEX_POINT('',#10639);
#3047=VERTEX_POINT('',#10641);
#3048=VERTEX_POINT('',#10645);
#3049=VERTEX_POINT('',#10647);
#3050=VERTEX_POINT('',#10649);
#3051=VERTEX_POINT('',#10653);
#3052=VERTEX_POINT('',#10654);
#3053=VERTEX_POINT('',#10656);
#3054=VERTEX_POINT('',#10658);
#3055=VERTEX_POINT('',#10660);
#3056=VERTEX_POINT('',#10671);
#3057=VERTEX_POINT('',#10672);
#3058=VERTEX_POINT('',#10674);
#3059=VERTEX_POINT('',#10683);
#3060=VERTEX_POINT('',#10685);
#3061=VERTEX_POINT('',#10689);
#3062=VERTEX_POINT('',#10691);
#3063=VERTEX_POINT('',#10696);
#3064=VERTEX_POINT('',#10698);
#3065=VERTEX_POINT('',#10700);
#3066=VERTEX_POINT('',#10704);
#3067=VERTEX_POINT('',#10706);
#3068=VERTEX_POINT('',#10708);
#3069=VERTEX_POINT('',#10710);
#3070=VERTEX_POINT('',#10712);
#3071=VERTEX_POINT('',#10714);
#3072=VERTEX_POINT('',#10716);
#3073=VERTEX_POINT('',#10718);
#3074=VERTEX_POINT('',#10720);
#3075=VERTEX_POINT('',#10724);
#3076=VERTEX_POINT('',#10726);
#3077=VERTEX_POINT('',#10730);
#3078=VERTEX_POINT('',#10734);
#3079=VERTEX_POINT('',#10738);
#3080=VERTEX_POINT('',#10742);
#3081=VERTEX_POINT('',#10746);
#3082=VERTEX_POINT('',#10748);
#3083=VERTEX_POINT('',#10750);
#3084=VERTEX_POINT('',#10753);
#3085=VERTEX_POINT('',#10764);
#3086=VERTEX_POINT('',#10765);
#3087=VERTEX_POINT('',#10767);
#3088=VERTEX_POINT('',#10769);
#3089=VERTEX_POINT('',#10771);
#3090=VERTEX_POINT('',#10773);
#3091=VERTEX_POINT('',#10775);
#3092=VERTEX_POINT('',#10777);
#3093=VERTEX_POINT('',#10780);
#3094=VERTEX_POINT('',#10782);
#3095=VERTEX_POINT('',#10784);
#3096=VERTEX_POINT('',#10786);
#3097=VERTEX_POINT('',#10790);
#3098=VERTEX_POINT('',#10792);
#3099=VERTEX_POINT('',#10794);
#3100=VERTEX_POINT('',#10796);
#3101=VERTEX_POINT('',#10798);
#3102=VERTEX_POINT('',#10800);
#3103=VERTEX_POINT('',#10802);
#3104=VERTEX_POINT('',#10804);
#3105=VERTEX_POINT('',#10807);
#3106=VERTEX_POINT('',#10812);
#3107=VERTEX_POINT('',#10816);
#3108=VERTEX_POINT('',#10820);
#3109=VERTEX_POINT('',#10824);
#3110=VERTEX_POINT('',#10831);
#3111=VERTEX_POINT('',#10835);
#3112=VERTEX_POINT('',#10839);
#3113=VERTEX_POINT('',#10843);
#3114=VERTEX_POINT('',#10847);
#3115=VERTEX_POINT('',#10851);
#3116=VERTEX_POINT('',#10855);
#3117=VERTEX_POINT('',#10859);
#3118=VERTEX_POINT('',#10867);
#3119=VERTEX_POINT('',#10868);
#3120=VERTEX_POINT('',#10873);
#3121=VERTEX_POINT('',#10877);
#3122=VERTEX_POINT('',#10881);
#3123=VERTEX_POINT('',#10885);
#3124=VERTEX_POINT('',#10889);
#3125=VERTEX_POINT('',#10893);
#3126=VERTEX_POINT('',#10899);
#3127=VERTEX_POINT('',#10900);
#3128=VERTEX_POINT('',#10905);
#3129=VERTEX_POINT('',#10909);
#3130=VERTEX_POINT('',#10913);
#3131=VERTEX_POINT('',#10917);
#3132=VERTEX_POINT('',#10921);
#3133=VERTEX_POINT('',#10925);
#3134=VERTEX_POINT('',#10931);
#3135=VERTEX_POINT('',#10932);
#3136=VERTEX_POINT('',#10937);
#3137=VERTEX_POINT('',#10941);
#3138=VERTEX_POINT('',#10945);
#3139=VERTEX_POINT('',#10949);
#3140=VERTEX_POINT('',#10953);
#3141=VERTEX_POINT('',#10957);
#3142=VERTEX_POINT('',#10963);
#3143=VERTEX_POINT('',#10964);
#3144=VERTEX_POINT('',#10969);
#3145=VERTEX_POINT('',#10973);
#3146=VERTEX_POINT('',#10977);
#3147=VERTEX_POINT('',#10981);
#3148=VERTEX_POINT('',#10985);
#3149=VERTEX_POINT('',#10989);
#3150=VERTEX_POINT('',#11011);
#3151=VERTEX_POINT('',#11017);
#3152=VERTEX_POINT('',#11019);
#3153=VERTEX_POINT('',#11023);
#3154=VERTEX_POINT('',#11027);
#3155=VERTEX_POINT('',#11031);
#3156=VERTEX_POINT('',#11035);
#3157=VERTEX_POINT('',#11036);
#3158=VERTEX_POINT('',#11044);
#3159=VERTEX_POINT('',#11048);
#3160=EDGE_CURVE('',#2571,#2572,#2323,.T.);
#3161=EDGE_CURVE('',#2572,#2573,#2324,.T.);
#3162=EDGE_CURVE('',#2573,#2574,#2325,.T.);
#3163=EDGE_CURVE('',#2574,#2571,#2326,.T.);
#3164=EDGE_CURVE('',#2574,#2575,#287,.T.);
#3165=EDGE_CURVE('',#2575,#2576,#2327,.T.);
#3166=EDGE_CURVE('',#2571,#2576,#288,.T.);
#3167=EDGE_CURVE('',#2577,#2576,#2328,.T.);
#3168=EDGE_CURVE('',#2575,#2578,#2329,.T.);
#3169=EDGE_CURVE('',#2578,#2577,#2330,.T.);
#3170=EDGE_CURVE('',#2578,#2579,#289,.T.);
#3171=EDGE_CURVE('',#2579,#2580,#2331,.T.);
#3172=EDGE_CURVE('',#2577,#2580,#290,.T.);
#3173=EDGE_CURVE('',#2581,#2580,#2332,.T.);
#3174=EDGE_CURVE('',#2579,#2582,#2333,.T.);
#3175=EDGE_CURVE('',#2582,#2581,#2334,.T.);
#3176=EDGE_CURVE('',#2582,#2583,#291,.T.);
#3177=EDGE_CURVE('',#2583,#2584,#2335,.T.);
#3178=EDGE_CURVE('',#2581,#2584,#292,.T.);
#3179=EDGE_CURVE('',#2585,#2584,#2336,.T.);
#3180=EDGE_CURVE('',#2583,#2586,#2337,.T.);
#3181=EDGE_CURVE('',#2586,#2585,#2338,.T.);
#3182=EDGE_CURVE('',#2586,#2573,#293,.T.);
#3183=EDGE_CURVE('',#2585,#2572,#294,.T.);
#3184=EDGE_CURVE('',#2587,#2588,#295,.T.);
#3185=EDGE_CURVE('',#2589,#2588,#296,.T.);
#3186=EDGE_CURVE('',#2590,#2589,#297,.T.);
#3187=EDGE_CURVE('',#2590,#2587,#298,.T.);
#3188=EDGE_CURVE('',#2591,#2592,#299,.T.);
#3189=EDGE_CURVE('',#2592,#2593,#2339,.T.);
#3190=EDGE_CURVE('',#2594,#2593,#300,.T.);
#3191=EDGE_CURVE('',#2594,#2591,#2340,.T.);
#3192=EDGE_CURVE('',#2595,#2591,#2341,.T.);
#3193=EDGE_CURVE('',#2596,#2594,#2342,.T.);
#3194=EDGE_CURVE('',#2596,#2595,#2343,.T.);
#3195=EDGE_CURVE('',#2597,#2595,#301,.T.);
#3196=EDGE_CURVE('',#2598,#2596,#302,.T.);
#3197=EDGE_CURVE('',#2598,#2597,#2344,.T.);
#3198=EDGE_CURVE('',#2599,#2597,#2345,.T.);
#3199=EDGE_CURVE('',#2600,#2598,#2346,.T.);
#3200=EDGE_CURVE('',#2600,#2599,#2347,.T.);
#3201=EDGE_CURVE('',#2601,#2599,#303,.T.);
#3202=EDGE_CURVE('',#2602,#2600,#304,.T.);
#3203=EDGE_CURVE('',#2602,#2601,#2348,.T.);
#3204=EDGE_CURVE('',#2603,#2601,#2349,.T.);
#3205=EDGE_CURVE('',#2604,#2602,#2350,.T.);
#3206=EDGE_CURVE('',#2604,#2603,#2351,.T.);
#3207=EDGE_CURVE('',#2605,#2603,#305,.T.);
#3208=EDGE_CURVE('',#2606,#2604,#306,.T.);
#3209=EDGE_CURVE('',#2606,#2605,#2352,.T.);
#3210=EDGE_CURVE('',#2592,#2605,#2353,.T.);
#3211=EDGE_CURVE('',#2593,#2606,#2354,.T.);
#3212=EDGE_CURVE('',#2607,#2608,#307,.T.);
#3213=EDGE_CURVE('',#2609,#2608,#308,.T.);
#3214=EDGE_CURVE('',#2610,#2609,#309,.T.);
#3215=EDGE_CURVE('',#2610,#2607,#310,.T.);
#3216=EDGE_CURVE('',#2611,#2612,#2355,.T.);
#3217=EDGE_CURVE('',#2612,#2613,#56,.T.);
#3218=EDGE_CURVE('',#2613,#2611,#57,.T.);
#3219=EDGE_CURVE('',#2614,#2615,#2356,.T.);
#3220=EDGE_CURVE('',#2615,#2616,#58,.T.);
#3221=EDGE_CURVE('',#2616,#2614,#59,.T.);
#3222=EDGE_CURVE('',#2617,#2618,#2357,.T.);
#3223=EDGE_CURVE('',#2618,#2619,#60,.T.);
#3224=EDGE_CURVE('',#2619,#2617,#61,.T.);
#3225=EDGE_CURVE('',#2620,#2621,#2358,.T.);
#3226=EDGE_CURVE('',#2621,#2622,#62,.T.);
#3227=EDGE_CURVE('',#2622,#2620,#63,.T.);
#3228=EDGE_CURVE('',#2612,#2620,#311,.T.);
#3229=EDGE_CURVE('',#2622,#2613,#312,.T.);
#3230=EDGE_CURVE('',#2619,#2622,#313,.T.);
#3231=EDGE_CURVE('',#2621,#2617,#314,.T.);
#3232=EDGE_CURVE('',#2616,#2619,#315,.T.);
#3233=EDGE_CURVE('',#2618,#2614,#316,.T.);
#3234=EDGE_CURVE('',#2613,#2616,#317,.T.);
#3235=EDGE_CURVE('',#2615,#2611,#318,.T.);
#3236=EDGE_CURVE('',#2618,#2623,#319,.T.);
#3237=EDGE_CURVE('',#2623,#2624,#320,.T.);
#3238=EDGE_CURVE('',#2614,#2624,#321,.T.);
#3239=EDGE_CURVE('',#2617,#2625,#322,.T.);
#3240=EDGE_CURVE('',#2625,#2623,#2359,.T.);
#3241=EDGE_CURVE('',#2621,#2626,#323,.T.);
#3242=EDGE_CURVE('',#2626,#2627,#324,.T.);
#3243=EDGE_CURVE('',#2628,#2627,#325,.T.);
#3244=EDGE_CURVE('',#2629,#2628,#326,.T.);
#3245=EDGE_CURVE('',#2629,#2630,#327,.T.);
#3246=EDGE_CURVE('',#2630,#2631,#328,.T.);
#3247=EDGE_CURVE('',#2632,#2631,#329,.T.);
#3248=EDGE_CURVE('',#2633,#2632,#330,.T.);
#3249=EDGE_CURVE('',#2633,#2634,#331,.T.);
#3250=EDGE_CURVE('',#2634,#2625,#332,.T.);
#3251=EDGE_CURVE('',#2620,#2635,#333,.T.);
#3252=EDGE_CURVE('',#2635,#2626,#2360,.T.);
#3253=EDGE_CURVE('',#2636,#2637,#334,.T.);
#3254=EDGE_CURVE('',#2638,#2637,#2361,.T.);
#3255=EDGE_CURVE('',#2639,#2638,#335,.T.);
#3256=EDGE_CURVE('',#2639,#2636,#2362,.T.);
#3257=EDGE_CURVE('',#2640,#2641,#336,.T.);
#3258=EDGE_CURVE('',#2642,#2640,#337,.T.);
#3259=EDGE_CURVE('',#2643,#2642,#338,.T.);
#3260=EDGE_CURVE('',#2643,#2641,#339,.T.);
#3261=EDGE_CURVE('',#2644,#2645,#340,.T.);
#3262=EDGE_CURVE('',#2646,#2644,#341,.T.);
#3263=EDGE_CURVE('',#2647,#2646,#342,.T.);
#3264=EDGE_CURVE('',#2647,#2645,#343,.T.);
#3265=EDGE_CURVE('',#2648,#2640,#2363,.T.);
#3266=EDGE_CURVE('',#2649,#2648,#344,.T.);
#3267=EDGE_CURVE('',#2642,#2649,#2364,.T.);
#3268=EDGE_CURVE('',#2650,#2651,#345,.T.);
#3269=EDGE_CURVE('',#2641,#2651,#2365,.T.);
#3270=EDGE_CURVE('',#2650,#2643,#2366,.T.);
#3271=EDGE_CURVE('',#2652,#2653,#346,.T.);
#3272=EDGE_CURVE('',#2645,#2653,#2367,.T.);
#3273=EDGE_CURVE('',#2652,#2647,#2368,.T.);
#3274=EDGE_CURVE('',#2653,#2638,#347,.T.);
#3275=EDGE_CURVE('',#2654,#2652,#348,.T.);
#3276=EDGE_CURVE('',#2655,#2654,#349,.T.);
#3277=EDGE_CURVE('',#2651,#2655,#350,.T.);
#3278=EDGE_CURVE('',#2656,#2650,#351,.T.);
#3279=EDGE_CURVE('',#2657,#2656,#352,.T.);
#3280=EDGE_CURVE('',#2657,#2639,#353,.T.);
#3281=EDGE_CURVE('',#2637,#2658,#354,.T.);
#3282=EDGE_CURVE('',#2636,#2659,#355,.T.);
#3283=EDGE_CURVE('',#2659,#2658,#356,.T.);
#3284=EDGE_CURVE('',#2660,#2644,#2369,.T.);
#3285=EDGE_CURVE('',#2661,#2660,#357,.T.);
#3286=EDGE_CURVE('',#2646,#2661,#2370,.T.);
#3287=EDGE_CURVE('',#2662,#2660,#358,.T.);
#3288=EDGE_CURVE('',#2662,#2663,#359,.T.);
#3289=EDGE_CURVE('',#2663,#2664,#360,.T.);
#3290=EDGE_CURVE('',#2665,#2664,#361,.T.);
#3291=EDGE_CURVE('',#2649,#2665,#362,.T.);
#3292=EDGE_CURVE('',#2666,#2648,#363,.T.);
#3293=EDGE_CURVE('',#2667,#2666,#364,.T.);
#3294=EDGE_CURVE('',#2661,#2667,#365,.T.);
#3295=EDGE_CURVE('',#2658,#2662,#2371,.T.);
#3296=EDGE_CURVE('',#2659,#2663,#2372,.T.);
#3297=EDGE_CURVE('',#2668,#2669,#366,.T.);
#3298=EDGE_CURVE('',#2670,#2669,#2373,.T.);
#3299=EDGE_CURVE('',#2671,#2670,#367,.T.);
#3300=EDGE_CURVE('',#2671,#2668,#2374,.T.);
#3301=EDGE_CURVE('',#2672,#2673,#368,.T.);
#3302=EDGE_CURVE('',#2674,#2672,#369,.T.);
#3303=EDGE_CURVE('',#2675,#2674,#370,.T.);
#3304=EDGE_CURVE('',#2675,#2673,#371,.T.);
#3305=EDGE_CURVE('',#2676,#2677,#372,.T.);
#3306=EDGE_CURVE('',#2678,#2676,#373,.T.);
#3307=EDGE_CURVE('',#2679,#2678,#374,.T.);
#3308=EDGE_CURVE('',#2679,#2677,#375,.T.);
#3309=EDGE_CURVE('',#2680,#2672,#2375,.T.);
#3310=EDGE_CURVE('',#2681,#2680,#376,.T.);
#3311=EDGE_CURVE('',#2674,#2681,#2376,.T.);
#3312=EDGE_CURVE('',#2682,#2683,#377,.T.);
#3313=EDGE_CURVE('',#2673,#2683,#2377,.T.);
#3314=EDGE_CURVE('',#2682,#2675,#2378,.T.);
#3315=EDGE_CURVE('',#2684,#2685,#378,.T.);
#3316=EDGE_CURVE('',#2677,#2685,#2379,.T.);
#3317=EDGE_CURVE('',#2684,#2679,#2380,.T.);
#3318=EDGE_CURVE('',#2685,#2670,#379,.T.);
#3319=EDGE_CURVE('',#2686,#2684,#380,.T.);
#3320=EDGE_CURVE('',#2687,#2686,#381,.T.);
#3321=EDGE_CURVE('',#2683,#2687,#382,.T.);
#3322=EDGE_CURVE('',#2688,#2682,#383,.T.);
#3323=EDGE_CURVE('',#2689,#2688,#384,.T.);
#3324=EDGE_CURVE('',#2689,#2671,#385,.T.);
#3325=EDGE_CURVE('',#2669,#2690,#386,.T.);
#3326=EDGE_CURVE('',#2668,#2691,#387,.T.);
#3327=EDGE_CURVE('',#2691,#2690,#388,.T.);
#3328=EDGE_CURVE('',#2692,#2676,#2381,.T.);
#3329=EDGE_CURVE('',#2693,#2692,#389,.T.);
#3330=EDGE_CURVE('',#2678,#2693,#2382,.T.);
#3331=EDGE_CURVE('',#2694,#2692,#390,.T.);
#3332=EDGE_CURVE('',#2694,#2695,#391,.T.);
#3333=EDGE_CURVE('',#2695,#2696,#392,.T.);
#3334=EDGE_CURVE('',#2697,#2696,#393,.T.);
#3335=EDGE_CURVE('',#2681,#2697,#394,.T.);
#3336=EDGE_CURVE('',#2698,#2680,#395,.T.);
#3337=EDGE_CURVE('',#2699,#2698,#396,.T.);
#3338=EDGE_CURVE('',#2693,#2699,#397,.T.);
#3339=EDGE_CURVE('',#2690,#2694,#2383,.T.);
#3340=EDGE_CURVE('',#2691,#2695,#2384,.T.);
#3341=EDGE_CURVE('',#2700,#2701,#398,.T.);
#3342=EDGE_CURVE('',#2700,#2702,#399,.T.);
#3343=EDGE_CURVE('',#2703,#2702,#400,.T.);
#3344=EDGE_CURVE('',#2701,#2703,#401,.T.);
#3345=EDGE_CURVE('',#2704,#2705,#402,.T.);
#3346=EDGE_CURVE('',#2704,#2706,#403,.T.);
#3347=EDGE_CURVE('',#2707,#2706,#404,.T.);
#3348=EDGE_CURVE('',#2705,#2707,#405,.T.);
#3349=EDGE_CURVE('',#2708,#2709,#406,.T.);
#3350=EDGE_CURVE('',#2701,#2708,#2385,.T.);
#3351=EDGE_CURVE('',#2709,#2703,#2386,.T.);
#3352=EDGE_CURVE('',#2710,#2711,#407,.T.);
#3353=EDGE_CURVE('',#2705,#2710,#2387,.T.);
#3354=EDGE_CURVE('',#2711,#2707,#2388,.T.);
#3355=EDGE_CURVE('',#2712,#2700,#2389,.T.);
#3356=EDGE_CURVE('',#2712,#2713,#408,.T.);
#3357=EDGE_CURVE('',#2702,#2713,#2390,.T.);
#3358=EDGE_CURVE('',#2708,#2714,#409,.T.);
#3359=EDGE_CURVE('',#2715,#2709,#410,.T.);
#3360=EDGE_CURVE('',#2715,#2714,#411,.T.);
#3361=EDGE_CURVE('',#2710,#2716,#412,.T.);
#3362=EDGE_CURVE('',#2717,#2711,#413,.T.);
#3363=EDGE_CURVE('',#2717,#2716,#414,.T.);
#3364=EDGE_CURVE('',#2718,#2712,#415,.T.);
#3365=EDGE_CURVE('',#2718,#2719,#416,.T.);
#3366=EDGE_CURVE('',#2713,#2719,#417,.T.);
#3367=EDGE_CURVE('',#2720,#2721,#418,.T.);
#3368=EDGE_CURVE('',#2714,#2720,#2391,.T.);
#3369=EDGE_CURVE('',#2721,#2715,#2392,.T.);
#3370=EDGE_CURVE('',#2722,#2723,#419,.T.);
#3371=EDGE_CURVE('',#2716,#2722,#2393,.T.);
#3372=EDGE_CURVE('',#2723,#2717,#2394,.T.);
#3373=EDGE_CURVE('',#2724,#2718,#2395,.T.);
#3374=EDGE_CURVE('',#2724,#2725,#420,.T.);
#3375=EDGE_CURVE('',#2719,#2725,#2396,.T.);
#3376=EDGE_CURVE('',#2720,#2724,#421,.T.);
#3377=EDGE_CURVE('',#2725,#2721,#422,.T.);
#3378=EDGE_CURVE('',#2722,#2726,#423,.T.);
#3379=EDGE_CURVE('',#2727,#2723,#424,.T.);
#3380=EDGE_CURVE('',#2726,#2727,#425,.T.);
#3381=EDGE_CURVE('',#2728,#2729,#426,.T.);
#3382=EDGE_CURVE('',#2726,#2728,#2397,.T.);
#3383=EDGE_CURVE('',#2729,#2727,#2398,.T.);
#3384=EDGE_CURVE('',#2728,#2730,#427,.T.);
#3385=EDGE_CURVE('',#2731,#2729,#428,.T.);
#3386=EDGE_CURVE('',#2730,#2731,#429,.T.);
#3387=EDGE_CURVE('',#2730,#2704,#2399,.T.);
#3388=EDGE_CURVE('',#2706,#2731,#2400,.T.);
#3389=EDGE_CURVE('',#2732,#2733,#430,.T.);
#3390=EDGE_CURVE('',#2732,#2734,#431,.T.);
#3391=EDGE_CURVE('',#2735,#2734,#432,.T.);
#3392=EDGE_CURVE('',#2733,#2735,#433,.T.);
#3393=EDGE_CURVE('',#2736,#2737,#434,.T.);
#3394=EDGE_CURVE('',#2736,#2738,#435,.T.);
#3395=EDGE_CURVE('',#2739,#2738,#436,.T.);
#3396=EDGE_CURVE('',#2737,#2739,#437,.T.);
#3397=EDGE_CURVE('',#2740,#2741,#438,.T.);
#3398=EDGE_CURVE('',#2733,#2740,#2401,.T.);
#3399=EDGE_CURVE('',#2741,#2735,#2402,.T.);
#3400=EDGE_CURVE('',#2742,#2743,#439,.T.);
#3401=EDGE_CURVE('',#2737,#2742,#2403,.T.);
#3402=EDGE_CURVE('',#2743,#2739,#2404,.T.);
#3403=EDGE_CURVE('',#2744,#2732,#2405,.T.);
#3404=EDGE_CURVE('',#2744,#2745,#440,.T.);
#3405=EDGE_CURVE('',#2734,#2745,#2406,.T.);
#3406=EDGE_CURVE('',#2740,#2746,#441,.T.);
#3407=EDGE_CURVE('',#2747,#2741,#442,.T.);
#3408=EDGE_CURVE('',#2747,#2746,#443,.T.);
#3409=EDGE_CURVE('',#2742,#2748,#444,.T.);
#3410=EDGE_CURVE('',#2749,#2743,#445,.T.);
#3411=EDGE_CURVE('',#2749,#2748,#446,.T.);
#3412=EDGE_CURVE('',#2750,#2744,#447,.T.);
#3413=EDGE_CURVE('',#2750,#2751,#448,.T.);
#3414=EDGE_CURVE('',#2745,#2751,#449,.T.);
#3415=EDGE_CURVE('',#2752,#2753,#450,.T.);
#3416=EDGE_CURVE('',#2746,#2752,#2407,.T.);
#3417=EDGE_CURVE('',#2753,#2747,#2408,.T.);
#3418=EDGE_CURVE('',#2754,#2755,#451,.T.);
#3419=EDGE_CURVE('',#2748,#2754,#2409,.T.);
#3420=EDGE_CURVE('',#2755,#2749,#2410,.T.);
#3421=EDGE_CURVE('',#2756,#2750,#2411,.T.);
#3422=EDGE_CURVE('',#2756,#2757,#452,.T.);
#3423=EDGE_CURVE('',#2751,#2757,#2412,.T.);
#3424=EDGE_CURVE('',#2752,#2756,#453,.T.);
#3425=EDGE_CURVE('',#2757,#2753,#454,.T.);
#3426=EDGE_CURVE('',#2754,#2758,#455,.T.);
#3427=EDGE_CURVE('',#2759,#2755,#456,.T.);
#3428=EDGE_CURVE('',#2758,#2759,#457,.T.);
#3429=EDGE_CURVE('',#2760,#2761,#458,.T.);
#3430=EDGE_CURVE('',#2758,#2760,#2413,.T.);
#3431=EDGE_CURVE('',#2761,#2759,#2414,.T.);
#3432=EDGE_CURVE('',#2760,#2762,#459,.T.);
#3433=EDGE_CURVE('',#2763,#2761,#460,.T.);
#3434=EDGE_CURVE('',#2762,#2763,#461,.T.);
#3435=EDGE_CURVE('',#2762,#2736,#2415,.T.);
#3436=EDGE_CURVE('',#2738,#2763,#2416,.T.);
#3437=EDGE_CURVE('',#2764,#2654,#462,.T.);
#3438=EDGE_CURVE('',#2765,#2764,#463,.T.);
#3439=EDGE_CURVE('',#2655,#2765,#464,.T.);
#3440=EDGE_CURVE('',#2766,#2656,#465,.T.);
#3441=EDGE_CURVE('',#2767,#2766,#466,.T.);
#3442=EDGE_CURVE('',#2657,#2767,#467,.T.);
#3443=EDGE_CURVE('',#2768,#2664,#468,.T.);
#3444=EDGE_CURVE('',#2769,#2768,#469,.T.);
#3445=EDGE_CURVE('',#2665,#2769,#470,.T.);
#3446=EDGE_CURVE('',#2770,#2686,#471,.T.);
#3447=EDGE_CURVE('',#2771,#2770,#472,.T.);
#3448=EDGE_CURVE('',#2687,#2771,#473,.T.);
#3449=EDGE_CURVE('',#2772,#2688,#474,.T.);
#3450=EDGE_CURVE('',#2773,#2772,#475,.T.);
#3451=EDGE_CURVE('',#2689,#2773,#476,.T.);
#3452=EDGE_CURVE('',#2774,#2696,#477,.T.);
#3453=EDGE_CURVE('',#2775,#2774,#478,.T.);
#3454=EDGE_CURVE('',#2697,#2775,#479,.T.);
#3455=EDGE_CURVE('',#2776,#2767,#480,.T.);
#3456=EDGE_CURVE('',#2777,#2776,#481,.T.);
#3457=EDGE_CURVE('',#2777,#2768,#482,.T.);
#3458=EDGE_CURVE('',#2778,#2765,#483,.T.);
#3459=EDGE_CURVE('',#2779,#2778,#484,.T.);
#3460=EDGE_CURVE('',#2779,#2780,#485,.T.);
#3461=EDGE_CURVE('',#2780,#2666,#486,.T.);
#3462=EDGE_CURVE('',#2781,#2773,#487,.T.);
#3463=EDGE_CURVE('',#2782,#2781,#488,.T.);
#3464=EDGE_CURVE('',#2782,#2774,#489,.T.);
#3465=EDGE_CURVE('',#2783,#2771,#490,.T.);
#3466=EDGE_CURVE('',#2784,#2783,#491,.T.);
#3467=EDGE_CURVE('',#2784,#2785,#492,.T.);
#3468=EDGE_CURVE('',#2785,#2698,#493,.T.);
#3469=EDGE_CURVE('',#2667,#2786,#494,.T.);
#3470=EDGE_CURVE('',#2787,#2786,#495,.T.);
#3471=EDGE_CURVE('',#2788,#2787,#496,.T.);
#3472=EDGE_CURVE('',#2788,#2764,#497,.T.);
#3473=EDGE_CURVE('',#2786,#2780,#498,.T.);
#3474=EDGE_CURVE('',#2699,#2789,#499,.T.);
#3475=EDGE_CURVE('',#2790,#2789,#500,.T.);
#3476=EDGE_CURVE('',#2791,#2790,#501,.T.);
#3477=EDGE_CURVE('',#2791,#2770,#502,.T.);
#3478=EDGE_CURVE('',#2789,#2785,#503,.T.);
#3479=EDGE_CURVE('',#2792,#2607,#2417,.T.);
#3480=EDGE_CURVE('',#2793,#2792,#504,.T.);
#3481=EDGE_CURVE('',#2794,#2793,#2418,.T.);
#3482=EDGE_CURVE('',#2795,#2794,#505,.T.);
#3483=EDGE_CURVE('',#2796,#2795,#2419,.T.);
#3484=EDGE_CURVE('',#2797,#2796,#506,.T.);
#3485=EDGE_CURVE('',#2798,#2797,#2420,.T.);
#3486=EDGE_CURVE('',#2799,#2798,#507,.T.);
#3487=EDGE_CURVE('',#2800,#2799,#2421,.T.);
#3488=EDGE_CURVE('',#2801,#2800,#508,.T.);
#3489=EDGE_CURVE('',#2802,#2801,#2422,.T.);
#3490=EDGE_CURVE('',#2803,#2802,#509,.T.);
#3491=EDGE_CURVE('',#2804,#2803,#2423,.T.);
#3492=EDGE_CURVE('',#2805,#2804,#510,.T.);
#3493=EDGE_CURVE('',#2588,#2805,#2424,.T.);
#3494=EDGE_CURVE('',#2806,#2587,#2425,.T.);
#3495=EDGE_CURVE('',#2807,#2806,#511,.T.);
#3496=EDGE_CURVE('',#2808,#2807,#2426,.T.);
#3497=EDGE_CURVE('',#2809,#2808,#512,.T.);
#3498=EDGE_CURVE('',#2810,#2809,#2427,.T.);
#3499=EDGE_CURVE('',#2811,#2810,#513,.T.);
#3500=EDGE_CURVE('',#2812,#2811,#2428,.T.);
#3501=EDGE_CURVE('',#2813,#2812,#514,.T.);
#3502=EDGE_CURVE('',#2814,#2813,#2429,.T.);
#3503=EDGE_CURVE('',#2815,#2814,#515,.T.);
#3504=EDGE_CURVE('',#2608,#2815,#2430,.T.);
#3505=EDGE_CURVE('',#2816,#2788,#516,.T.);
#3506=EDGE_CURVE('',#2787,#2817,#517,.T.);
#3507=EDGE_CURVE('',#2818,#2817,#518,.T.);
#3508=EDGE_CURVE('',#2624,#2818,#2431,.T.);
#3509=EDGE_CURVE('',#2634,#2777,#519,.T.);
#3510=EDGE_CURVE('',#2776,#2631,#520,.T.);
#3511=EDGE_CURVE('',#2630,#2782,#521,.T.);
#3512=EDGE_CURVE('',#2781,#2627,#522,.T.);
#3513=EDGE_CURVE('',#2819,#2635,#523,.T.);
#3514=EDGE_CURVE('',#2820,#2819,#2432,.T.);
#3515=EDGE_CURVE('',#2821,#2820,#524,.T.);
#3516=EDGE_CURVE('',#2821,#2791,#525,.T.);
#3517=EDGE_CURVE('',#2790,#2822,#526,.T.);
#3518=EDGE_CURVE('',#2816,#2822,#527,.T.);
#3519=EDGE_CURVE('',#2612,#2819,#528,.T.);
#3520=EDGE_CURVE('',#2823,#2772,#529,.T.);
#3521=EDGE_CURVE('',#2628,#2823,#530,.T.);
#3522=EDGE_CURVE('',#2824,#2775,#531,.T.);
#3523=EDGE_CURVE('',#2823,#2824,#532,.T.);
#3524=EDGE_CURVE('',#2824,#2629,#533,.T.);
#3525=EDGE_CURVE('',#2825,#2766,#534,.T.);
#3526=EDGE_CURVE('',#2632,#2825,#535,.T.);
#3527=EDGE_CURVE('',#2826,#2769,#536,.T.);
#3528=EDGE_CURVE('',#2825,#2826,#537,.T.);
#3529=EDGE_CURVE('',#2826,#2633,#538,.T.);
#3530=EDGE_CURVE('',#2827,#2779,#539,.T.);
#3531=EDGE_CURVE('',#2827,#2817,#540,.T.);
#3532=EDGE_CURVE('',#2828,#2816,#541,.T.);
#3533=EDGE_CURVE('',#2778,#2828,#542,.T.);
#3534=EDGE_CURVE('',#2829,#2784,#543,.T.);
#3535=EDGE_CURVE('',#2829,#2822,#544,.T.);
#3536=EDGE_CURVE('',#2830,#2821,#545,.T.);
#3537=EDGE_CURVE('',#2783,#2830,#546,.T.);
#3538=EDGE_CURVE('',#2828,#2827,#547,.T.);
#3539=EDGE_CURVE('',#2830,#2829,#548,.T.);
#3540=EDGE_CURVE('',#2615,#2818,#549,.T.);
#3541=EDGE_CURVE('',#2611,#2820,#550,.T.);
#3542=EDGE_CURVE('',#2831,#2805,#551,.T.);
#3543=EDGE_CURVE('',#2589,#2831,#2433,.T.);
#3544=EDGE_CURVE('',#2832,#2804,#552,.T.);
#3545=EDGE_CURVE('',#2831,#2832,#553,.T.);
#3546=EDGE_CURVE('',#2833,#2803,#554,.T.);
#3547=EDGE_CURVE('',#2832,#2833,#2434,.T.);
#3548=EDGE_CURVE('',#2834,#2802,#555,.T.);
#3549=EDGE_CURVE('',#2833,#2834,#556,.T.);
#3550=EDGE_CURVE('',#2835,#2801,#557,.T.);
#3551=EDGE_CURVE('',#2834,#2835,#2435,.T.);
#3552=EDGE_CURVE('',#2836,#2800,#558,.T.);
#3553=EDGE_CURVE('',#2835,#2836,#559,.T.);
#3554=EDGE_CURVE('',#2837,#2799,#560,.T.);
#3555=EDGE_CURVE('',#2836,#2837,#2436,.T.);
#3556=EDGE_CURVE('',#2838,#2798,#561,.T.);
#3557=EDGE_CURVE('',#2837,#2838,#562,.T.);
#3558=EDGE_CURVE('',#2839,#2797,#563,.T.);
#3559=EDGE_CURVE('',#2838,#2839,#2437,.T.);
#3560=EDGE_CURVE('',#2840,#2796,#564,.T.);
#3561=EDGE_CURVE('',#2839,#2840,#565,.T.);
#3562=EDGE_CURVE('',#2841,#2795,#566,.T.);
#3563=EDGE_CURVE('',#2840,#2841,#2438,.T.);
#3564=EDGE_CURVE('',#2842,#2794,#567,.T.);
#3565=EDGE_CURVE('',#2841,#2842,#568,.T.);
#3566=EDGE_CURVE('',#2843,#2793,#569,.T.);
#3567=EDGE_CURVE('',#2842,#2843,#2439,.T.);
#3568=EDGE_CURVE('',#2844,#2792,#570,.T.);
#3569=EDGE_CURVE('',#2843,#2844,#571,.T.);
#3570=EDGE_CURVE('',#2844,#2610,#2440,.T.);
#3571=EDGE_CURVE('',#2845,#2815,#572,.T.);
#3572=EDGE_CURVE('',#2609,#2845,#2441,.T.);
#3573=EDGE_CURVE('',#2846,#2814,#573,.T.);
#3574=EDGE_CURVE('',#2845,#2846,#574,.T.);
#3575=EDGE_CURVE('',#2847,#2813,#575,.T.);
#3576=EDGE_CURVE('',#2846,#2847,#2442,.T.);
#3577=EDGE_CURVE('',#2848,#2812,#576,.T.);
#3578=EDGE_CURVE('',#2847,#2848,#577,.T.);
#3579=EDGE_CURVE('',#2849,#2811,#578,.T.);
#3580=EDGE_CURVE('',#2848,#2849,#2443,.T.);
#3581=EDGE_CURVE('',#2850,#2810,#579,.T.);
#3582=EDGE_CURVE('',#2849,#2850,#580,.T.);
#3583=EDGE_CURVE('',#2851,#2809,#581,.T.);
#3584=EDGE_CURVE('',#2850,#2851,#2444,.T.);
#3585=EDGE_CURVE('',#2852,#2808,#582,.T.);
#3586=EDGE_CURVE('',#2851,#2852,#583,.T.);
#3587=EDGE_CURVE('',#2853,#2807,#584,.T.);
#3588=EDGE_CURVE('',#2852,#2853,#2445,.T.);
#3589=EDGE_CURVE('',#2854,#2806,#585,.T.);
#3590=EDGE_CURVE('',#2853,#2854,#586,.T.);
#3591=EDGE_CURVE('',#2854,#2590,#2446,.T.);
#3592=EDGE_CURVE('',#2855,#2856,#587,.T.);
#3593=EDGE_CURVE('',#2856,#2857,#588,.T.);
#3594=EDGE_CURVE('',#2858,#2857,#589,.T.);
#3595=EDGE_CURVE('',#2855,#2858,#590,.T.);
#3596=EDGE_CURVE('',#2859,#2855,#591,.T.);
#3597=EDGE_CURVE('',#2860,#2858,#592,.T.);
#3598=EDGE_CURVE('',#2859,#2860,#593,.T.);
#3599=EDGE_CURVE('',#2861,#2859,#594,.T.);
#3600=EDGE_CURVE('',#2862,#2860,#595,.T.);
#3601=EDGE_CURVE('',#2861,#2862,#596,.T.);
#3602=EDGE_CURVE('',#2856,#2861,#597,.T.);
#3603=EDGE_CURVE('',#2857,#2862,#598,.T.);
#3604=EDGE_CURVE('',#2863,#2864,#599,.T.);
#3605=EDGE_CURVE('',#2863,#2865,#2447,.T.);
#3606=EDGE_CURVE('',#2865,#2866,#600,.T.);
#3607=EDGE_CURVE('',#2866,#2864,#2448,.T.);
#3608=EDGE_CURVE('',#2867,#2868,#601,.T.);
#3609=EDGE_CURVE('',#2867,#2869,#2449,.T.);
#3610=EDGE_CURVE('',#2869,#2870,#602,.T.);
#3611=EDGE_CURVE('',#2870,#2868,#2450,.T.);
#3612=EDGE_CURVE('',#2871,#2872,#17,.T.);
#3613=EDGE_CURVE('',#2871,#2873,#603,.T.);
#3614=EDGE_CURVE('',#2868,#2873,#18,.T.);
#3615=EDGE_CURVE('',#2872,#2868,#604,.T.);
#3616=EDGE_CURVE('',#2874,#2871,#19,.T.);
#3617=EDGE_CURVE('',#2874,#2867,#605,.T.);
#3618=EDGE_CURVE('',#2873,#2867,#20,.T.);
#3619=EDGE_CURVE('',#2875,#2863,#21,.T.);
#3620=EDGE_CURVE('',#2864,#2875,#22,.T.);
#3621=EDGE_CURVE('',#2876,#2869,#606,.T.);
#3622=EDGE_CURVE('',#2877,#2876,#607,.T.);
#3623=EDGE_CURVE('',#2878,#2877,#608,.T.);
#3624=EDGE_CURVE('',#2879,#2878,#609,.T.);
#3625=EDGE_CURVE('',#2870,#2879,#610,.T.);
#3626=EDGE_CURVE('',#2879,#2880,#611,.T.);
#3627=EDGE_CURVE('',#2865,#2880,#612,.T.);
#3628=EDGE_CURVE('',#2872,#2863,#613,.T.);
#3629=EDGE_CURVE('',#2878,#2881,#614,.T.);
#3630=EDGE_CURVE('',#2880,#2881,#615,.T.);
#3631=EDGE_CURVE('',#2877,#2882,#616,.T.);
#3632=EDGE_CURVE('',#2881,#2882,#617,.T.);
#3633=EDGE_CURVE('',#2876,#2883,#618,.T.);
#3634=EDGE_CURVE('',#2882,#2883,#619,.T.);
#3635=EDGE_CURVE('',#2871,#2875,#620,.T.);
#3636=EDGE_CURVE('',#2874,#2864,#621,.T.);
#3637=EDGE_CURVE('',#2883,#2866,#622,.T.);
#3638=EDGE_CURVE('',#2884,#2885,#623,.T.);
#3639=EDGE_CURVE('',#2884,#2886,#2451,.T.);
#3640=EDGE_CURVE('',#2886,#2887,#624,.T.);
#3641=EDGE_CURVE('',#2887,#2885,#2452,.T.);
#3642=EDGE_CURVE('',#2888,#2889,#625,.T.);
#3643=EDGE_CURVE('',#2888,#2890,#2453,.T.);
#3644=EDGE_CURVE('',#2890,#2891,#626,.T.);
#3645=EDGE_CURVE('',#2891,#2889,#2454,.T.);
#3646=EDGE_CURVE('',#2892,#2893,#23,.T.);
#3647=EDGE_CURVE('',#2892,#2894,#627,.T.);
#3648=EDGE_CURVE('',#2885,#2894,#24,.T.);
#3649=EDGE_CURVE('',#2893,#2885,#628,.T.);
#3650=EDGE_CURVE('',#2895,#2892,#25,.T.);
#3651=EDGE_CURVE('',#2895,#2884,#629,.T.);
#3652=EDGE_CURVE('',#2894,#2884,#26,.T.);
#3653=EDGE_CURVE('',#2889,#2896,#27,.T.);
#3654=EDGE_CURVE('',#2896,#2888,#28,.T.);
#3655=EDGE_CURVE('',#2890,#2897,#630,.T.);
#3656=EDGE_CURVE('',#2897,#2898,#631,.T.);
#3657=EDGE_CURVE('',#2898,#2899,#632,.T.);
#3658=EDGE_CURVE('',#2899,#2900,#633,.T.);
#3659=EDGE_CURVE('',#2900,#2891,#634,.T.);
#3660=EDGE_CURVE('',#2901,#2886,#635,.T.);
#3661=EDGE_CURVE('',#2902,#2901,#636,.T.);
#3662=EDGE_CURVE('',#2903,#2902,#637,.T.);
#3663=EDGE_CURVE('',#2904,#2903,#638,.T.);
#3664=EDGE_CURVE('',#2887,#2904,#639,.T.);
#3665=EDGE_CURVE('',#2892,#2896,#640,.T.);
#3666=EDGE_CURVE('',#2895,#2889,#641,.T.);
#3667=EDGE_CURVE('',#2893,#2888,#642,.T.);
#3668=EDGE_CURVE('',#2904,#2897,#643,.T.);
#3669=EDGE_CURVE('',#2903,#2898,#644,.T.);
#3670=EDGE_CURVE('',#2901,#2900,#645,.T.);
#3671=EDGE_CURVE('',#2902,#2899,#646,.T.);
#3672=EDGE_CURVE('',#2905,#2906,#647,.T.);
#3673=EDGE_CURVE('',#2907,#2905,#2455,.T.);
#3674=EDGE_CURVE('',#2907,#2908,#648,.T.);
#3675=EDGE_CURVE('',#2906,#2908,#2456,.T.);
#3676=EDGE_CURVE('',#2909,#2910,#649,.T.);
#3677=EDGE_CURVE('',#2911,#2909,#2457,.T.);
#3678=EDGE_CURVE('',#2911,#2912,#650,.T.);
#3679=EDGE_CURVE('',#2910,#2912,#2458,.T.);
#3680=EDGE_CURVE('',#2913,#2914,#651,.T.);
#3681=EDGE_CURVE('',#2913,#2915,#29,.T.);
#3682=EDGE_CURVE('',#2915,#2912,#652,.T.);
#3683=EDGE_CURVE('',#2912,#2914,#30,.T.);
#3684=EDGE_CURVE('',#2916,#2911,#653,.T.);
#3685=EDGE_CURVE('',#2916,#2913,#31,.T.);
#3686=EDGE_CURVE('',#2914,#2911,#32,.T.);
#3687=EDGE_CURVE('',#2917,#2907,#33,.T.);
#3688=EDGE_CURVE('',#2908,#2917,#34,.T.);
#3689=EDGE_CURVE('',#2910,#2918,#654,.T.);
#3690=EDGE_CURVE('',#2918,#2919,#655,.T.);
#3691=EDGE_CURVE('',#2919,#2920,#656,.T.);
#3692=EDGE_CURVE('',#2920,#2921,#657,.T.);
#3693=EDGE_CURVE('',#2921,#2909,#658,.T.);
#3694=EDGE_CURVE('',#2915,#2907,#659,.T.);
#3695=EDGE_CURVE('',#2905,#2922,#660,.T.);
#3696=EDGE_CURVE('',#2918,#2922,#661,.T.);
#3697=EDGE_CURVE('',#2922,#2923,#662,.T.);
#3698=EDGE_CURVE('',#2919,#2923,#663,.T.);
#3699=EDGE_CURVE('',#2923,#2924,#664,.T.);
#3700=EDGE_CURVE('',#2920,#2924,#665,.T.);
#3701=EDGE_CURVE('',#2924,#2925,#666,.T.);
#3702=EDGE_CURVE('',#2921,#2925,#667,.T.);
#3703=EDGE_CURVE('',#2913,#2917,#668,.T.);
#3704=EDGE_CURVE('',#2916,#2908,#669,.T.);
#3705=EDGE_CURVE('',#2925,#2906,#670,.T.);
#3706=EDGE_CURVE('',#2926,#2927,#671,.T.);
#3707=EDGE_CURVE('',#2928,#2926,#2459,.T.);
#3708=EDGE_CURVE('',#2928,#2929,#672,.T.);
#3709=EDGE_CURVE('',#2927,#2929,#2460,.T.);
#3710=EDGE_CURVE('',#2930,#2931,#673,.T.);
#3711=EDGE_CURVE('',#2932,#2930,#2461,.T.);
#3712=EDGE_CURVE('',#2932,#2933,#674,.T.);
#3713=EDGE_CURVE('',#2931,#2933,#2462,.T.);
#3714=EDGE_CURVE('',#2934,#2935,#675,.T.);
#3715=EDGE_CURVE('',#2934,#2936,#35,.T.);
#3716=EDGE_CURVE('',#2936,#2929,#676,.T.);
#3717=EDGE_CURVE('',#2929,#2935,#36,.T.);
#3718=EDGE_CURVE('',#2937,#2928,#677,.T.);
#3719=EDGE_CURVE('',#2937,#2934,#37,.T.);
#3720=EDGE_CURVE('',#2935,#2928,#38,.T.);
#3721=EDGE_CURVE('',#2938,#2932,#39,.T.);
#3722=EDGE_CURVE('',#2933,#2938,#40,.T.);
#3723=EDGE_CURVE('',#2939,#2931,#678,.T.);
#3724=EDGE_CURVE('',#2940,#2939,#679,.T.);
#3725=EDGE_CURVE('',#2941,#2940,#680,.T.);
#3726=EDGE_CURVE('',#2942,#2941,#681,.T.);
#3727=EDGE_CURVE('',#2930,#2942,#682,.T.);
#3728=EDGE_CURVE('',#2927,#2943,#683,.T.);
#3729=EDGE_CURVE('',#2943,#2944,#684,.T.);
#3730=EDGE_CURVE('',#2944,#2945,#685,.T.);
#3731=EDGE_CURVE('',#2945,#2946,#686,.T.);
#3732=EDGE_CURVE('',#2946,#2926,#687,.T.);
#3733=EDGE_CURVE('',#2934,#2938,#688,.T.);
#3734=EDGE_CURVE('',#2937,#2933,#689,.T.);
#3735=EDGE_CURVE('',#2936,#2932,#690,.T.);
#3736=EDGE_CURVE('',#2943,#2942,#691,.T.);
#3737=EDGE_CURVE('',#2944,#2941,#692,.T.);
#3738=EDGE_CURVE('',#2946,#2939,#693,.T.);
#3739=EDGE_CURVE('',#2945,#2940,#694,.T.);
#3740=EDGE_CURVE('',#2947,#2948,#2463,.T.);
#3741=EDGE_CURVE('',#2948,#2949,#695,.T.);
#3742=EDGE_CURVE('',#2949,#2950,#2464,.T.);
#3743=EDGE_CURVE('',#2950,#2947,#696,.T.);
#3744=EDGE_CURVE('',#2949,#2951,#2465,.T.);
#3745=EDGE_CURVE('',#2951,#2952,#2466,.T.);
#3746=EDGE_CURVE('',#2952,#2950,#2467,.T.);
#3747=EDGE_CURVE('',#2953,#2954,#2468,.T.);
#3748=EDGE_CURVE('',#2954,#2952,#697,.T.);
#3749=EDGE_CURVE('',#2951,#2953,#698,.T.);
#3750=EDGE_CURVE('',#2953,#2955,#2469,.T.);
#3751=EDGE_CURVE('',#2955,#2956,#2470,.T.);
#3752=EDGE_CURVE('',#2956,#2954,#2471,.T.);
#3753=EDGE_CURVE('',#2957,#2958,#2472,.T.);
#3754=EDGE_CURVE('',#2958,#2956,#699,.T.);
#3755=EDGE_CURVE('',#2955,#2957,#700,.T.);
#3756=EDGE_CURVE('',#2957,#2959,#2473,.T.);
#3757=EDGE_CURVE('',#2959,#2960,#2474,.T.);
#3758=EDGE_CURVE('',#2960,#2958,#2475,.T.);
#3759=EDGE_CURVE('',#2961,#2962,#2476,.T.);
#3760=EDGE_CURVE('',#2962,#2960,#701,.T.);
#3761=EDGE_CURVE('',#2959,#2961,#702,.T.);
#3762=EDGE_CURVE('',#2961,#2948,#2477,.T.);
#3763=EDGE_CURVE('',#2947,#2962,#2478,.T.);
#3764=EDGE_CURVE('',#2953,#2963,#703,.T.);
#3765=EDGE_CURVE('',#2964,#2963,#2479,.T.);
#3766=EDGE_CURVE('',#2955,#2964,#704,.T.);
#3767=EDGE_CURVE('',#2951,#2965,#705,.T.);
#3768=EDGE_CURVE('',#2966,#2965,#706,.T.);
#3769=EDGE_CURVE('',#2967,#2966,#2480,.T.);
#3770=EDGE_CURVE('',#2968,#2967,#707,.T.);
#3771=EDGE_CURVE('',#2968,#2969,#708,.T.);
#3772=EDGE_CURVE('',#2963,#2969,#709,.T.);
#3773=EDGE_CURVE('',#2949,#2970,#710,.T.);
#3774=EDGE_CURVE('',#2969,#2970,#2481,.T.);
#3775=EDGE_CURVE('',#2968,#2971,#2482,.T.);
#3776=EDGE_CURVE('',#2971,#2972,#711,.T.);
#3777=EDGE_CURVE('',#2972,#2965,#2483,.T.);
#3778=EDGE_CURVE('',#2973,#2948,#712,.T.);
#3779=EDGE_CURVE('',#2970,#2973,#713,.T.);
#3780=EDGE_CURVE('',#2974,#2975,#714,.T.);
#3781=EDGE_CURVE('',#2975,#2976,#2484,.T.);
#3782=EDGE_CURVE('',#2976,#2977,#715,.T.);
#3783=EDGE_CURVE('',#2977,#2978,#2485,.T.);
#3784=EDGE_CURVE('',#2978,#2979,#716,.T.);
#3785=EDGE_CURVE('',#2979,#2980,#2486,.T.);
#3786=EDGE_CURVE('',#2980,#2981,#717,.T.);
#3787=EDGE_CURVE('',#2981,#2974,#2487,.T.);
#3788=EDGE_CURVE('',#2982,#2983,#718,.T.);
#3789=EDGE_CURVE('',#2983,#2984,#2488,.T.);
#3790=EDGE_CURVE('',#2984,#2985,#719,.T.);
#3791=EDGE_CURVE('',#2985,#2986,#2489,.T.);
#3792=EDGE_CURVE('',#2986,#2987,#720,.T.);
#3793=EDGE_CURVE('',#2987,#2988,#2490,.T.);
#3794=EDGE_CURVE('',#2988,#2989,#721,.T.);
#3795=EDGE_CURVE('',#2989,#2982,#2491,.T.);
#3796=EDGE_CURVE('',#2990,#2991,#722,.T.);
#3797=EDGE_CURVE('',#2991,#2992,#2492,.T.);
#3798=EDGE_CURVE('',#2992,#2993,#723,.T.);
#3799=EDGE_CURVE('',#2993,#2994,#2493,.T.);
#3800=EDGE_CURVE('',#2994,#2995,#724,.T.);
#3801=EDGE_CURVE('',#2995,#2996,#2494,.T.);
#3802=EDGE_CURVE('',#2996,#2997,#725,.T.);
#3803=EDGE_CURVE('',#2997,#2990,#2495,.T.);
#3804=EDGE_CURVE('',#2998,#2999,#726,.T.);
#3805=EDGE_CURVE('',#2999,#3000,#2496,.T.);
#3806=EDGE_CURVE('',#3000,#3001,#727,.T.);
#3807=EDGE_CURVE('',#3001,#3002,#2497,.T.);
#3808=EDGE_CURVE('',#3002,#3003,#728,.T.);
#3809=EDGE_CURVE('',#3003,#3004,#2498,.T.);
#3810=EDGE_CURVE('',#3004,#3005,#729,.T.);
#3811=EDGE_CURVE('',#3005,#2998,#2499,.T.);
#3812=EDGE_CURVE('',#3006,#3007,#730,.T.);
#3813=EDGE_CURVE('',#3007,#3008,#2500,.T.);
#3814=EDGE_CURVE('',#3008,#3009,#731,.T.);
#3815=EDGE_CURVE('',#3009,#3010,#2501,.T.);
#3816=EDGE_CURVE('',#3010,#3011,#732,.T.);
#3817=EDGE_CURVE('',#3011,#3012,#2502,.T.);
#3818=EDGE_CURVE('',#3012,#3013,#733,.T.);
#3819=EDGE_CURVE('',#3013,#3006,#2503,.T.);
#3820=EDGE_CURVE('',#3014,#3015,#2504,.T.);
#3821=EDGE_CURVE('',#3016,#3014,#734,.T.);
#3822=EDGE_CURVE('',#3017,#3016,#735,.T.);
#3823=EDGE_CURVE('',#3015,#3017,#736,.T.);
#3824=EDGE_CURVE('',#3015,#3018,#737,.T.);
#3825=EDGE_CURVE('',#3018,#3019,#2505,.T.);
#3826=EDGE_CURVE('',#3019,#3014,#738,.T.);
#3827=EDGE_CURVE('',#2959,#3020,#739,.T.);
#3828=EDGE_CURVE('',#3021,#3020,#740,.T.);
#3829=EDGE_CURVE('',#3022,#3021,#741,.T.);
#3830=EDGE_CURVE('',#3022,#3019,#742,.T.);
#3831=EDGE_CURVE('',#3018,#3023,#743,.T.);
#3832=EDGE_CURVE('',#2961,#3023,#744,.T.);
#3833=EDGE_CURVE('',#3016,#3022,#2506,.T.);
#3834=EDGE_CURVE('',#3023,#3017,#2507,.T.);
#3835=EDGE_CURVE('',#2973,#3021,#2508,.T.);
#3836=EDGE_CURVE('',#3024,#3025,#2509,.T.);
#3837=EDGE_CURVE('',#3024,#2972,#745,.T.);
#3838=EDGE_CURVE('',#2971,#3025,#746,.T.);
#3839=EDGE_CURVE('',#3025,#2967,#747,.T.);
#3840=EDGE_CURVE('',#2966,#3024,#748,.T.);
#3841=EDGE_CURVE('',#3026,#3027,#2510,.T.);
#3842=EDGE_CURVE('',#3027,#3028,#41,.T.);
#3843=EDGE_CURVE('',#3028,#3029,#749,.T.);
#3844=EDGE_CURVE('',#3029,#3030,#2511,.T.);
#3845=EDGE_CURVE('',#3030,#3026,#750,.T.);
#3846=EDGE_CURVE('',#3031,#3032,#751,.T.);
#3847=EDGE_CURVE('',#3031,#3033,#2512,.T.);
#3848=EDGE_CURVE('',#3033,#3034,#752,.T.);
#3849=EDGE_CURVE('',#3034,#3032,#2513,.T.);
#3850=EDGE_CURVE('',#3035,#3036,#2514,.T.);
#3851=EDGE_CURVE('',#3036,#3037,#753,.T.);
#3852=EDGE_CURVE('',#3037,#3028,#2515,.T.);
#3853=EDGE_CURVE('',#3027,#3035,#754,.T.);
#3854=EDGE_CURVE('',#3036,#3038,#755,.T.);
#3855=EDGE_CURVE('',#3038,#3039,#2516,.T.);
#3856=EDGE_CURVE('',#3039,#3040,#756,.T.);
#3857=EDGE_CURVE('',#3040,#3041,#757,.T.);
#3858=EDGE_CURVE('',#3042,#3041,#2517,.T.);
#3859=EDGE_CURVE('',#3042,#3043,#758,.T.);
#3860=EDGE_CURVE('',#3044,#3043,#2518,.T.);
#3861=EDGE_CURVE('',#3044,#3045,#759,.T.);
#3862=EDGE_CURVE('',#3045,#3046,#760,.T.);
#3863=EDGE_CURVE('',#3046,#3047,#2519,.T.);
#3864=EDGE_CURVE('',#3047,#3037,#761,.T.);
#3865=EDGE_CURVE('',#3048,#3035,#762,.T.);
#3866=EDGE_CURVE('',#3049,#3048,#763,.T.);
#3867=EDGE_CURVE('',#3050,#3049,#764,.T.);
#3868=EDGE_CURVE('',#3050,#3038,#765,.T.);
#3869=EDGE_CURVE('',#3051,#3052,#766,.T.);
#3870=EDGE_CURVE('',#3051,#3053,#2520,.T.);
#3871=EDGE_CURVE('',#3053,#3054,#767,.T.);
#3872=EDGE_CURVE('',#3054,#3055,#42,.T.);
#3873=EDGE_CURVE('',#3055,#3052,#2521,.T.);
#3874=EDGE_CURVE('',#3056,#3057,#2522,.T.);
#3875=EDGE_CURVE('',#3057,#3058,#43,.T.);
#3876=EDGE_CURVE('',#3058,#3059,#768,.T.);
#3877=EDGE_CURVE('',#3059,#3060,#2523,.T.);
#3878=EDGE_CURVE('',#3060,#3056,#769,.T.);
#3879=EDGE_CURVE('',#3054,#3061,#2524,.T.);
#3880=EDGE_CURVE('',#3061,#3062,#770,.T.);
#3881=EDGE_CURVE('',#3062,#3058,#2525,.T.);
#3882=EDGE_CURVE('',#3057,#3055,#771,.T.);
#3883=EDGE_CURVE('',#3063,#3062,#772,.T.);
#3884=EDGE_CURVE('',#3064,#3063,#773,.T.);
#3885=EDGE_CURVE('',#3064,#3065,#774,.T.);
#3886=EDGE_CURVE('',#3065,#3059,#775,.T.);
#3887=EDGE_CURVE('',#3061,#3066,#776,.T.);
#3888=EDGE_CURVE('',#3066,#3067,#2526,.T.);
#3889=EDGE_CURVE('',#3067,#3068,#777,.T.);
#3890=EDGE_CURVE('',#3068,#3069,#778,.T.);
#3891=EDGE_CURVE('',#3070,#3069,#2527,.T.);
#3892=EDGE_CURVE('',#3070,#3071,#779,.T.);
#3893=EDGE_CURVE('',#3072,#3071,#2528,.T.);
#3894=EDGE_CURVE('',#3072,#3073,#780,.T.);
#3895=EDGE_CURVE('',#3073,#3074,#781,.T.);
#3896=EDGE_CURVE('',#3074,#3063,#2529,.T.);
#3897=EDGE_CURVE('',#3075,#3072,#782,.T.);
#3898=EDGE_CURVE('',#3071,#3076,#783,.T.);
#3899=EDGE_CURVE('',#3076,#3075,#2530,.T.);
#3900=EDGE_CURVE('',#3077,#3070,#784,.T.);
#3901=EDGE_CURVE('',#3076,#3077,#785,.T.);
#3902=EDGE_CURVE('',#3069,#3078,#786,.T.);
#3903=EDGE_CURVE('',#3078,#3077,#2531,.T.);
#3904=EDGE_CURVE('',#3079,#3068,#787,.T.);
#3905=EDGE_CURVE('',#3078,#3079,#788,.T.);
#3906=EDGE_CURVE('',#3080,#3075,#789,.T.);
#3907=EDGE_CURVE('',#3073,#3080,#790,.T.);
#3908=EDGE_CURVE('',#3081,#3079,#791,.T.);
#3909=EDGE_CURVE('',#3082,#3081,#2532,.T.);
#3910=EDGE_CURVE('',#3083,#3082,#792,.T.);
#3911=EDGE_CURVE('',#3083,#3065,#793,.T.);
#3912=EDGE_CURVE('',#3084,#3064,#2533,.T.);
#3913=EDGE_CURVE('',#3080,#3084,#794,.T.);
#3914=EDGE_CURVE('',#3081,#3067,#795,.T.);
#3915=EDGE_CURVE('',#3084,#3074,#796,.T.);
#3916=EDGE_CURVE('',#3082,#3066,#797,.T.);
#3917=EDGE_CURVE('',#3085,#3086,#798,.T.);
#3918=EDGE_CURVE('',#3086,#3087,#2534,.T.);
#3919=EDGE_CURVE('',#3087,#3088,#799,.T.);
#3920=EDGE_CURVE('',#3088,#3089,#2535,.T.);
#3921=EDGE_CURVE('',#3089,#3090,#800,.T.);
#3922=EDGE_CURVE('',#3090,#3091,#2536,.T.);
#3923=EDGE_CURVE('',#3091,#3092,#801,.T.);
#3924=EDGE_CURVE('',#3092,#3085,#2537,.T.);
#3925=EDGE_CURVE('',#3093,#3031,#802,.T.);
#3926=EDGE_CURVE('',#3094,#3093,#2538,.T.);
#3927=EDGE_CURVE('',#3095,#3094,#803,.T.);
#3928=EDGE_CURVE('',#3096,#3095,#2539,.T.);
#3929=EDGE_CURVE('',#3060,#3096,#804,.T.);
#3930=EDGE_CURVE('',#3053,#3083,#805,.T.);
#3931=EDGE_CURVE('',#3097,#3051,#806,.T.);
#3932=EDGE_CURVE('',#3098,#3097,#2540,.T.);
#3933=EDGE_CURVE('',#3099,#3098,#807,.T.);
#3934=EDGE_CURVE('',#3100,#3099,#2541,.T.);
#3935=EDGE_CURVE('',#3101,#3100,#808,.T.);
#3936=EDGE_CURVE('',#3102,#3101,#2542,.T.);
#3937=EDGE_CURVE('',#3103,#3102,#809,.T.);
#3938=EDGE_CURVE('',#3104,#3103,#2543,.T.);
#3939=EDGE_CURVE('',#3030,#3104,#810,.T.);
#3940=EDGE_CURVE('',#3105,#3029,#811,.T.);
#3941=EDGE_CURVE('',#3049,#3105,#812,.T.);
#3942=EDGE_CURVE('',#3033,#3049,#813,.T.);
#3943=EDGE_CURVE('',#3106,#3032,#814,.T.);
#3944=EDGE_CURVE('',#3093,#3106,#815,.T.);
#3945=EDGE_CURVE('',#3094,#3107,#816,.T.);
#3946=EDGE_CURVE('',#3107,#3106,#2544,.T.);
#3947=EDGE_CURVE('',#3108,#3107,#817,.T.);
#3948=EDGE_CURVE('',#3095,#3108,#818,.T.);
#3949=EDGE_CURVE('',#3096,#3109,#819,.T.);
#3950=EDGE_CURVE('',#3109,#3108,#2545,.T.);
#3951=EDGE_CURVE('',#3056,#3109,#820,.T.);
#3952=EDGE_CURVE('',#3110,#3052,#821,.T.);
#3953=EDGE_CURVE('',#3097,#3110,#822,.T.);
#3954=EDGE_CURVE('',#3098,#3111,#823,.T.);
#3955=EDGE_CURVE('',#3111,#3110,#2546,.T.);
#3956=EDGE_CURVE('',#3112,#3111,#824,.T.);
#3957=EDGE_CURVE('',#3099,#3112,#825,.T.);
#3958=EDGE_CURVE('',#3100,#3113,#826,.T.);
#3959=EDGE_CURVE('',#3113,#3112,#2547,.T.);
#3960=EDGE_CURVE('',#3114,#3113,#827,.T.);
#3961=EDGE_CURVE('',#3101,#3114,#828,.T.);
#3962=EDGE_CURVE('',#3102,#3115,#829,.T.);
#3963=EDGE_CURVE('',#3115,#3114,#2548,.T.);
#3964=EDGE_CURVE('',#3116,#3115,#830,.T.);
#3965=EDGE_CURVE('',#3103,#3116,#831,.T.);
#3966=EDGE_CURVE('',#3104,#3117,#832,.T.);
#3967=EDGE_CURVE('',#3117,#3116,#2549,.T.);
#3968=EDGE_CURVE('',#3026,#3117,#833,.T.);
#3969=EDGE_CURVE('',#3034,#3048,#834,.T.);
#3970=EDGE_CURVE('',#3118,#3119,#835,.T.);
#3971=EDGE_CURVE('',#3118,#3003,#836,.T.);
#3972=EDGE_CURVE('',#3119,#3002,#837,.T.);
#3973=EDGE_CURVE('',#3120,#3001,#838,.T.);
#3974=EDGE_CURVE('',#3119,#3120,#2550,.T.);
#3975=EDGE_CURVE('',#3120,#3121,#839,.T.);
#3976=EDGE_CURVE('',#3000,#3121,#840,.T.);
#3977=EDGE_CURVE('',#3122,#2999,#841,.T.);
#3978=EDGE_CURVE('',#3121,#3122,#2551,.T.);
#3979=EDGE_CURVE('',#3122,#3123,#842,.T.);
#3980=EDGE_CURVE('',#3123,#2998,#843,.T.);
#3981=EDGE_CURVE('',#3124,#3005,#844,.T.);
#3982=EDGE_CURVE('',#3123,#3124,#2552,.T.);
#3983=EDGE_CURVE('',#3124,#3125,#845,.T.);
#3984=EDGE_CURVE('',#3125,#3004,#846,.T.);
#3985=EDGE_CURVE('',#3125,#3118,#2553,.T.);
#3986=EDGE_CURVE('',#3126,#3127,#847,.T.);
#3987=EDGE_CURVE('',#3126,#2995,#848,.T.);
#3988=EDGE_CURVE('',#3127,#2994,#849,.T.);
#3989=EDGE_CURVE('',#3128,#2993,#850,.T.);
#3990=EDGE_CURVE('',#3127,#3128,#2554,.T.);
#3991=EDGE_CURVE('',#3128,#3129,#851,.T.);
#3992=EDGE_CURVE('',#2992,#3129,#852,.T.);
#3993=EDGE_CURVE('',#3130,#2991,#853,.T.);
#3994=EDGE_CURVE('',#3129,#3130,#2555,.T.);
#3995=EDGE_CURVE('',#3130,#3131,#854,.T.);
#3996=EDGE_CURVE('',#3131,#2990,#855,.T.);
#3997=EDGE_CURVE('',#3132,#2997,#856,.T.);
#3998=EDGE_CURVE('',#3131,#3132,#2556,.T.);
#3999=EDGE_CURVE('',#3132,#3133,#857,.T.);
#4000=EDGE_CURVE('',#3133,#2996,#858,.T.);
#4001=EDGE_CURVE('',#3133,#3126,#2557,.T.);
#4002=EDGE_CURVE('',#3134,#3135,#859,.T.);
#4003=EDGE_CURVE('',#3134,#2987,#860,.T.);
#4004=EDGE_CURVE('',#3135,#2986,#861,.T.);
#4005=EDGE_CURVE('',#3136,#2985,#862,.T.);
#4006=EDGE_CURVE('',#3135,#3136,#2558,.T.);
#4007=EDGE_CURVE('',#3136,#3137,#863,.T.);
#4008=EDGE_CURVE('',#2984,#3137,#864,.T.);
#4009=EDGE_CURVE('',#3138,#2983,#865,.T.);
#4010=EDGE_CURVE('',#3137,#3138,#2559,.T.);
#4011=EDGE_CURVE('',#3138,#3139,#866,.T.);
#4012=EDGE_CURVE('',#3139,#2982,#867,.T.);
#4013=EDGE_CURVE('',#3140,#2989,#868,.T.);
#4014=EDGE_CURVE('',#3139,#3140,#2560,.T.);
#4015=EDGE_CURVE('',#3140,#3141,#869,.T.);
#4016=EDGE_CURVE('',#3141,#2988,#870,.T.);
#4017=EDGE_CURVE('',#3141,#3134,#2561,.T.);
#4018=EDGE_CURVE('',#3142,#3143,#871,.T.);
#4019=EDGE_CURVE('',#3142,#2979,#872,.T.);
#4020=EDGE_CURVE('',#3143,#2978,#873,.T.);
#4021=EDGE_CURVE('',#3144,#2977,#874,.T.);
#4022=EDGE_CURVE('',#3143,#3144,#2562,.T.);
#4023=EDGE_CURVE('',#3144,#3145,#875,.T.);
#4024=EDGE_CURVE('',#2976,#3145,#876,.T.);
#4025=EDGE_CURVE('',#3146,#2975,#877,.T.);
#4026=EDGE_CURVE('',#3145,#3146,#2563,.T.);
#4027=EDGE_CURVE('',#3146,#3147,#878,.T.);
#4028=EDGE_CURVE('',#3147,#2974,#879,.T.);
#4029=EDGE_CURVE('',#3148,#2981,#880,.T.);
#4030=EDGE_CURVE('',#3147,#3148,#2564,.T.);
#4031=EDGE_CURVE('',#3148,#3149,#881,.T.);
#4032=EDGE_CURVE('',#3149,#2980,#882,.T.);
#4033=EDGE_CURVE('',#3149,#3142,#2565,.T.);
#4034=EDGE_CURVE('',#3085,#3007,#883,.T.);
#4035=EDGE_CURVE('',#3086,#3006,#884,.T.);
#4036=EDGE_CURVE('',#3087,#3013,#885,.T.);
#4037=EDGE_CURVE('',#3088,#3012,#886,.T.);
#4038=EDGE_CURVE('',#3089,#3011,#887,.T.);
#4039=EDGE_CURVE('',#3090,#3010,#888,.T.);
#4040=EDGE_CURVE('',#3091,#3009,#889,.T.);
#4041=EDGE_CURVE('',#3092,#3008,#890,.T.);
#4042=EDGE_CURVE('',#2957,#3150,#891,.T.);
#4043=EDGE_CURVE('',#3020,#3150,#2566,.T.);
#4044=EDGE_CURVE('',#3150,#2964,#892,.T.);
#4045=EDGE_CURVE('',#3041,#3151,#893,.T.);
#4046=EDGE_CURVE('',#3151,#3152,#2567,.T.);
#4047=EDGE_CURVE('',#3152,#3042,#894,.T.);
#4048=EDGE_CURVE('',#3152,#3153,#895,.T.);
#4049=EDGE_CURVE('',#3043,#3153,#896,.T.);
#4050=EDGE_CURVE('',#3153,#3154,#2568,.T.);
#4051=EDGE_CURVE('',#3154,#3044,#897,.T.);
#4052=EDGE_CURVE('',#3154,#3155,#898,.T.);
#4053=EDGE_CURVE('',#3155,#3045,#899,.T.);
#4054=EDGE_CURVE('',#3156,#3157,#900,.T.);
#4055=EDGE_CURVE('',#3156,#3040,#901,.T.);
#4056=EDGE_CURVE('',#3157,#3039,#902,.T.);
#4057=EDGE_CURVE('',#3050,#3157,#2569,.T.);
#4058=EDGE_CURVE('',#3158,#3047,#903,.T.);
#4059=EDGE_CURVE('',#3105,#3158,#904,.T.);
#4060=EDGE_CURVE('',#3159,#3158,#2570,.T.);
#4061=EDGE_CURVE('',#3159,#3046,#905,.T.);
#4062=EDGE_CURVE('',#3159,#3155,#906,.T.);
#4063=EDGE_CURVE('',#3156,#3151,#907,.T.);
#4064=ORIENTED_EDGE('',*,*,#3160,.T.);
#4065=ORIENTED_EDGE('',*,*,#3161,.T.);
#4066=ORIENTED_EDGE('',*,*,#3162,.T.);
#4067=ORIENTED_EDGE('',*,*,#3163,.T.);
#4068=ORIENTED_EDGE('',*,*,#3164,.T.);
#4069=ORIENTED_EDGE('',*,*,#3165,.T.);
#4070=ORIENTED_EDGE('',*,*,#3166,.F.);
#4071=ORIENTED_EDGE('',*,*,#3163,.F.);
#4072=ORIENTED_EDGE('',*,*,#3167,.T.);
#4073=ORIENTED_EDGE('',*,*,#3165,.F.);
#4074=ORIENTED_EDGE('',*,*,#3168,.T.);
#4075=ORIENTED_EDGE('',*,*,#3169,.T.);
#4076=ORIENTED_EDGE('',*,*,#3170,.T.);
#4077=ORIENTED_EDGE('',*,*,#3171,.T.);
#4078=ORIENTED_EDGE('',*,*,#3172,.F.);
#4079=ORIENTED_EDGE('',*,*,#3169,.F.);
#4080=ORIENTED_EDGE('',*,*,#3173,.T.);
#4081=ORIENTED_EDGE('',*,*,#3171,.F.);
#4082=ORIENTED_EDGE('',*,*,#3174,.T.);
#4083=ORIENTED_EDGE('',*,*,#3175,.T.);
#4084=ORIENTED_EDGE('',*,*,#3176,.T.);
#4085=ORIENTED_EDGE('',*,*,#3177,.T.);
#4086=ORIENTED_EDGE('',*,*,#3178,.F.);
#4087=ORIENTED_EDGE('',*,*,#3175,.F.);
#4088=ORIENTED_EDGE('',*,*,#3179,.T.);
#4089=ORIENTED_EDGE('',*,*,#3177,.F.);
#4090=ORIENTED_EDGE('',*,*,#3180,.T.);
#4091=ORIENTED_EDGE('',*,*,#3181,.T.);
#4092=ORIENTED_EDGE('',*,*,#3182,.T.);
#4093=ORIENTED_EDGE('',*,*,#3161,.F.);
#4094=ORIENTED_EDGE('',*,*,#3183,.F.);
#4095=ORIENTED_EDGE('',*,*,#3181,.F.);
#4096=ORIENTED_EDGE('',*,*,#3184,.T.);
#4097=ORIENTED_EDGE('',*,*,#3185,.F.);
#4098=ORIENTED_EDGE('',*,*,#3186,.F.);
#4099=ORIENTED_EDGE('',*,*,#3187,.T.);
#4100=ORIENTED_EDGE('',*,*,#3162,.F.);
#4101=ORIENTED_EDGE('',*,*,#3182,.F.);
#4102=ORIENTED_EDGE('',*,*,#3180,.F.);
#4103=ORIENTED_EDGE('',*,*,#3176,.F.);
#4104=ORIENTED_EDGE('',*,*,#3174,.F.);
#4105=ORIENTED_EDGE('',*,*,#3170,.F.);
#4106=ORIENTED_EDGE('',*,*,#3168,.F.);
#4107=ORIENTED_EDGE('',*,*,#3164,.F.);
#4108=ORIENTED_EDGE('',*,*,#3167,.F.);
#4109=ORIENTED_EDGE('',*,*,#3172,.T.);
#4110=ORIENTED_EDGE('',*,*,#3173,.F.);
#4111=ORIENTED_EDGE('',*,*,#3178,.T.);
#4112=ORIENTED_EDGE('',*,*,#3179,.F.);
#4113=ORIENTED_EDGE('',*,*,#3183,.T.);
#4114=ORIENTED_EDGE('',*,*,#3160,.F.);
#4115=ORIENTED_EDGE('',*,*,#3166,.T.);
#4116=ORIENTED_EDGE('',*,*,#3188,.T.);
#4117=ORIENTED_EDGE('',*,*,#3189,.T.);
#4118=ORIENTED_EDGE('',*,*,#3190,.F.);
#4119=ORIENTED_EDGE('',*,*,#3191,.T.);
#4120=ORIENTED_EDGE('',*,*,#3192,.T.);
#4121=ORIENTED_EDGE('',*,*,#3191,.F.);
#4122=ORIENTED_EDGE('',*,*,#3193,.F.);
#4123=ORIENTED_EDGE('',*,*,#3194,.T.);
#4124=ORIENTED_EDGE('',*,*,#3195,.T.);
#4125=ORIENTED_EDGE('',*,*,#3194,.F.);
#4126=ORIENTED_EDGE('',*,*,#3196,.F.);
#4127=ORIENTED_EDGE('',*,*,#3197,.T.);
#4128=ORIENTED_EDGE('',*,*,#3198,.T.);
#4129=ORIENTED_EDGE('',*,*,#3197,.F.);
#4130=ORIENTED_EDGE('',*,*,#3199,.F.);
#4131=ORIENTED_EDGE('',*,*,#3200,.T.);
#4132=ORIENTED_EDGE('',*,*,#3201,.T.);
#4133=ORIENTED_EDGE('',*,*,#3200,.F.);
#4134=ORIENTED_EDGE('',*,*,#3202,.F.);
#4135=ORIENTED_EDGE('',*,*,#3203,.T.);
#4136=ORIENTED_EDGE('',*,*,#3204,.T.);
#4137=ORIENTED_EDGE('',*,*,#3203,.F.);
#4138=ORIENTED_EDGE('',*,*,#3205,.F.);
#4139=ORIENTED_EDGE('',*,*,#3206,.T.);
#4140=ORIENTED_EDGE('',*,*,#3207,.T.);
#4141=ORIENTED_EDGE('',*,*,#3206,.F.);
#4142=ORIENTED_EDGE('',*,*,#3208,.F.);
#4143=ORIENTED_EDGE('',*,*,#3209,.T.);
#4144=ORIENTED_EDGE('',*,*,#3210,.T.);
#4145=ORIENTED_EDGE('',*,*,#3209,.F.);
#4146=ORIENTED_EDGE('',*,*,#3211,.F.);
#4147=ORIENTED_EDGE('',*,*,#3189,.F.);
#4148=ORIENTED_EDGE('',*,*,#3212,.T.);
#4149=ORIENTED_EDGE('',*,*,#3213,.F.);
#4150=ORIENTED_EDGE('',*,*,#3214,.F.);
#4151=ORIENTED_EDGE('',*,*,#3215,.T.);
#4152=ORIENTED_EDGE('',*,*,#3188,.F.);
#4153=ORIENTED_EDGE('',*,*,#3192,.F.);
#4154=ORIENTED_EDGE('',*,*,#3195,.F.);
#4155=ORIENTED_EDGE('',*,*,#3198,.F.);
#4156=ORIENTED_EDGE('',*,*,#3201,.F.);
#4157=ORIENTED_EDGE('',*,*,#3204,.F.);
#4158=ORIENTED_EDGE('',*,*,#3207,.F.);
#4159=ORIENTED_EDGE('',*,*,#3210,.F.);
#4160=ORIENTED_EDGE('',*,*,#3211,.T.);
#4161=ORIENTED_EDGE('',*,*,#3208,.T.);
#4162=ORIENTED_EDGE('',*,*,#3205,.T.);
#4163=ORIENTED_EDGE('',*,*,#3202,.T.);
#4164=ORIENTED_EDGE('',*,*,#3199,.T.);
#4165=ORIENTED_EDGE('',*,*,#3196,.T.);
#4166=ORIENTED_EDGE('',*,*,#3193,.T.);
#4167=ORIENTED_EDGE('',*,*,#3190,.T.);
#4168=ORIENTED_EDGE('',*,*,#3216,.T.);
#4169=ORIENTED_EDGE('',*,*,#3217,.T.);
#4170=ORIENTED_EDGE('',*,*,#3218,.T.);
#4171=ORIENTED_EDGE('',*,*,#3219,.T.);
#4172=ORIENTED_EDGE('',*,*,#3220,.T.);
#4173=ORIENTED_EDGE('',*,*,#3221,.T.);
#4174=ORIENTED_EDGE('',*,*,#3222,.T.);
#4175=ORIENTED_EDGE('',*,*,#3223,.T.);
#4176=ORIENTED_EDGE('',*,*,#3224,.T.);
#4177=ORIENTED_EDGE('',*,*,#3225,.T.);
#4178=ORIENTED_EDGE('',*,*,#3226,.T.);
#4179=ORIENTED_EDGE('',*,*,#3227,.T.);
#4180=ORIENTED_EDGE('',*,*,#3217,.F.);
#4181=ORIENTED_EDGE('',*,*,#3228,.T.);
#4182=ORIENTED_EDGE('',*,*,#3227,.F.);
#4183=ORIENTED_EDGE('',*,*,#3229,.T.);
#4184=ORIENTED_EDGE('',*,*,#3224,.F.);
#4185=ORIENTED_EDGE('',*,*,#3230,.T.);
#4186=ORIENTED_EDGE('',*,*,#3226,.F.);
#4187=ORIENTED_EDGE('',*,*,#3231,.T.);
#4188=ORIENTED_EDGE('',*,*,#3221,.F.);
#4189=ORIENTED_EDGE('',*,*,#3232,.T.);
#4190=ORIENTED_EDGE('',*,*,#3223,.F.);
#4191=ORIENTED_EDGE('',*,*,#3233,.T.);
#4192=ORIENTED_EDGE('',*,*,#3218,.F.);
#4193=ORIENTED_EDGE('',*,*,#3234,.T.);
#4194=ORIENTED_EDGE('',*,*,#3220,.F.);
#4195=ORIENTED_EDGE('',*,*,#3235,.T.);
#4196=ORIENTED_EDGE('',*,*,#3233,.F.);
#4197=ORIENTED_EDGE('',*,*,#3236,.T.);
#4198=ORIENTED_EDGE('',*,*,#3237,.T.);
#4199=ORIENTED_EDGE('',*,*,#3238,.F.);
#4200=ORIENTED_EDGE('',*,*,#3222,.F.);
#4201=ORIENTED_EDGE('',*,*,#3239,.T.);
#4202=ORIENTED_EDGE('',*,*,#3240,.T.);
#4203=ORIENTED_EDGE('',*,*,#3236,.F.);
#4204=ORIENTED_EDGE('',*,*,#3231,.F.);
#4205=ORIENTED_EDGE('',*,*,#3241,.T.);
#4206=ORIENTED_EDGE('',*,*,#3242,.T.);
#4207=ORIENTED_EDGE('',*,*,#3243,.F.);
#4208=ORIENTED_EDGE('',*,*,#3244,.F.);
#4209=ORIENTED_EDGE('',*,*,#3245,.T.);
#4210=ORIENTED_EDGE('',*,*,#3246,.T.);
#4211=ORIENTED_EDGE('',*,*,#3247,.F.);
#4212=ORIENTED_EDGE('',*,*,#3248,.F.);
#4213=ORIENTED_EDGE('',*,*,#3249,.T.);
#4214=ORIENTED_EDGE('',*,*,#3250,.T.);
#4215=ORIENTED_EDGE('',*,*,#3239,.F.);
#4216=ORIENTED_EDGE('',*,*,#3225,.F.);
#4217=ORIENTED_EDGE('',*,*,#3251,.T.);
#4218=ORIENTED_EDGE('',*,*,#3252,.T.);
#4219=ORIENTED_EDGE('',*,*,#3241,.F.);
#4220=ORIENTED_EDGE('',*,*,#3229,.F.);
#4221=ORIENTED_EDGE('',*,*,#3230,.F.);
#4222=ORIENTED_EDGE('',*,*,#3232,.F.);
#4223=ORIENTED_EDGE('',*,*,#3234,.F.);
#4224=ORIENTED_EDGE('',*,*,#3253,.T.);
#4225=ORIENTED_EDGE('',*,*,#3254,.F.);
#4226=ORIENTED_EDGE('',*,*,#3255,.F.);
#4227=ORIENTED_EDGE('',*,*,#3256,.T.);
#4228=ORIENTED_EDGE('',*,*,#3257,.F.);
#4229=ORIENTED_EDGE('',*,*,#3258,.F.);
#4230=ORIENTED_EDGE('',*,*,#3259,.F.);
#4231=ORIENTED_EDGE('',*,*,#3260,.T.);
#4232=ORIENTED_EDGE('',*,*,#3261,.F.);
#4233=ORIENTED_EDGE('',*,*,#3262,.F.);
#4234=ORIENTED_EDGE('',*,*,#3263,.F.);
#4235=ORIENTED_EDGE('',*,*,#3264,.T.);
#4236=ORIENTED_EDGE('',*,*,#3258,.T.);
#4237=ORIENTED_EDGE('',*,*,#3265,.F.);
#4238=ORIENTED_EDGE('',*,*,#3266,.F.);
#4239=ORIENTED_EDGE('',*,*,#3267,.F.);
#4240=ORIENTED_EDGE('',*,*,#3268,.T.);
#4241=ORIENTED_EDGE('',*,*,#3269,.F.);
#4242=ORIENTED_EDGE('',*,*,#3260,.F.);
#4243=ORIENTED_EDGE('',*,*,#3270,.F.);
#4244=ORIENTED_EDGE('',*,*,#3271,.T.);
#4245=ORIENTED_EDGE('',*,*,#3272,.F.);
#4246=ORIENTED_EDGE('',*,*,#3264,.F.);
#4247=ORIENTED_EDGE('',*,*,#3273,.F.);
#4248=ORIENTED_EDGE('',*,*,#3274,.F.);
#4249=ORIENTED_EDGE('',*,*,#3271,.F.);
#4250=ORIENTED_EDGE('',*,*,#3275,.F.);
#4251=ORIENTED_EDGE('',*,*,#3276,.F.);
#4252=ORIENTED_EDGE('',*,*,#3277,.F.);
#4253=ORIENTED_EDGE('',*,*,#3268,.F.);
#4254=ORIENTED_EDGE('',*,*,#3278,.F.);
#4255=ORIENTED_EDGE('',*,*,#3279,.F.);
#4256=ORIENTED_EDGE('',*,*,#3280,.T.);
#4257=ORIENTED_EDGE('',*,*,#3255,.T.);
#4258=ORIENTED_EDGE('',*,*,#3281,.F.);
#4259=ORIENTED_EDGE('',*,*,#3253,.F.);
#4260=ORIENTED_EDGE('',*,*,#3282,.T.);
#4261=ORIENTED_EDGE('',*,*,#3283,.T.);
#4262=ORIENTED_EDGE('',*,*,#3262,.T.);
#4263=ORIENTED_EDGE('',*,*,#3284,.F.);
#4264=ORIENTED_EDGE('',*,*,#3285,.F.);
#4265=ORIENTED_EDGE('',*,*,#3286,.F.);
#4266=ORIENTED_EDGE('',*,*,#3287,.F.);
#4267=ORIENTED_EDGE('',*,*,#3288,.T.);
#4268=ORIENTED_EDGE('',*,*,#3289,.T.);
#4269=ORIENTED_EDGE('',*,*,#3290,.F.);
#4270=ORIENTED_EDGE('',*,*,#3291,.F.);
#4271=ORIENTED_EDGE('',*,*,#3266,.T.);
#4272=ORIENTED_EDGE('',*,*,#3292,.F.);
#4273=ORIENTED_EDGE('',*,*,#3293,.F.);
#4274=ORIENTED_EDGE('',*,*,#3294,.F.);
#4275=ORIENTED_EDGE('',*,*,#3285,.T.);
#4276=ORIENTED_EDGE('',*,*,#3288,.F.);
#4277=ORIENTED_EDGE('',*,*,#3295,.F.);
#4278=ORIENTED_EDGE('',*,*,#3283,.F.);
#4279=ORIENTED_EDGE('',*,*,#3296,.T.);
#4280=ORIENTED_EDGE('',*,*,#3297,.T.);
#4281=ORIENTED_EDGE('',*,*,#3298,.F.);
#4282=ORIENTED_EDGE('',*,*,#3299,.F.);
#4283=ORIENTED_EDGE('',*,*,#3300,.T.);
#4284=ORIENTED_EDGE('',*,*,#3301,.F.);
#4285=ORIENTED_EDGE('',*,*,#3302,.F.);
#4286=ORIENTED_EDGE('',*,*,#3303,.F.);
#4287=ORIENTED_EDGE('',*,*,#3304,.T.);
#4288=ORIENTED_EDGE('',*,*,#3305,.F.);
#4289=ORIENTED_EDGE('',*,*,#3306,.F.);
#4290=ORIENTED_EDGE('',*,*,#3307,.F.);
#4291=ORIENTED_EDGE('',*,*,#3308,.T.);
#4292=ORIENTED_EDGE('',*,*,#3302,.T.);
#4293=ORIENTED_EDGE('',*,*,#3309,.F.);
#4294=ORIENTED_EDGE('',*,*,#3310,.F.);
#4295=ORIENTED_EDGE('',*,*,#3311,.F.);
#4296=ORIENTED_EDGE('',*,*,#3312,.T.);
#4297=ORIENTED_EDGE('',*,*,#3313,.F.);
#4298=ORIENTED_EDGE('',*,*,#3304,.F.);
#4299=ORIENTED_EDGE('',*,*,#3314,.F.);
#4300=ORIENTED_EDGE('',*,*,#3315,.T.);
#4301=ORIENTED_EDGE('',*,*,#3316,.F.);
#4302=ORIENTED_EDGE('',*,*,#3308,.F.);
#4303=ORIENTED_EDGE('',*,*,#3317,.F.);
#4304=ORIENTED_EDGE('',*,*,#3318,.F.);
#4305=ORIENTED_EDGE('',*,*,#3315,.F.);
#4306=ORIENTED_EDGE('',*,*,#3319,.F.);
#4307=ORIENTED_EDGE('',*,*,#3320,.F.);
#4308=ORIENTED_EDGE('',*,*,#3321,.F.);
#4309=ORIENTED_EDGE('',*,*,#3312,.F.);
#4310=ORIENTED_EDGE('',*,*,#3322,.F.);
#4311=ORIENTED_EDGE('',*,*,#3323,.F.);
#4312=ORIENTED_EDGE('',*,*,#3324,.T.);
#4313=ORIENTED_EDGE('',*,*,#3299,.T.);
#4314=ORIENTED_EDGE('',*,*,#3325,.F.);
#4315=ORIENTED_EDGE('',*,*,#3297,.F.);
#4316=ORIENTED_EDGE('',*,*,#3326,.T.);
#4317=ORIENTED_EDGE('',*,*,#3327,.T.);
#4318=ORIENTED_EDGE('',*,*,#3306,.T.);
#4319=ORIENTED_EDGE('',*,*,#3328,.F.);
#4320=ORIENTED_EDGE('',*,*,#3329,.F.);
#4321=ORIENTED_EDGE('',*,*,#3330,.F.);
#4322=ORIENTED_EDGE('',*,*,#3331,.F.);
#4323=ORIENTED_EDGE('',*,*,#3332,.T.);
#4324=ORIENTED_EDGE('',*,*,#3333,.T.);
#4325=ORIENTED_EDGE('',*,*,#3334,.F.);
#4326=ORIENTED_EDGE('',*,*,#3335,.F.);
#4327=ORIENTED_EDGE('',*,*,#3310,.T.);
#4328=ORIENTED_EDGE('',*,*,#3336,.F.);
#4329=ORIENTED_EDGE('',*,*,#3337,.F.);
#4330=ORIENTED_EDGE('',*,*,#3338,.F.);
#4331=ORIENTED_EDGE('',*,*,#3329,.T.);
#4332=ORIENTED_EDGE('',*,*,#3332,.F.);
#4333=ORIENTED_EDGE('',*,*,#3339,.F.);
#4334=ORIENTED_EDGE('',*,*,#3327,.F.);
#4335=ORIENTED_EDGE('',*,*,#3340,.T.);
#4336=ORIENTED_EDGE('',*,*,#3341,.F.);
#4337=ORIENTED_EDGE('',*,*,#3342,.T.);
#4338=ORIENTED_EDGE('',*,*,#3343,.F.);
#4339=ORIENTED_EDGE('',*,*,#3344,.F.);
#4340=ORIENTED_EDGE('',*,*,#3345,.F.);
#4341=ORIENTED_EDGE('',*,*,#3346,.T.);
#4342=ORIENTED_EDGE('',*,*,#3347,.F.);
#4343=ORIENTED_EDGE('',*,*,#3348,.F.);
#4344=ORIENTED_EDGE('',*,*,#3349,.F.);
#4345=ORIENTED_EDGE('',*,*,#3350,.F.);
#4346=ORIENTED_EDGE('',*,*,#3344,.T.);
#4347=ORIENTED_EDGE('',*,*,#3351,.F.);
#4348=ORIENTED_EDGE('',*,*,#3352,.F.);
#4349=ORIENTED_EDGE('',*,*,#3353,.F.);
#4350=ORIENTED_EDGE('',*,*,#3348,.T.);
#4351=ORIENTED_EDGE('',*,*,#3354,.F.);
#4352=ORIENTED_EDGE('',*,*,#3342,.F.);
#4353=ORIENTED_EDGE('',*,*,#3355,.F.);
#4354=ORIENTED_EDGE('',*,*,#3356,.T.);
#4355=ORIENTED_EDGE('',*,*,#3357,.F.);
#4356=ORIENTED_EDGE('',*,*,#3358,.F.);
#4357=ORIENTED_EDGE('',*,*,#3349,.T.);
#4358=ORIENTED_EDGE('',*,*,#3359,.F.);
#4359=ORIENTED_EDGE('',*,*,#3360,.T.);
#4360=ORIENTED_EDGE('',*,*,#3361,.F.);
#4361=ORIENTED_EDGE('',*,*,#3352,.T.);
#4362=ORIENTED_EDGE('',*,*,#3362,.F.);
#4363=ORIENTED_EDGE('',*,*,#3363,.T.);
#4364=ORIENTED_EDGE('',*,*,#3364,.F.);
#4365=ORIENTED_EDGE('',*,*,#3365,.T.);
#4366=ORIENTED_EDGE('',*,*,#3366,.F.);
#4367=ORIENTED_EDGE('',*,*,#3356,.F.);
#4368=ORIENTED_EDGE('',*,*,#3367,.F.);
#4369=ORIENTED_EDGE('',*,*,#3368,.F.);
#4370=ORIENTED_EDGE('',*,*,#3360,.F.);
#4371=ORIENTED_EDGE('',*,*,#3369,.F.);
#4372=ORIENTED_EDGE('',*,*,#3370,.F.);
#4373=ORIENTED_EDGE('',*,*,#3371,.F.);
#4374=ORIENTED_EDGE('',*,*,#3363,.F.);
#4375=ORIENTED_EDGE('',*,*,#3372,.F.);
#4376=ORIENTED_EDGE('',*,*,#3365,.F.);
#4377=ORIENTED_EDGE('',*,*,#3373,.F.);
#4378=ORIENTED_EDGE('',*,*,#3374,.T.);
#4379=ORIENTED_EDGE('',*,*,#3375,.F.);
#4380=ORIENTED_EDGE('',*,*,#3376,.F.);
#4381=ORIENTED_EDGE('',*,*,#3367,.T.);
#4382=ORIENTED_EDGE('',*,*,#3377,.F.);
#4383=ORIENTED_EDGE('',*,*,#3374,.F.);
#4384=ORIENTED_EDGE('',*,*,#3378,.F.);
#4385=ORIENTED_EDGE('',*,*,#3370,.T.);
#4386=ORIENTED_EDGE('',*,*,#3379,.F.);
#4387=ORIENTED_EDGE('',*,*,#3380,.F.);
#4388=ORIENTED_EDGE('',*,*,#3381,.F.);
#4389=ORIENTED_EDGE('',*,*,#3382,.F.);
#4390=ORIENTED_EDGE('',*,*,#3380,.T.);
#4391=ORIENTED_EDGE('',*,*,#3383,.F.);
#4392=ORIENTED_EDGE('',*,*,#3384,.F.);
#4393=ORIENTED_EDGE('',*,*,#3381,.T.);
#4394=ORIENTED_EDGE('',*,*,#3385,.F.);
#4395=ORIENTED_EDGE('',*,*,#3386,.F.);
#4396=ORIENTED_EDGE('',*,*,#3346,.F.);
#4397=ORIENTED_EDGE('',*,*,#3387,.F.);
#4398=ORIENTED_EDGE('',*,*,#3386,.T.);
#4399=ORIENTED_EDGE('',*,*,#3388,.F.);
#4400=ORIENTED_EDGE('',*,*,#3389,.F.);
#4401=ORIENTED_EDGE('',*,*,#3390,.T.);
#4402=ORIENTED_EDGE('',*,*,#3391,.F.);
#4403=ORIENTED_EDGE('',*,*,#3392,.F.);
#4404=ORIENTED_EDGE('',*,*,#3393,.F.);
#4405=ORIENTED_EDGE('',*,*,#3394,.T.);
#4406=ORIENTED_EDGE('',*,*,#3395,.F.);
#4407=ORIENTED_EDGE('',*,*,#3396,.F.);
#4408=ORIENTED_EDGE('',*,*,#3397,.F.);
#4409=ORIENTED_EDGE('',*,*,#3398,.F.);
#4410=ORIENTED_EDGE('',*,*,#3392,.T.);
#4411=ORIENTED_EDGE('',*,*,#3399,.F.);
#4412=ORIENTED_EDGE('',*,*,#3400,.F.);
#4413=ORIENTED_EDGE('',*,*,#3401,.F.);
#4414=ORIENTED_EDGE('',*,*,#3396,.T.);
#4415=ORIENTED_EDGE('',*,*,#3402,.F.);
#4416=ORIENTED_EDGE('',*,*,#3390,.F.);
#4417=ORIENTED_EDGE('',*,*,#3403,.F.);
#4418=ORIENTED_EDGE('',*,*,#3404,.T.);
#4419=ORIENTED_EDGE('',*,*,#3405,.F.);
#4420=ORIENTED_EDGE('',*,*,#3406,.F.);
#4421=ORIENTED_EDGE('',*,*,#3397,.T.);
#4422=ORIENTED_EDGE('',*,*,#3407,.F.);
#4423=ORIENTED_EDGE('',*,*,#3408,.T.);
#4424=ORIENTED_EDGE('',*,*,#3409,.F.);
#4425=ORIENTED_EDGE('',*,*,#3400,.T.);
#4426=ORIENTED_EDGE('',*,*,#3410,.F.);
#4427=ORIENTED_EDGE('',*,*,#3411,.T.);
#4428=ORIENTED_EDGE('',*,*,#3412,.F.);
#4429=ORIENTED_EDGE('',*,*,#3413,.T.);
#4430=ORIENTED_EDGE('',*,*,#3414,.F.);
#4431=ORIENTED_EDGE('',*,*,#3404,.F.);
#4432=ORIENTED_EDGE('',*,*,#3415,.F.);
#4433=ORIENTED_EDGE('',*,*,#3416,.F.);
#4434=ORIENTED_EDGE('',*,*,#3408,.F.);
#4435=ORIENTED_EDGE('',*,*,#3417,.F.);
#4436=ORIENTED_EDGE('',*,*,#3418,.F.);
#4437=ORIENTED_EDGE('',*,*,#3419,.F.);
#4438=ORIENTED_EDGE('',*,*,#3411,.F.);
#4439=ORIENTED_EDGE('',*,*,#3420,.F.);
#4440=ORIENTED_EDGE('',*,*,#3413,.F.);
#4441=ORIENTED_EDGE('',*,*,#3421,.F.);
#4442=ORIENTED_EDGE('',*,*,#3422,.T.);
#4443=ORIENTED_EDGE('',*,*,#3423,.F.);
#4444=ORIENTED_EDGE('',*,*,#3424,.F.);
#4445=ORIENTED_EDGE('',*,*,#3415,.T.);
#4446=ORIENTED_EDGE('',*,*,#3425,.F.);
#4447=ORIENTED_EDGE('',*,*,#3422,.F.);
#4448=ORIENTED_EDGE('',*,*,#3426,.F.);
#4449=ORIENTED_EDGE('',*,*,#3418,.T.);
#4450=ORIENTED_EDGE('',*,*,#3427,.F.);
#4451=ORIENTED_EDGE('',*,*,#3428,.F.);
#4452=ORIENTED_EDGE('',*,*,#3429,.F.);
#4453=ORIENTED_EDGE('',*,*,#3430,.F.);
#4454=ORIENTED_EDGE('',*,*,#3428,.T.);
#4455=ORIENTED_EDGE('',*,*,#3431,.F.);
#4456=ORIENTED_EDGE('',*,*,#3432,.F.);
#4457=ORIENTED_EDGE('',*,*,#3429,.T.);
#4458=ORIENTED_EDGE('',*,*,#3433,.F.);
#4459=ORIENTED_EDGE('',*,*,#3434,.F.);
#4460=ORIENTED_EDGE('',*,*,#3394,.F.);
#4461=ORIENTED_EDGE('',*,*,#3435,.F.);
#4462=ORIENTED_EDGE('',*,*,#3434,.T.);
#4463=ORIENTED_EDGE('',*,*,#3436,.F.);
#4464=ORIENTED_EDGE('',*,*,#3276,.T.);
#4465=ORIENTED_EDGE('',*,*,#3437,.F.);
#4466=ORIENTED_EDGE('',*,*,#3438,.F.);
#4467=ORIENTED_EDGE('',*,*,#3439,.F.);
#4468=ORIENTED_EDGE('',*,*,#3279,.T.);
#4469=ORIENTED_EDGE('',*,*,#3440,.F.);
#4470=ORIENTED_EDGE('',*,*,#3441,.F.);
#4471=ORIENTED_EDGE('',*,*,#3442,.F.);
#4472=ORIENTED_EDGE('',*,*,#3290,.T.);
#4473=ORIENTED_EDGE('',*,*,#3443,.F.);
#4474=ORIENTED_EDGE('',*,*,#3444,.F.);
#4475=ORIENTED_EDGE('',*,*,#3445,.F.);
#4476=ORIENTED_EDGE('',*,*,#3320,.T.);
#4477=ORIENTED_EDGE('',*,*,#3446,.F.);
#4478=ORIENTED_EDGE('',*,*,#3447,.F.);
#4479=ORIENTED_EDGE('',*,*,#3448,.F.);
#4480=ORIENTED_EDGE('',*,*,#3323,.T.);
#4481=ORIENTED_EDGE('',*,*,#3449,.F.);
#4482=ORIENTED_EDGE('',*,*,#3450,.F.);
#4483=ORIENTED_EDGE('',*,*,#3451,.F.);
#4484=ORIENTED_EDGE('',*,*,#3334,.T.);
#4485=ORIENTED_EDGE('',*,*,#3452,.F.);
#4486=ORIENTED_EDGE('',*,*,#3453,.F.);
#4487=ORIENTED_EDGE('',*,*,#3454,.F.);
#4488=ORIENTED_EDGE('',*,*,#3442,.T.);
#4489=ORIENTED_EDGE('',*,*,#3455,.F.);
#4490=ORIENTED_EDGE('',*,*,#3456,.F.);
#4491=ORIENTED_EDGE('',*,*,#3457,.T.);
#4492=ORIENTED_EDGE('',*,*,#3443,.T.);
#4493=ORIENTED_EDGE('',*,*,#3289,.F.);
#4494=ORIENTED_EDGE('',*,*,#3296,.F.);
#4495=ORIENTED_EDGE('',*,*,#3282,.F.);
#4496=ORIENTED_EDGE('',*,*,#3256,.F.);
#4497=ORIENTED_EDGE('',*,*,#3280,.F.);
#4498=ORIENTED_EDGE('',*,*,#3292,.T.);
#4499=ORIENTED_EDGE('',*,*,#3265,.T.);
#4500=ORIENTED_EDGE('',*,*,#3257,.T.);
#4501=ORIENTED_EDGE('',*,*,#3269,.T.);
#4502=ORIENTED_EDGE('',*,*,#3277,.T.);
#4503=ORIENTED_EDGE('',*,*,#3439,.T.);
#4504=ORIENTED_EDGE('',*,*,#3458,.F.);
#4505=ORIENTED_EDGE('',*,*,#3459,.F.);
#4506=ORIENTED_EDGE('',*,*,#3460,.T.);
#4507=ORIENTED_EDGE('',*,*,#3461,.T.);
#4508=ORIENTED_EDGE('',*,*,#3377,.T.);
#4509=ORIENTED_EDGE('',*,*,#3369,.T.);
#4510=ORIENTED_EDGE('',*,*,#3359,.T.);
#4511=ORIENTED_EDGE('',*,*,#3351,.T.);
#4512=ORIENTED_EDGE('',*,*,#3343,.T.);
#4513=ORIENTED_EDGE('',*,*,#3357,.T.);
#4514=ORIENTED_EDGE('',*,*,#3366,.T.);
#4515=ORIENTED_EDGE('',*,*,#3375,.T.);
#4516=ORIENTED_EDGE('',*,*,#3451,.T.);
#4517=ORIENTED_EDGE('',*,*,#3462,.F.);
#4518=ORIENTED_EDGE('',*,*,#3463,.F.);
#4519=ORIENTED_EDGE('',*,*,#3464,.T.);
#4520=ORIENTED_EDGE('',*,*,#3452,.T.);
#4521=ORIENTED_EDGE('',*,*,#3333,.F.);
#4522=ORIENTED_EDGE('',*,*,#3340,.F.);
#4523=ORIENTED_EDGE('',*,*,#3326,.F.);
#4524=ORIENTED_EDGE('',*,*,#3300,.F.);
#4525=ORIENTED_EDGE('',*,*,#3324,.F.);
#4526=ORIENTED_EDGE('',*,*,#3336,.T.);
#4527=ORIENTED_EDGE('',*,*,#3309,.T.);
#4528=ORIENTED_EDGE('',*,*,#3301,.T.);
#4529=ORIENTED_EDGE('',*,*,#3313,.T.);
#4530=ORIENTED_EDGE('',*,*,#3321,.T.);
#4531=ORIENTED_EDGE('',*,*,#3448,.T.);
#4532=ORIENTED_EDGE('',*,*,#3465,.F.);
#4533=ORIENTED_EDGE('',*,*,#3466,.F.);
#4534=ORIENTED_EDGE('',*,*,#3467,.T.);
#4535=ORIENTED_EDGE('',*,*,#3468,.T.);
#4536=ORIENTED_EDGE('',*,*,#3425,.T.);
#4537=ORIENTED_EDGE('',*,*,#3417,.T.);
#4538=ORIENTED_EDGE('',*,*,#3407,.T.);
#4539=ORIENTED_EDGE('',*,*,#3399,.T.);
#4540=ORIENTED_EDGE('',*,*,#3391,.T.);
#4541=ORIENTED_EDGE('',*,*,#3405,.T.);
#4542=ORIENTED_EDGE('',*,*,#3414,.T.);
#4543=ORIENTED_EDGE('',*,*,#3423,.T.);
#4544=ORIENTED_EDGE('',*,*,#3294,.T.);
#4545=ORIENTED_EDGE('',*,*,#3469,.T.);
#4546=ORIENTED_EDGE('',*,*,#3470,.F.);
#4547=ORIENTED_EDGE('',*,*,#3471,.F.);
#4548=ORIENTED_EDGE('',*,*,#3472,.T.);
#4549=ORIENTED_EDGE('',*,*,#3437,.T.);
#4550=ORIENTED_EDGE('',*,*,#3275,.T.);
#4551=ORIENTED_EDGE('',*,*,#3273,.T.);
#4552=ORIENTED_EDGE('',*,*,#3263,.T.);
#4553=ORIENTED_EDGE('',*,*,#3286,.T.);
#4554=ORIENTED_EDGE('',*,*,#3378,.T.);
#4555=ORIENTED_EDGE('',*,*,#3382,.T.);
#4556=ORIENTED_EDGE('',*,*,#3384,.T.);
#4557=ORIENTED_EDGE('',*,*,#3387,.T.);
#4558=ORIENTED_EDGE('',*,*,#3345,.T.);
#4559=ORIENTED_EDGE('',*,*,#3353,.T.);
#4560=ORIENTED_EDGE('',*,*,#3361,.T.);
#4561=ORIENTED_EDGE('',*,*,#3371,.T.);
#4562=ORIENTED_EDGE('',*,*,#3293,.T.);
#4563=ORIENTED_EDGE('',*,*,#3461,.F.);
#4564=ORIENTED_EDGE('',*,*,#3473,.F.);
#4565=ORIENTED_EDGE('',*,*,#3469,.F.);
#4566=ORIENTED_EDGE('',*,*,#3338,.T.);
#4567=ORIENTED_EDGE('',*,*,#3474,.T.);
#4568=ORIENTED_EDGE('',*,*,#3475,.F.);
#4569=ORIENTED_EDGE('',*,*,#3476,.F.);
#4570=ORIENTED_EDGE('',*,*,#3477,.T.);
#4571=ORIENTED_EDGE('',*,*,#3446,.T.);
#4572=ORIENTED_EDGE('',*,*,#3319,.T.);
#4573=ORIENTED_EDGE('',*,*,#3317,.T.);
#4574=ORIENTED_EDGE('',*,*,#3307,.T.);
#4575=ORIENTED_EDGE('',*,*,#3330,.T.);
#4576=ORIENTED_EDGE('',*,*,#3426,.T.);
#4577=ORIENTED_EDGE('',*,*,#3430,.T.);
#4578=ORIENTED_EDGE('',*,*,#3432,.T.);
#4579=ORIENTED_EDGE('',*,*,#3435,.T.);
#4580=ORIENTED_EDGE('',*,*,#3393,.T.);
#4581=ORIENTED_EDGE('',*,*,#3401,.T.);
#4582=ORIENTED_EDGE('',*,*,#3409,.T.);
#4583=ORIENTED_EDGE('',*,*,#3419,.T.);
#4584=ORIENTED_EDGE('',*,*,#3337,.T.);
#4585=ORIENTED_EDGE('',*,*,#3468,.F.);
#4586=ORIENTED_EDGE('',*,*,#3478,.F.);
#4587=ORIENTED_EDGE('',*,*,#3474,.F.);
#4588=ORIENTED_EDGE('',*,*,#3479,.F.);
#4589=ORIENTED_EDGE('',*,*,#3480,.F.);
#4590=ORIENTED_EDGE('',*,*,#3481,.F.);
#4591=ORIENTED_EDGE('',*,*,#3482,.F.);
#4592=ORIENTED_EDGE('',*,*,#3483,.F.);
#4593=ORIENTED_EDGE('',*,*,#3484,.F.);
#4594=ORIENTED_EDGE('',*,*,#3485,.F.);
#4595=ORIENTED_EDGE('',*,*,#3486,.F.);
#4596=ORIENTED_EDGE('',*,*,#3487,.F.);
#4597=ORIENTED_EDGE('',*,*,#3488,.F.);
#4598=ORIENTED_EDGE('',*,*,#3489,.F.);
#4599=ORIENTED_EDGE('',*,*,#3490,.F.);
#4600=ORIENTED_EDGE('',*,*,#3491,.F.);
#4601=ORIENTED_EDGE('',*,*,#3492,.F.);
#4602=ORIENTED_EDGE('',*,*,#3493,.F.);
#4603=ORIENTED_EDGE('',*,*,#3184,.F.);
#4604=ORIENTED_EDGE('',*,*,#3494,.F.);
#4605=ORIENTED_EDGE('',*,*,#3495,.F.);
#4606=ORIENTED_EDGE('',*,*,#3496,.F.);
#4607=ORIENTED_EDGE('',*,*,#3497,.F.);
#4608=ORIENTED_EDGE('',*,*,#3498,.F.);
#4609=ORIENTED_EDGE('',*,*,#3499,.F.);
#4610=ORIENTED_EDGE('',*,*,#3500,.F.);
#4611=ORIENTED_EDGE('',*,*,#3501,.F.);
#4612=ORIENTED_EDGE('',*,*,#3502,.F.);
#4613=ORIENTED_EDGE('',*,*,#3503,.F.);
#4614=ORIENTED_EDGE('',*,*,#3504,.F.);
#4615=ORIENTED_EDGE('',*,*,#3212,.F.);
#4616=ORIENTED_EDGE('',*,*,#3505,.T.);
#4617=ORIENTED_EDGE('',*,*,#3471,.T.);
#4618=ORIENTED_EDGE('',*,*,#3506,.T.);
#4619=ORIENTED_EDGE('',*,*,#3507,.F.);
#4620=ORIENTED_EDGE('',*,*,#3508,.F.);
#4621=ORIENTED_EDGE('',*,*,#3237,.F.);
#4622=ORIENTED_EDGE('',*,*,#3240,.F.);
#4623=ORIENTED_EDGE('',*,*,#3250,.F.);
#4624=ORIENTED_EDGE('',*,*,#3509,.T.);
#4625=ORIENTED_EDGE('',*,*,#3456,.T.);
#4626=ORIENTED_EDGE('',*,*,#3510,.T.);
#4627=ORIENTED_EDGE('',*,*,#3246,.F.);
#4628=ORIENTED_EDGE('',*,*,#3511,.T.);
#4629=ORIENTED_EDGE('',*,*,#3463,.T.);
#4630=ORIENTED_EDGE('',*,*,#3512,.T.);
#4631=ORIENTED_EDGE('',*,*,#3242,.F.);
#4632=ORIENTED_EDGE('',*,*,#3252,.F.);
#4633=ORIENTED_EDGE('',*,*,#3513,.F.);
#4634=ORIENTED_EDGE('',*,*,#3514,.F.);
#4635=ORIENTED_EDGE('',*,*,#3515,.F.);
#4636=ORIENTED_EDGE('',*,*,#3516,.T.);
#4637=ORIENTED_EDGE('',*,*,#3476,.T.);
#4638=ORIENTED_EDGE('',*,*,#3517,.T.);
#4639=ORIENTED_EDGE('',*,*,#3518,.F.);
#4640=ORIENTED_EDGE('',*,*,#3228,.F.);
#4641=ORIENTED_EDGE('',*,*,#3519,.T.);
#4642=ORIENTED_EDGE('',*,*,#3513,.T.);
#4643=ORIENTED_EDGE('',*,*,#3251,.F.);
#4644=ORIENTED_EDGE('',*,*,#3520,.F.);
#4645=ORIENTED_EDGE('',*,*,#3521,.F.);
#4646=ORIENTED_EDGE('',*,*,#3243,.T.);
#4647=ORIENTED_EDGE('',*,*,#3512,.F.);
#4648=ORIENTED_EDGE('',*,*,#3462,.T.);
#4649=ORIENTED_EDGE('',*,*,#3450,.T.);
#4650=ORIENTED_EDGE('',*,*,#3335,.T.);
#4651=ORIENTED_EDGE('',*,*,#3454,.T.);
#4652=ORIENTED_EDGE('',*,*,#3522,.F.);
#4653=ORIENTED_EDGE('',*,*,#3523,.F.);
#4654=ORIENTED_EDGE('',*,*,#3520,.T.);
#4655=ORIENTED_EDGE('',*,*,#3449,.T.);
#4656=ORIENTED_EDGE('',*,*,#3322,.T.);
#4657=ORIENTED_EDGE('',*,*,#3314,.T.);
#4658=ORIENTED_EDGE('',*,*,#3303,.T.);
#4659=ORIENTED_EDGE('',*,*,#3311,.T.);
#4660=ORIENTED_EDGE('',*,*,#3424,.T.);
#4661=ORIENTED_EDGE('',*,*,#3421,.T.);
#4662=ORIENTED_EDGE('',*,*,#3412,.T.);
#4663=ORIENTED_EDGE('',*,*,#3403,.T.);
#4664=ORIENTED_EDGE('',*,*,#3389,.T.);
#4665=ORIENTED_EDGE('',*,*,#3398,.T.);
#4666=ORIENTED_EDGE('',*,*,#3406,.T.);
#4667=ORIENTED_EDGE('',*,*,#3416,.T.);
#4668=ORIENTED_EDGE('',*,*,#3245,.F.);
#4669=ORIENTED_EDGE('',*,*,#3524,.F.);
#4670=ORIENTED_EDGE('',*,*,#3522,.T.);
#4671=ORIENTED_EDGE('',*,*,#3453,.T.);
#4672=ORIENTED_EDGE('',*,*,#3464,.F.);
#4673=ORIENTED_EDGE('',*,*,#3511,.F.);
#4674=ORIENTED_EDGE('',*,*,#3525,.F.);
#4675=ORIENTED_EDGE('',*,*,#3526,.F.);
#4676=ORIENTED_EDGE('',*,*,#3247,.T.);
#4677=ORIENTED_EDGE('',*,*,#3510,.F.);
#4678=ORIENTED_EDGE('',*,*,#3455,.T.);
#4679=ORIENTED_EDGE('',*,*,#3441,.T.);
#4680=ORIENTED_EDGE('',*,*,#3291,.T.);
#4681=ORIENTED_EDGE('',*,*,#3445,.T.);
#4682=ORIENTED_EDGE('',*,*,#3527,.F.);
#4683=ORIENTED_EDGE('',*,*,#3528,.F.);
#4684=ORIENTED_EDGE('',*,*,#3525,.T.);
#4685=ORIENTED_EDGE('',*,*,#3440,.T.);
#4686=ORIENTED_EDGE('',*,*,#3278,.T.);
#4687=ORIENTED_EDGE('',*,*,#3270,.T.);
#4688=ORIENTED_EDGE('',*,*,#3259,.T.);
#4689=ORIENTED_EDGE('',*,*,#3267,.T.);
#4690=ORIENTED_EDGE('',*,*,#3376,.T.);
#4691=ORIENTED_EDGE('',*,*,#3373,.T.);
#4692=ORIENTED_EDGE('',*,*,#3364,.T.);
#4693=ORIENTED_EDGE('',*,*,#3355,.T.);
#4694=ORIENTED_EDGE('',*,*,#3341,.T.);
#4695=ORIENTED_EDGE('',*,*,#3350,.T.);
#4696=ORIENTED_EDGE('',*,*,#3358,.T.);
#4697=ORIENTED_EDGE('',*,*,#3368,.T.);
#4698=ORIENTED_EDGE('',*,*,#3249,.F.);
#4699=ORIENTED_EDGE('',*,*,#3529,.F.);
#4700=ORIENTED_EDGE('',*,*,#3527,.T.);
#4701=ORIENTED_EDGE('',*,*,#3444,.T.);
#4702=ORIENTED_EDGE('',*,*,#3457,.F.);
#4703=ORIENTED_EDGE('',*,*,#3509,.F.);
#4704=ORIENTED_EDGE('',*,*,#3460,.F.);
#4705=ORIENTED_EDGE('',*,*,#3530,.F.);
#4706=ORIENTED_EDGE('',*,*,#3531,.T.);
#4707=ORIENTED_EDGE('',*,*,#3506,.F.);
#4708=ORIENTED_EDGE('',*,*,#3470,.T.);
#4709=ORIENTED_EDGE('',*,*,#3473,.T.);
#4710=ORIENTED_EDGE('',*,*,#3532,.F.);
#4711=ORIENTED_EDGE('',*,*,#3533,.F.);
#4712=ORIENTED_EDGE('',*,*,#3458,.T.);
#4713=ORIENTED_EDGE('',*,*,#3438,.T.);
#4714=ORIENTED_EDGE('',*,*,#3472,.F.);
#4715=ORIENTED_EDGE('',*,*,#3505,.F.);
#4716=ORIENTED_EDGE('',*,*,#3467,.F.);
#4717=ORIENTED_EDGE('',*,*,#3534,.F.);
#4718=ORIENTED_EDGE('',*,*,#3535,.T.);
#4719=ORIENTED_EDGE('',*,*,#3517,.F.);
#4720=ORIENTED_EDGE('',*,*,#3475,.T.);
#4721=ORIENTED_EDGE('',*,*,#3478,.T.);
#4722=ORIENTED_EDGE('',*,*,#3536,.F.);
#4723=ORIENTED_EDGE('',*,*,#3537,.F.);
#4724=ORIENTED_EDGE('',*,*,#3465,.T.);
#4725=ORIENTED_EDGE('',*,*,#3447,.T.);
#4726=ORIENTED_EDGE('',*,*,#3477,.F.);
#4727=ORIENTED_EDGE('',*,*,#3516,.F.);
#4728=ORIENTED_EDGE('',*,*,#3526,.T.);
#4729=ORIENTED_EDGE('',*,*,#3528,.T.);
#4730=ORIENTED_EDGE('',*,*,#3529,.T.);
#4731=ORIENTED_EDGE('',*,*,#3248,.T.);
#4732=ORIENTED_EDGE('',*,*,#3533,.T.);
#4733=ORIENTED_EDGE('',*,*,#3538,.T.);
#4734=ORIENTED_EDGE('',*,*,#3530,.T.);
#4735=ORIENTED_EDGE('',*,*,#3459,.T.);
#4736=ORIENTED_EDGE('',*,*,#3537,.T.);
#4737=ORIENTED_EDGE('',*,*,#3539,.T.);
#4738=ORIENTED_EDGE('',*,*,#3534,.T.);
#4739=ORIENTED_EDGE('',*,*,#3466,.T.);
#4740=ORIENTED_EDGE('',*,*,#3521,.T.);
#4741=ORIENTED_EDGE('',*,*,#3523,.T.);
#4742=ORIENTED_EDGE('',*,*,#3524,.T.);
#4743=ORIENTED_EDGE('',*,*,#3244,.T.);
#4744=ORIENTED_EDGE('',*,*,#3219,.F.);
#4745=ORIENTED_EDGE('',*,*,#3238,.T.);
#4746=ORIENTED_EDGE('',*,*,#3508,.T.);
#4747=ORIENTED_EDGE('',*,*,#3540,.F.);
#4748=ORIENTED_EDGE('',*,*,#3235,.F.);
#4749=ORIENTED_EDGE('',*,*,#3540,.T.);
#4750=ORIENTED_EDGE('',*,*,#3507,.T.);
#4751=ORIENTED_EDGE('',*,*,#3531,.F.);
#4752=ORIENTED_EDGE('',*,*,#3538,.F.);
#4753=ORIENTED_EDGE('',*,*,#3532,.T.);
#4754=ORIENTED_EDGE('',*,*,#3518,.T.);
#4755=ORIENTED_EDGE('',*,*,#3535,.F.);
#4756=ORIENTED_EDGE('',*,*,#3539,.F.);
#4757=ORIENTED_EDGE('',*,*,#3536,.T.);
#4758=ORIENTED_EDGE('',*,*,#3515,.T.);
#4759=ORIENTED_EDGE('',*,*,#3541,.F.);
#4760=ORIENTED_EDGE('',*,*,#3216,.F.);
#4761=ORIENTED_EDGE('',*,*,#3541,.T.);
#4762=ORIENTED_EDGE('',*,*,#3514,.T.);
#4763=ORIENTED_EDGE('',*,*,#3519,.F.);
#4764=ORIENTED_EDGE('',*,*,#3185,.T.);
#4765=ORIENTED_EDGE('',*,*,#3493,.T.);
#4766=ORIENTED_EDGE('',*,*,#3542,.F.);
#4767=ORIENTED_EDGE('',*,*,#3543,.F.);
#4768=ORIENTED_EDGE('',*,*,#3492,.T.);
#4769=ORIENTED_EDGE('',*,*,#3544,.F.);
#4770=ORIENTED_EDGE('',*,*,#3545,.F.);
#4771=ORIENTED_EDGE('',*,*,#3542,.T.);
#4772=ORIENTED_EDGE('',*,*,#3491,.T.);
#4773=ORIENTED_EDGE('',*,*,#3546,.F.);
#4774=ORIENTED_EDGE('',*,*,#3547,.F.);
#4775=ORIENTED_EDGE('',*,*,#3544,.T.);
#4776=ORIENTED_EDGE('',*,*,#3490,.T.);
#4777=ORIENTED_EDGE('',*,*,#3548,.F.);
#4778=ORIENTED_EDGE('',*,*,#3549,.F.);
#4779=ORIENTED_EDGE('',*,*,#3546,.T.);
#4780=ORIENTED_EDGE('',*,*,#3548,.T.);
#4781=ORIENTED_EDGE('',*,*,#3489,.T.);
#4782=ORIENTED_EDGE('',*,*,#3550,.F.);
#4783=ORIENTED_EDGE('',*,*,#3551,.F.);
#4784=ORIENTED_EDGE('',*,*,#3488,.T.);
#4785=ORIENTED_EDGE('',*,*,#3552,.F.);
#4786=ORIENTED_EDGE('',*,*,#3553,.F.);
#4787=ORIENTED_EDGE('',*,*,#3550,.T.);
#4788=ORIENTED_EDGE('',*,*,#3552,.T.);
#4789=ORIENTED_EDGE('',*,*,#3487,.T.);
#4790=ORIENTED_EDGE('',*,*,#3554,.F.);
#4791=ORIENTED_EDGE('',*,*,#3555,.F.);
#4792=ORIENTED_EDGE('',*,*,#3486,.T.);
#4793=ORIENTED_EDGE('',*,*,#3556,.F.);
#4794=ORIENTED_EDGE('',*,*,#3557,.F.);
#4795=ORIENTED_EDGE('',*,*,#3554,.T.);
#4796=ORIENTED_EDGE('',*,*,#3556,.T.);
#4797=ORIENTED_EDGE('',*,*,#3485,.T.);
#4798=ORIENTED_EDGE('',*,*,#3558,.F.);
#4799=ORIENTED_EDGE('',*,*,#3559,.F.);
#4800=ORIENTED_EDGE('',*,*,#3484,.T.);
#4801=ORIENTED_EDGE('',*,*,#3560,.F.);
#4802=ORIENTED_EDGE('',*,*,#3561,.F.);
#4803=ORIENTED_EDGE('',*,*,#3558,.T.);
#4804=ORIENTED_EDGE('',*,*,#3560,.T.);
#4805=ORIENTED_EDGE('',*,*,#3483,.T.);
#4806=ORIENTED_EDGE('',*,*,#3562,.F.);
#4807=ORIENTED_EDGE('',*,*,#3563,.F.);
#4808=ORIENTED_EDGE('',*,*,#3482,.T.);
#4809=ORIENTED_EDGE('',*,*,#3564,.F.);
#4810=ORIENTED_EDGE('',*,*,#3565,.F.);
#4811=ORIENTED_EDGE('',*,*,#3562,.T.);
#4812=ORIENTED_EDGE('',*,*,#3481,.T.);
#4813=ORIENTED_EDGE('',*,*,#3566,.F.);
#4814=ORIENTED_EDGE('',*,*,#3567,.F.);
#4815=ORIENTED_EDGE('',*,*,#3564,.T.);
#4816=ORIENTED_EDGE('',*,*,#3480,.T.);
#4817=ORIENTED_EDGE('',*,*,#3568,.F.);
#4818=ORIENTED_EDGE('',*,*,#3569,.F.);
#4819=ORIENTED_EDGE('',*,*,#3566,.T.);
#4820=ORIENTED_EDGE('',*,*,#3568,.T.);
#4821=ORIENTED_EDGE('',*,*,#3479,.T.);
#4822=ORIENTED_EDGE('',*,*,#3215,.F.);
#4823=ORIENTED_EDGE('',*,*,#3570,.F.);
#4824=ORIENTED_EDGE('',*,*,#3213,.T.);
#4825=ORIENTED_EDGE('',*,*,#3504,.T.);
#4826=ORIENTED_EDGE('',*,*,#3571,.F.);
#4827=ORIENTED_EDGE('',*,*,#3572,.F.);
#4828=ORIENTED_EDGE('',*,*,#3503,.T.);
#4829=ORIENTED_EDGE('',*,*,#3573,.F.);
#4830=ORIENTED_EDGE('',*,*,#3574,.F.);
#4831=ORIENTED_EDGE('',*,*,#3571,.T.);
#4832=ORIENTED_EDGE('',*,*,#3502,.T.);
#4833=ORIENTED_EDGE('',*,*,#3575,.F.);
#4834=ORIENTED_EDGE('',*,*,#3576,.F.);
#4835=ORIENTED_EDGE('',*,*,#3573,.T.);
#4836=ORIENTED_EDGE('',*,*,#3501,.T.);
#4837=ORIENTED_EDGE('',*,*,#3577,.F.);
#4838=ORIENTED_EDGE('',*,*,#3578,.F.);
#4839=ORIENTED_EDGE('',*,*,#3575,.T.);
#4840=ORIENTED_EDGE('',*,*,#3577,.T.);
#4841=ORIENTED_EDGE('',*,*,#3500,.T.);
#4842=ORIENTED_EDGE('',*,*,#3579,.F.);
#4843=ORIENTED_EDGE('',*,*,#3580,.F.);
#4844=ORIENTED_EDGE('',*,*,#3499,.T.);
#4845=ORIENTED_EDGE('',*,*,#3581,.F.);
#4846=ORIENTED_EDGE('',*,*,#3582,.F.);
#4847=ORIENTED_EDGE('',*,*,#3579,.T.);
#4848=ORIENTED_EDGE('',*,*,#3581,.T.);
#4849=ORIENTED_EDGE('',*,*,#3498,.T.);
#4850=ORIENTED_EDGE('',*,*,#3583,.F.);
#4851=ORIENTED_EDGE('',*,*,#3584,.F.);
#4852=ORIENTED_EDGE('',*,*,#3497,.T.);
#4853=ORIENTED_EDGE('',*,*,#3585,.F.);
#4854=ORIENTED_EDGE('',*,*,#3586,.F.);
#4855=ORIENTED_EDGE('',*,*,#3583,.T.);
#4856=ORIENTED_EDGE('',*,*,#3496,.T.);
#4857=ORIENTED_EDGE('',*,*,#3587,.F.);
#4858=ORIENTED_EDGE('',*,*,#3588,.F.);
#4859=ORIENTED_EDGE('',*,*,#3585,.T.);
#4860=ORIENTED_EDGE('',*,*,#3495,.T.);
#4861=ORIENTED_EDGE('',*,*,#3589,.F.);
#4862=ORIENTED_EDGE('',*,*,#3590,.F.);
#4863=ORIENTED_EDGE('',*,*,#3587,.T.);
#4864=ORIENTED_EDGE('',*,*,#3589,.T.);
#4865=ORIENTED_EDGE('',*,*,#3494,.T.);
#4866=ORIENTED_EDGE('',*,*,#3187,.F.);
#4867=ORIENTED_EDGE('',*,*,#3591,.F.);
#4868=ORIENTED_EDGE('',*,*,#3592,.T.);
#4869=ORIENTED_EDGE('',*,*,#3593,.T.);
#4870=ORIENTED_EDGE('',*,*,#3594,.F.);
#4871=ORIENTED_EDGE('',*,*,#3595,.F.);
#4872=ORIENTED_EDGE('',*,*,#3596,.T.);
#4873=ORIENTED_EDGE('',*,*,#3595,.T.);
#4874=ORIENTED_EDGE('',*,*,#3597,.F.);
#4875=ORIENTED_EDGE('',*,*,#3598,.F.);
#4876=ORIENTED_EDGE('',*,*,#3281,.T.);
#4877=ORIENTED_EDGE('',*,*,#3295,.T.);
#4878=ORIENTED_EDGE('',*,*,#3287,.T.);
#4879=ORIENTED_EDGE('',*,*,#3284,.T.);
#4880=ORIENTED_EDGE('',*,*,#3261,.T.);
#4881=ORIENTED_EDGE('',*,*,#3272,.T.);
#4882=ORIENTED_EDGE('',*,*,#3274,.T.);
#4883=ORIENTED_EDGE('',*,*,#3254,.T.);
#4884=ORIENTED_EDGE('',*,*,#3325,.T.);
#4885=ORIENTED_EDGE('',*,*,#3339,.T.);
#4886=ORIENTED_EDGE('',*,*,#3331,.T.);
#4887=ORIENTED_EDGE('',*,*,#3328,.T.);
#4888=ORIENTED_EDGE('',*,*,#3305,.T.);
#4889=ORIENTED_EDGE('',*,*,#3316,.T.);
#4890=ORIENTED_EDGE('',*,*,#3318,.T.);
#4891=ORIENTED_EDGE('',*,*,#3298,.T.);
#4892=ORIENTED_EDGE('',*,*,#3379,.T.);
#4893=ORIENTED_EDGE('',*,*,#3372,.T.);
#4894=ORIENTED_EDGE('',*,*,#3362,.T.);
#4895=ORIENTED_EDGE('',*,*,#3354,.T.);
#4896=ORIENTED_EDGE('',*,*,#3347,.T.);
#4897=ORIENTED_EDGE('',*,*,#3388,.T.);
#4898=ORIENTED_EDGE('',*,*,#3385,.T.);
#4899=ORIENTED_EDGE('',*,*,#3383,.T.);
#4900=ORIENTED_EDGE('',*,*,#3427,.T.);
#4901=ORIENTED_EDGE('',*,*,#3420,.T.);
#4902=ORIENTED_EDGE('',*,*,#3410,.T.);
#4903=ORIENTED_EDGE('',*,*,#3402,.T.);
#4904=ORIENTED_EDGE('',*,*,#3395,.T.);
#4905=ORIENTED_EDGE('',*,*,#3436,.T.);
#4906=ORIENTED_EDGE('',*,*,#3433,.T.);
#4907=ORIENTED_EDGE('',*,*,#3431,.T.);
#4908=ORIENTED_EDGE('',*,*,#3599,.T.);
#4909=ORIENTED_EDGE('',*,*,#3598,.T.);
#4910=ORIENTED_EDGE('',*,*,#3600,.F.);
#4911=ORIENTED_EDGE('',*,*,#3601,.F.);
#4912=ORIENTED_EDGE('',*,*,#3602,.T.);
#4913=ORIENTED_EDGE('',*,*,#3601,.T.);
#4914=ORIENTED_EDGE('',*,*,#3603,.F.);
#4915=ORIENTED_EDGE('',*,*,#3593,.F.);
#4916=ORIENTED_EDGE('',*,*,#3602,.F.);
#4917=ORIENTED_EDGE('',*,*,#3592,.F.);
#4918=ORIENTED_EDGE('',*,*,#3596,.F.);
#4919=ORIENTED_EDGE('',*,*,#3599,.F.);
#4920=ORIENTED_EDGE('',*,*,#3563,.T.);
#4921=ORIENTED_EDGE('',*,*,#3565,.T.);
#4922=ORIENTED_EDGE('',*,*,#3567,.T.);
#4923=ORIENTED_EDGE('',*,*,#3569,.T.);
#4924=ORIENTED_EDGE('',*,*,#3570,.T.);
#4925=ORIENTED_EDGE('',*,*,#3214,.T.);
#4926=ORIENTED_EDGE('',*,*,#3572,.T.);
#4927=ORIENTED_EDGE('',*,*,#3574,.T.);
#4928=ORIENTED_EDGE('',*,*,#3576,.T.);
#4929=ORIENTED_EDGE('',*,*,#3578,.T.);
#4930=ORIENTED_EDGE('',*,*,#3580,.T.);
#4931=ORIENTED_EDGE('',*,*,#3582,.T.);
#4932=ORIENTED_EDGE('',*,*,#3584,.T.);
#4933=ORIENTED_EDGE('',*,*,#3586,.T.);
#4934=ORIENTED_EDGE('',*,*,#3588,.T.);
#4935=ORIENTED_EDGE('',*,*,#3590,.T.);
#4936=ORIENTED_EDGE('',*,*,#3591,.T.);
#4937=ORIENTED_EDGE('',*,*,#3186,.T.);
#4938=ORIENTED_EDGE('',*,*,#3543,.T.);
#4939=ORIENTED_EDGE('',*,*,#3545,.T.);
#4940=ORIENTED_EDGE('',*,*,#3547,.T.);
#4941=ORIENTED_EDGE('',*,*,#3549,.T.);
#4942=ORIENTED_EDGE('',*,*,#3551,.T.);
#4943=ORIENTED_EDGE('',*,*,#3553,.T.);
#4944=ORIENTED_EDGE('',*,*,#3555,.T.);
#4945=ORIENTED_EDGE('',*,*,#3557,.T.);
#4946=ORIENTED_EDGE('',*,*,#3559,.T.);
#4947=ORIENTED_EDGE('',*,*,#3561,.T.);
#4948=ORIENTED_EDGE('',*,*,#3603,.T.);
#4949=ORIENTED_EDGE('',*,*,#3600,.T.);
#4950=ORIENTED_EDGE('',*,*,#3597,.T.);
#4951=ORIENTED_EDGE('',*,*,#3594,.T.);
#4952=ORIENTED_EDGE('',*,*,#3604,.F.);
#4953=ORIENTED_EDGE('',*,*,#3605,.T.);
#4954=ORIENTED_EDGE('',*,*,#3606,.T.);
#4955=ORIENTED_EDGE('',*,*,#3607,.T.);
#4956=ORIENTED_EDGE('',*,*,#3608,.F.);
#4957=ORIENTED_EDGE('',*,*,#3609,.T.);
#4958=ORIENTED_EDGE('',*,*,#3610,.T.);
#4959=ORIENTED_EDGE('',*,*,#3611,.T.);
#4960=ORIENTED_EDGE('',*,*,#3612,.F.);
#4961=ORIENTED_EDGE('',*,*,#3613,.T.);
#4962=ORIENTED_EDGE('',*,*,#3614,.F.);
#4963=ORIENTED_EDGE('',*,*,#3615,.F.);
#4964=ORIENTED_EDGE('',*,*,#3616,.F.);
#4965=ORIENTED_EDGE('',*,*,#3617,.T.);
#4966=ORIENTED_EDGE('',*,*,#3618,.F.);
#4967=ORIENTED_EDGE('',*,*,#3613,.F.);
#4968=ORIENTED_EDGE('',*,*,#3618,.T.);
#4969=ORIENTED_EDGE('',*,*,#3608,.T.);
#4970=ORIENTED_EDGE('',*,*,#3614,.T.);
#4971=ORIENTED_EDGE('',*,*,#3619,.T.);
#4972=ORIENTED_EDGE('',*,*,#3604,.T.);
#4973=ORIENTED_EDGE('',*,*,#3620,.T.);
#4974=ORIENTED_EDGE('',*,*,#3610,.F.);
#4975=ORIENTED_EDGE('',*,*,#3621,.F.);
#4976=ORIENTED_EDGE('',*,*,#3622,.F.);
#4977=ORIENTED_EDGE('',*,*,#3623,.F.);
#4978=ORIENTED_EDGE('',*,*,#3624,.F.);
#4979=ORIENTED_EDGE('',*,*,#3625,.F.);
#4980=ORIENTED_EDGE('',*,*,#3625,.T.);
#4981=ORIENTED_EDGE('',*,*,#3626,.T.);
#4982=ORIENTED_EDGE('',*,*,#3627,.F.);
#4983=ORIENTED_EDGE('',*,*,#3605,.F.);
#4984=ORIENTED_EDGE('',*,*,#3628,.F.);
#4985=ORIENTED_EDGE('',*,*,#3615,.T.);
#4986=ORIENTED_EDGE('',*,*,#3611,.F.);
#4987=ORIENTED_EDGE('',*,*,#3624,.T.);
#4988=ORIENTED_EDGE('',*,*,#3629,.T.);
#4989=ORIENTED_EDGE('',*,*,#3630,.F.);
#4990=ORIENTED_EDGE('',*,*,#3626,.F.);
#4991=ORIENTED_EDGE('',*,*,#3623,.T.);
#4992=ORIENTED_EDGE('',*,*,#3631,.T.);
#4993=ORIENTED_EDGE('',*,*,#3632,.F.);
#4994=ORIENTED_EDGE('',*,*,#3629,.F.);
#4995=ORIENTED_EDGE('',*,*,#3622,.T.);
#4996=ORIENTED_EDGE('',*,*,#3633,.T.);
#4997=ORIENTED_EDGE('',*,*,#3634,.F.);
#4998=ORIENTED_EDGE('',*,*,#3631,.F.);
#4999=ORIENTED_EDGE('',*,*,#3612,.T.);
#5000=ORIENTED_EDGE('',*,*,#3628,.T.);
#5001=ORIENTED_EDGE('',*,*,#3619,.F.);
#5002=ORIENTED_EDGE('',*,*,#3635,.F.);
#5003=ORIENTED_EDGE('',*,*,#3616,.T.);
#5004=ORIENTED_EDGE('',*,*,#3635,.T.);
#5005=ORIENTED_EDGE('',*,*,#3620,.F.);
#5006=ORIENTED_EDGE('',*,*,#3636,.F.);
#5007=ORIENTED_EDGE('',*,*,#3621,.T.);
#5008=ORIENTED_EDGE('',*,*,#3609,.F.);
#5009=ORIENTED_EDGE('',*,*,#3617,.F.);
#5010=ORIENTED_EDGE('',*,*,#3636,.T.);
#5011=ORIENTED_EDGE('',*,*,#3607,.F.);
#5012=ORIENTED_EDGE('',*,*,#3637,.F.);
#5013=ORIENTED_EDGE('',*,*,#3633,.F.);
#5014=ORIENTED_EDGE('',*,*,#3606,.F.);
#5015=ORIENTED_EDGE('',*,*,#3627,.T.);
#5016=ORIENTED_EDGE('',*,*,#3630,.T.);
#5017=ORIENTED_EDGE('',*,*,#3632,.T.);
#5018=ORIENTED_EDGE('',*,*,#3634,.T.);
#5019=ORIENTED_EDGE('',*,*,#3637,.T.);
#5020=ORIENTED_EDGE('',*,*,#3638,.F.);
#5021=ORIENTED_EDGE('',*,*,#3639,.T.);
#5022=ORIENTED_EDGE('',*,*,#3640,.T.);
#5023=ORIENTED_EDGE('',*,*,#3641,.T.);
#5024=ORIENTED_EDGE('',*,*,#3642,.F.);
#5025=ORIENTED_EDGE('',*,*,#3643,.T.);
#5026=ORIENTED_EDGE('',*,*,#3644,.T.);
#5027=ORIENTED_EDGE('',*,*,#3645,.T.);
#5028=ORIENTED_EDGE('',*,*,#3646,.F.);
#5029=ORIENTED_EDGE('',*,*,#3647,.T.);
#5030=ORIENTED_EDGE('',*,*,#3648,.F.);
#5031=ORIENTED_EDGE('',*,*,#3649,.F.);
#5032=ORIENTED_EDGE('',*,*,#3650,.F.);
#5033=ORIENTED_EDGE('',*,*,#3651,.T.);
#5034=ORIENTED_EDGE('',*,*,#3652,.F.);
#5035=ORIENTED_EDGE('',*,*,#3647,.F.);
#5036=ORIENTED_EDGE('',*,*,#3652,.T.);
#5037=ORIENTED_EDGE('',*,*,#3638,.T.);
#5038=ORIENTED_EDGE('',*,*,#3648,.T.);
#5039=ORIENTED_EDGE('',*,*,#3642,.T.);
#5040=ORIENTED_EDGE('',*,*,#3653,.T.);
#5041=ORIENTED_EDGE('',*,*,#3654,.T.);
#5042=ORIENTED_EDGE('',*,*,#3644,.F.);
#5043=ORIENTED_EDGE('',*,*,#3655,.T.);
#5044=ORIENTED_EDGE('',*,*,#3656,.T.);
#5045=ORIENTED_EDGE('',*,*,#3657,.T.);
#5046=ORIENTED_EDGE('',*,*,#3658,.T.);
#5047=ORIENTED_EDGE('',*,*,#3659,.T.);
#5048=ORIENTED_EDGE('',*,*,#3640,.F.);
#5049=ORIENTED_EDGE('',*,*,#3660,.F.);
#5050=ORIENTED_EDGE('',*,*,#3661,.F.);
#5051=ORIENTED_EDGE('',*,*,#3662,.F.);
#5052=ORIENTED_EDGE('',*,*,#3663,.F.);
#5053=ORIENTED_EDGE('',*,*,#3664,.F.);
#5054=ORIENTED_EDGE('',*,*,#3650,.T.);
#5055=ORIENTED_EDGE('',*,*,#3665,.T.);
#5056=ORIENTED_EDGE('',*,*,#3653,.F.);
#5057=ORIENTED_EDGE('',*,*,#3666,.F.);
#5058=ORIENTED_EDGE('',*,*,#3646,.T.);
#5059=ORIENTED_EDGE('',*,*,#3667,.T.);
#5060=ORIENTED_EDGE('',*,*,#3654,.F.);
#5061=ORIENTED_EDGE('',*,*,#3665,.F.);
#5062=ORIENTED_EDGE('',*,*,#3664,.T.);
#5063=ORIENTED_EDGE('',*,*,#3668,.T.);
#5064=ORIENTED_EDGE('',*,*,#3655,.F.);
#5065=ORIENTED_EDGE('',*,*,#3643,.F.);
#5066=ORIENTED_EDGE('',*,*,#3667,.F.);
#5067=ORIENTED_EDGE('',*,*,#3649,.T.);
#5068=ORIENTED_EDGE('',*,*,#3641,.F.);
#5069=ORIENTED_EDGE('',*,*,#3663,.T.);
#5070=ORIENTED_EDGE('',*,*,#3669,.T.);
#5071=ORIENTED_EDGE('',*,*,#3656,.F.);
#5072=ORIENTED_EDGE('',*,*,#3668,.F.);
#5073=ORIENTED_EDGE('',*,*,#3660,.T.);
#5074=ORIENTED_EDGE('',*,*,#3639,.F.);
#5075=ORIENTED_EDGE('',*,*,#3651,.F.);
#5076=ORIENTED_EDGE('',*,*,#3666,.T.);
#5077=ORIENTED_EDGE('',*,*,#3645,.F.);
#5078=ORIENTED_EDGE('',*,*,#3659,.F.);
#5079=ORIENTED_EDGE('',*,*,#3670,.F.);
#5080=ORIENTED_EDGE('',*,*,#3661,.T.);
#5081=ORIENTED_EDGE('',*,*,#3670,.T.);
#5082=ORIENTED_EDGE('',*,*,#3658,.F.);
#5083=ORIENTED_EDGE('',*,*,#3671,.F.);
#5084=ORIENTED_EDGE('',*,*,#3662,.T.);
#5085=ORIENTED_EDGE('',*,*,#3671,.T.);
#5086=ORIENTED_EDGE('',*,*,#3657,.F.);
#5087=ORIENTED_EDGE('',*,*,#3669,.F.);
#5088=ORIENTED_EDGE('',*,*,#3672,.F.);
#5089=ORIENTED_EDGE('',*,*,#3673,.F.);
#5090=ORIENTED_EDGE('',*,*,#3674,.T.);
#5091=ORIENTED_EDGE('',*,*,#3675,.F.);
#5092=ORIENTED_EDGE('',*,*,#3676,.F.);
#5093=ORIENTED_EDGE('',*,*,#3677,.F.);
#5094=ORIENTED_EDGE('',*,*,#3678,.T.);
#5095=ORIENTED_EDGE('',*,*,#3679,.F.);
#5096=ORIENTED_EDGE('',*,*,#3680,.F.);
#5097=ORIENTED_EDGE('',*,*,#3681,.T.);
#5098=ORIENTED_EDGE('',*,*,#3682,.T.);
#5099=ORIENTED_EDGE('',*,*,#3683,.T.);
#5100=ORIENTED_EDGE('',*,*,#3684,.F.);
#5101=ORIENTED_EDGE('',*,*,#3685,.T.);
#5102=ORIENTED_EDGE('',*,*,#3680,.T.);
#5103=ORIENTED_EDGE('',*,*,#3686,.T.);
#5104=ORIENTED_EDGE('',*,*,#3686,.F.);
#5105=ORIENTED_EDGE('',*,*,#3683,.F.);
#5106=ORIENTED_EDGE('',*,*,#3678,.F.);
#5107=ORIENTED_EDGE('',*,*,#3687,.F.);
#5108=ORIENTED_EDGE('',*,*,#3688,.F.);
#5109=ORIENTED_EDGE('',*,*,#3674,.F.);
#5110=ORIENTED_EDGE('',*,*,#3676,.T.);
#5111=ORIENTED_EDGE('',*,*,#3689,.T.);
#5112=ORIENTED_EDGE('',*,*,#3690,.T.);
#5113=ORIENTED_EDGE('',*,*,#3691,.T.);
#5114=ORIENTED_EDGE('',*,*,#3692,.T.);
#5115=ORIENTED_EDGE('',*,*,#3693,.T.);
#5116=ORIENTED_EDGE('',*,*,#3689,.F.);
#5117=ORIENTED_EDGE('',*,*,#3679,.T.);
#5118=ORIENTED_EDGE('',*,*,#3682,.F.);
#5119=ORIENTED_EDGE('',*,*,#3694,.T.);
#5120=ORIENTED_EDGE('',*,*,#3673,.T.);
#5121=ORIENTED_EDGE('',*,*,#3695,.T.);
#5122=ORIENTED_EDGE('',*,*,#3696,.F.);
#5123=ORIENTED_EDGE('',*,*,#3690,.F.);
#5124=ORIENTED_EDGE('',*,*,#3696,.T.);
#5125=ORIENTED_EDGE('',*,*,#3697,.T.);
#5126=ORIENTED_EDGE('',*,*,#3698,.F.);
#5127=ORIENTED_EDGE('',*,*,#3691,.F.);
#5128=ORIENTED_EDGE('',*,*,#3698,.T.);
#5129=ORIENTED_EDGE('',*,*,#3699,.T.);
#5130=ORIENTED_EDGE('',*,*,#3700,.F.);
#5131=ORIENTED_EDGE('',*,*,#3692,.F.);
#5132=ORIENTED_EDGE('',*,*,#3700,.T.);
#5133=ORIENTED_EDGE('',*,*,#3701,.T.);
#5134=ORIENTED_EDGE('',*,*,#3702,.F.);
#5135=ORIENTED_EDGE('',*,*,#3694,.F.);
#5136=ORIENTED_EDGE('',*,*,#3681,.F.);
#5137=ORIENTED_EDGE('',*,*,#3703,.T.);
#5138=ORIENTED_EDGE('',*,*,#3687,.T.);
#5139=ORIENTED_EDGE('',*,*,#3703,.F.);
#5140=ORIENTED_EDGE('',*,*,#3685,.F.);
#5141=ORIENTED_EDGE('',*,*,#3704,.T.);
#5142=ORIENTED_EDGE('',*,*,#3688,.T.);
#5143=ORIENTED_EDGE('',*,*,#3693,.F.);
#5144=ORIENTED_EDGE('',*,*,#3702,.T.);
#5145=ORIENTED_EDGE('',*,*,#3705,.T.);
#5146=ORIENTED_EDGE('',*,*,#3675,.T.);
#5147=ORIENTED_EDGE('',*,*,#3704,.F.);
#5148=ORIENTED_EDGE('',*,*,#3684,.T.);
#5149=ORIENTED_EDGE('',*,*,#3677,.T.);
#5150=ORIENTED_EDGE('',*,*,#3672,.T.);
#5151=ORIENTED_EDGE('',*,*,#3705,.F.);
#5152=ORIENTED_EDGE('',*,*,#3701,.F.);
#5153=ORIENTED_EDGE('',*,*,#3699,.F.);
#5154=ORIENTED_EDGE('',*,*,#3697,.F.);
#5155=ORIENTED_EDGE('',*,*,#3695,.F.);
#5156=ORIENTED_EDGE('',*,*,#3706,.F.);
#5157=ORIENTED_EDGE('',*,*,#3707,.F.);
#5158=ORIENTED_EDGE('',*,*,#3708,.T.);
#5159=ORIENTED_EDGE('',*,*,#3709,.F.);
#5160=ORIENTED_EDGE('',*,*,#3710,.F.);
#5161=ORIENTED_EDGE('',*,*,#3711,.F.);
#5162=ORIENTED_EDGE('',*,*,#3712,.T.);
#5163=ORIENTED_EDGE('',*,*,#3713,.F.);
#5164=ORIENTED_EDGE('',*,*,#3714,.F.);
#5165=ORIENTED_EDGE('',*,*,#3715,.T.);
#5166=ORIENTED_EDGE('',*,*,#3716,.T.);
#5167=ORIENTED_EDGE('',*,*,#3717,.T.);
#5168=ORIENTED_EDGE('',*,*,#3718,.F.);
#5169=ORIENTED_EDGE('',*,*,#3719,.T.);
#5170=ORIENTED_EDGE('',*,*,#3714,.T.);
#5171=ORIENTED_EDGE('',*,*,#3720,.T.);
#5172=ORIENTED_EDGE('',*,*,#3720,.F.);
#5173=ORIENTED_EDGE('',*,*,#3717,.F.);
#5174=ORIENTED_EDGE('',*,*,#3708,.F.);
#5175=ORIENTED_EDGE('',*,*,#3712,.F.);
#5176=ORIENTED_EDGE('',*,*,#3721,.F.);
#5177=ORIENTED_EDGE('',*,*,#3722,.F.);
#5178=ORIENTED_EDGE('',*,*,#3710,.T.);
#5179=ORIENTED_EDGE('',*,*,#3723,.F.);
#5180=ORIENTED_EDGE('',*,*,#3724,.F.);
#5181=ORIENTED_EDGE('',*,*,#3725,.F.);
#5182=ORIENTED_EDGE('',*,*,#3726,.F.);
#5183=ORIENTED_EDGE('',*,*,#3727,.F.);
#5184=ORIENTED_EDGE('',*,*,#3706,.T.);
#5185=ORIENTED_EDGE('',*,*,#3728,.T.);
#5186=ORIENTED_EDGE('',*,*,#3729,.T.);
#5187=ORIENTED_EDGE('',*,*,#3730,.T.);
#5188=ORIENTED_EDGE('',*,*,#3731,.T.);
#5189=ORIENTED_EDGE('',*,*,#3732,.T.);
#5190=ORIENTED_EDGE('',*,*,#3733,.F.);
#5191=ORIENTED_EDGE('',*,*,#3719,.F.);
#5192=ORIENTED_EDGE('',*,*,#3734,.T.);
#5193=ORIENTED_EDGE('',*,*,#3722,.T.);
#5194=ORIENTED_EDGE('',*,*,#3735,.F.);
#5195=ORIENTED_EDGE('',*,*,#3715,.F.);
#5196=ORIENTED_EDGE('',*,*,#3733,.T.);
#5197=ORIENTED_EDGE('',*,*,#3721,.T.);
#5198=ORIENTED_EDGE('',*,*,#3728,.F.);
#5199=ORIENTED_EDGE('',*,*,#3709,.T.);
#5200=ORIENTED_EDGE('',*,*,#3716,.F.);
#5201=ORIENTED_EDGE('',*,*,#3735,.T.);
#5202=ORIENTED_EDGE('',*,*,#3711,.T.);
#5203=ORIENTED_EDGE('',*,*,#3727,.T.);
#5204=ORIENTED_EDGE('',*,*,#3736,.F.);
#5205=ORIENTED_EDGE('',*,*,#3729,.F.);
#5206=ORIENTED_EDGE('',*,*,#3736,.T.);
#5207=ORIENTED_EDGE('',*,*,#3726,.T.);
#5208=ORIENTED_EDGE('',*,*,#3737,.F.);
#5209=ORIENTED_EDGE('',*,*,#3732,.F.);
#5210=ORIENTED_EDGE('',*,*,#3738,.T.);
#5211=ORIENTED_EDGE('',*,*,#3723,.T.);
#5212=ORIENTED_EDGE('',*,*,#3713,.T.);
#5213=ORIENTED_EDGE('',*,*,#3734,.F.);
#5214=ORIENTED_EDGE('',*,*,#3718,.T.);
#5215=ORIENTED_EDGE('',*,*,#3707,.T.);
#5216=ORIENTED_EDGE('',*,*,#3731,.F.);
#5217=ORIENTED_EDGE('',*,*,#3739,.T.);
#5218=ORIENTED_EDGE('',*,*,#3724,.T.);
#5219=ORIENTED_EDGE('',*,*,#3738,.F.);
#5220=ORIENTED_EDGE('',*,*,#3730,.F.);
#5221=ORIENTED_EDGE('',*,*,#3737,.T.);
#5222=ORIENTED_EDGE('',*,*,#3725,.T.);
#5223=ORIENTED_EDGE('',*,*,#3739,.F.);
#5224=ORIENTED_EDGE('',*,*,#3740,.T.);
#5225=ORIENTED_EDGE('',*,*,#3741,.T.);
#5226=ORIENTED_EDGE('',*,*,#3742,.T.);
#5227=ORIENTED_EDGE('',*,*,#3743,.T.);
#5228=ORIENTED_EDGE('',*,*,#3744,.T.);
#5229=ORIENTED_EDGE('',*,*,#3745,.T.);
#5230=ORIENTED_EDGE('',*,*,#3746,.T.);
#5231=ORIENTED_EDGE('',*,*,#3742,.F.);
#5232=ORIENTED_EDGE('',*,*,#3747,.T.);
#5233=ORIENTED_EDGE('',*,*,#3748,.T.);
#5234=ORIENTED_EDGE('',*,*,#3745,.F.);
#5235=ORIENTED_EDGE('',*,*,#3749,.T.);
#5236=ORIENTED_EDGE('',*,*,#3750,.T.);
#5237=ORIENTED_EDGE('',*,*,#3751,.T.);
#5238=ORIENTED_EDGE('',*,*,#3752,.T.);
#5239=ORIENTED_EDGE('',*,*,#3747,.F.);
#5240=ORIENTED_EDGE('',*,*,#3753,.T.);
#5241=ORIENTED_EDGE('',*,*,#3754,.T.);
#5242=ORIENTED_EDGE('',*,*,#3751,.F.);
#5243=ORIENTED_EDGE('',*,*,#3755,.T.);
#5244=ORIENTED_EDGE('',*,*,#3756,.T.);
#5245=ORIENTED_EDGE('',*,*,#3757,.T.);
#5246=ORIENTED_EDGE('',*,*,#3758,.T.);
#5247=ORIENTED_EDGE('',*,*,#3753,.F.);
#5248=ORIENTED_EDGE('',*,*,#3759,.T.);
#5249=ORIENTED_EDGE('',*,*,#3760,.T.);
#5250=ORIENTED_EDGE('',*,*,#3757,.F.);
#5251=ORIENTED_EDGE('',*,*,#3761,.T.);
#5252=ORIENTED_EDGE('',*,*,#3762,.T.);
#5253=ORIENTED_EDGE('',*,*,#3740,.F.);
#5254=ORIENTED_EDGE('',*,*,#3763,.T.);
#5255=ORIENTED_EDGE('',*,*,#3759,.F.);
#5256=ORIENTED_EDGE('',*,*,#3750,.F.);
#5257=ORIENTED_EDGE('',*,*,#3764,.T.);
#5258=ORIENTED_EDGE('',*,*,#3765,.F.);
#5259=ORIENTED_EDGE('',*,*,#3766,.F.);
#5260=ORIENTED_EDGE('',*,*,#3749,.F.);
#5261=ORIENTED_EDGE('',*,*,#3767,.T.);
#5262=ORIENTED_EDGE('',*,*,#3768,.F.);
#5263=ORIENTED_EDGE('',*,*,#3769,.F.);
#5264=ORIENTED_EDGE('',*,*,#3770,.F.);
#5265=ORIENTED_EDGE('',*,*,#3771,.T.);
#5266=ORIENTED_EDGE('',*,*,#3772,.F.);
#5267=ORIENTED_EDGE('',*,*,#3764,.F.);
#5268=ORIENTED_EDGE('',*,*,#3744,.F.);
#5269=ORIENTED_EDGE('',*,*,#3773,.T.);
#5270=ORIENTED_EDGE('',*,*,#3774,.F.);
#5271=ORIENTED_EDGE('',*,*,#3771,.F.);
#5272=ORIENTED_EDGE('',*,*,#3775,.T.);
#5273=ORIENTED_EDGE('',*,*,#3776,.T.);
#5274=ORIENTED_EDGE('',*,*,#3777,.T.);
#5275=ORIENTED_EDGE('',*,*,#3767,.F.);
#5276=ORIENTED_EDGE('',*,*,#3741,.F.);
#5277=ORIENTED_EDGE('',*,*,#3778,.F.);
#5278=ORIENTED_EDGE('',*,*,#3779,.F.);
#5279=ORIENTED_EDGE('',*,*,#3773,.F.);
#5280=ORIENTED_EDGE('',*,*,#3780,.T.);
#5281=ORIENTED_EDGE('',*,*,#3781,.T.);
#5282=ORIENTED_EDGE('',*,*,#3782,.T.);
#5283=ORIENTED_EDGE('',*,*,#3783,.T.);
#5284=ORIENTED_EDGE('',*,*,#3784,.T.);
#5285=ORIENTED_EDGE('',*,*,#3785,.T.);
#5286=ORIENTED_EDGE('',*,*,#3786,.T.);
#5287=ORIENTED_EDGE('',*,*,#3787,.T.);
#5288=ORIENTED_EDGE('',*,*,#3788,.T.);
#5289=ORIENTED_EDGE('',*,*,#3789,.T.);
#5290=ORIENTED_EDGE('',*,*,#3790,.T.);
#5291=ORIENTED_EDGE('',*,*,#3791,.T.);
#5292=ORIENTED_EDGE('',*,*,#3792,.T.);
#5293=ORIENTED_EDGE('',*,*,#3793,.T.);
#5294=ORIENTED_EDGE('',*,*,#3794,.T.);
#5295=ORIENTED_EDGE('',*,*,#3795,.T.);
#5296=ORIENTED_EDGE('',*,*,#3796,.T.);
#5297=ORIENTED_EDGE('',*,*,#3797,.T.);
#5298=ORIENTED_EDGE('',*,*,#3798,.T.);
#5299=ORIENTED_EDGE('',*,*,#3799,.T.);
#5300=ORIENTED_EDGE('',*,*,#3800,.T.);
#5301=ORIENTED_EDGE('',*,*,#3801,.T.);
#5302=ORIENTED_EDGE('',*,*,#3802,.T.);
#5303=ORIENTED_EDGE('',*,*,#3803,.T.);
#5304=ORIENTED_EDGE('',*,*,#3804,.T.);
#5305=ORIENTED_EDGE('',*,*,#3805,.T.);
#5306=ORIENTED_EDGE('',*,*,#3806,.T.);
#5307=ORIENTED_EDGE('',*,*,#3807,.T.);
#5308=ORIENTED_EDGE('',*,*,#3808,.T.);
#5309=ORIENTED_EDGE('',*,*,#3809,.T.);
#5310=ORIENTED_EDGE('',*,*,#3810,.T.);
#5311=ORIENTED_EDGE('',*,*,#3811,.T.);
#5312=ORIENTED_EDGE('',*,*,#3743,.F.);
#5313=ORIENTED_EDGE('',*,*,#3746,.F.);
#5314=ORIENTED_EDGE('',*,*,#3748,.F.);
#5315=ORIENTED_EDGE('',*,*,#3752,.F.);
#5316=ORIENTED_EDGE('',*,*,#3754,.F.);
#5317=ORIENTED_EDGE('',*,*,#3758,.F.);
#5318=ORIENTED_EDGE('',*,*,#3760,.F.);
#5319=ORIENTED_EDGE('',*,*,#3763,.F.);
#5320=ORIENTED_EDGE('',*,*,#3812,.T.);
#5321=ORIENTED_EDGE('',*,*,#3813,.T.);
#5322=ORIENTED_EDGE('',*,*,#3814,.T.);
#5323=ORIENTED_EDGE('',*,*,#3815,.T.);
#5324=ORIENTED_EDGE('',*,*,#3816,.T.);
#5325=ORIENTED_EDGE('',*,*,#3817,.T.);
#5326=ORIENTED_EDGE('',*,*,#3818,.T.);
#5327=ORIENTED_EDGE('',*,*,#3819,.T.);
#5328=ORIENTED_EDGE('',*,*,#3820,.F.);
#5329=ORIENTED_EDGE('',*,*,#3821,.F.);
#5330=ORIENTED_EDGE('',*,*,#3822,.F.);
#5331=ORIENTED_EDGE('',*,*,#3823,.F.);
#5332=ORIENTED_EDGE('',*,*,#3820,.T.);
#5333=ORIENTED_EDGE('',*,*,#3824,.T.);
#5334=ORIENTED_EDGE('',*,*,#3825,.T.);
#5335=ORIENTED_EDGE('',*,*,#3826,.T.);
#5336=ORIENTED_EDGE('',*,*,#3761,.F.);
#5337=ORIENTED_EDGE('',*,*,#3827,.T.);
#5338=ORIENTED_EDGE('',*,*,#3828,.F.);
#5339=ORIENTED_EDGE('',*,*,#3829,.F.);
#5340=ORIENTED_EDGE('',*,*,#3830,.T.);
#5341=ORIENTED_EDGE('',*,*,#3825,.F.);
#5342=ORIENTED_EDGE('',*,*,#3831,.T.);
#5343=ORIENTED_EDGE('',*,*,#3832,.F.);
#5344=ORIENTED_EDGE('',*,*,#3826,.F.);
#5345=ORIENTED_EDGE('',*,*,#3830,.F.);
#5346=ORIENTED_EDGE('',*,*,#3833,.F.);
#5347=ORIENTED_EDGE('',*,*,#3821,.T.);
#5348=ORIENTED_EDGE('',*,*,#3824,.F.);
#5349=ORIENTED_EDGE('',*,*,#3823,.T.);
#5350=ORIENTED_EDGE('',*,*,#3834,.F.);
#5351=ORIENTED_EDGE('',*,*,#3831,.F.);
#5352=ORIENTED_EDGE('',*,*,#3762,.F.);
#5353=ORIENTED_EDGE('',*,*,#3832,.T.);
#5354=ORIENTED_EDGE('',*,*,#3834,.T.);
#5355=ORIENTED_EDGE('',*,*,#3822,.T.);
#5356=ORIENTED_EDGE('',*,*,#3833,.T.);
#5357=ORIENTED_EDGE('',*,*,#3829,.T.);
#5358=ORIENTED_EDGE('',*,*,#3835,.F.);
#5359=ORIENTED_EDGE('',*,*,#3778,.T.);
#5360=ORIENTED_EDGE('',*,*,#3836,.F.);
#5361=ORIENTED_EDGE('',*,*,#3837,.T.);
#5362=ORIENTED_EDGE('',*,*,#3776,.F.);
#5363=ORIENTED_EDGE('',*,*,#3838,.T.);
#5364=ORIENTED_EDGE('',*,*,#3836,.T.);
#5365=ORIENTED_EDGE('',*,*,#3839,.T.);
#5366=ORIENTED_EDGE('',*,*,#3769,.T.);
#5367=ORIENTED_EDGE('',*,*,#3840,.T.);
#5368=ORIENTED_EDGE('',*,*,#3839,.F.);
#5369=ORIENTED_EDGE('',*,*,#3838,.F.);
#5370=ORIENTED_EDGE('',*,*,#3775,.F.);
#5371=ORIENTED_EDGE('',*,*,#3770,.T.);
#5372=ORIENTED_EDGE('',*,*,#3840,.F.);
#5373=ORIENTED_EDGE('',*,*,#3768,.T.);
#5374=ORIENTED_EDGE('',*,*,#3777,.F.);
#5375=ORIENTED_EDGE('',*,*,#3837,.F.);
#5376=ORIENTED_EDGE('',*,*,#3841,.T.);
#5377=ORIENTED_EDGE('',*,*,#3842,.T.);
#5378=ORIENTED_EDGE('',*,*,#3843,.T.);
#5379=ORIENTED_EDGE('',*,*,#3844,.T.);
#5380=ORIENTED_EDGE('',*,*,#3845,.T.);
#5381=ORIENTED_EDGE('',*,*,#3846,.F.);
#5382=ORIENTED_EDGE('',*,*,#3847,.T.);
#5383=ORIENTED_EDGE('',*,*,#3848,.T.);
#5384=ORIENTED_EDGE('',*,*,#3849,.T.);
#5385=ORIENTED_EDGE('',*,*,#3850,.T.);
#5386=ORIENTED_EDGE('',*,*,#3851,.T.);
#5387=ORIENTED_EDGE('',*,*,#3852,.T.);
#5388=ORIENTED_EDGE('',*,*,#3842,.F.);
#5389=ORIENTED_EDGE('',*,*,#3853,.T.);
#5390=ORIENTED_EDGE('',*,*,#3851,.F.);
#5391=ORIENTED_EDGE('',*,*,#3854,.T.);
#5392=ORIENTED_EDGE('',*,*,#3855,.T.);
#5393=ORIENTED_EDGE('',*,*,#3856,.T.);
#5394=ORIENTED_EDGE('',*,*,#3857,.T.);
#5395=ORIENTED_EDGE('',*,*,#3858,.F.);
#5396=ORIENTED_EDGE('',*,*,#3859,.T.);
#5397=ORIENTED_EDGE('',*,*,#3860,.F.);
#5398=ORIENTED_EDGE('',*,*,#3861,.T.);
#5399=ORIENTED_EDGE('',*,*,#3862,.T.);
#5400=ORIENTED_EDGE('',*,*,#3863,.T.);
#5401=ORIENTED_EDGE('',*,*,#3864,.T.);
#5402=ORIENTED_EDGE('',*,*,#3850,.F.);
#5403=ORIENTED_EDGE('',*,*,#3865,.F.);
#5404=ORIENTED_EDGE('',*,*,#3866,.F.);
#5405=ORIENTED_EDGE('',*,*,#3867,.F.);
#5406=ORIENTED_EDGE('',*,*,#3868,.T.);
#5407=ORIENTED_EDGE('',*,*,#3854,.F.);
#5408=ORIENTED_EDGE('',*,*,#3869,.F.);
#5409=ORIENTED_EDGE('',*,*,#3870,.T.);
#5410=ORIENTED_EDGE('',*,*,#3871,.T.);
#5411=ORIENTED_EDGE('',*,*,#3872,.T.);
#5412=ORIENTED_EDGE('',*,*,#3873,.T.);
#5413=ORIENTED_EDGE('',*,*,#3874,.T.);
#5414=ORIENTED_EDGE('',*,*,#3875,.T.);
#5415=ORIENTED_EDGE('',*,*,#3876,.T.);
#5416=ORIENTED_EDGE('',*,*,#3877,.T.);
#5417=ORIENTED_EDGE('',*,*,#3878,.T.);
#5418=ORIENTED_EDGE('',*,*,#3879,.T.);
#5419=ORIENTED_EDGE('',*,*,#3880,.T.);
#5420=ORIENTED_EDGE('',*,*,#3881,.T.);
#5421=ORIENTED_EDGE('',*,*,#3875,.F.);
#5422=ORIENTED_EDGE('',*,*,#3882,.T.);
#5423=ORIENTED_EDGE('',*,*,#3872,.F.);
#5424=ORIENTED_EDGE('',*,*,#3876,.F.);
#5425=ORIENTED_EDGE('',*,*,#3881,.F.);
#5426=ORIENTED_EDGE('',*,*,#3883,.F.);
#5427=ORIENTED_EDGE('',*,*,#3884,.F.);
#5428=ORIENTED_EDGE('',*,*,#3885,.T.);
#5429=ORIENTED_EDGE('',*,*,#3886,.T.);
#5430=ORIENTED_EDGE('',*,*,#3880,.F.);
#5431=ORIENTED_EDGE('',*,*,#3887,.T.);
#5432=ORIENTED_EDGE('',*,*,#3888,.T.);
#5433=ORIENTED_EDGE('',*,*,#3889,.T.);
#5434=ORIENTED_EDGE('',*,*,#3890,.T.);
#5435=ORIENTED_EDGE('',*,*,#3891,.F.);
#5436=ORIENTED_EDGE('',*,*,#3892,.T.);
#5437=ORIENTED_EDGE('',*,*,#3893,.F.);
#5438=ORIENTED_EDGE('',*,*,#3894,.T.);
#5439=ORIENTED_EDGE('',*,*,#3895,.T.);
#5440=ORIENTED_EDGE('',*,*,#3896,.T.);
#5441=ORIENTED_EDGE('',*,*,#3883,.T.);
#5442=ORIENTED_EDGE('',*,*,#3897,.T.);
#5443=ORIENTED_EDGE('',*,*,#3893,.T.);
#5444=ORIENTED_EDGE('',*,*,#3898,.T.);
#5445=ORIENTED_EDGE('',*,*,#3899,.T.);
#5446=ORIENTED_EDGE('',*,*,#3898,.F.);
#5447=ORIENTED_EDGE('',*,*,#3892,.F.);
#5448=ORIENTED_EDGE('',*,*,#3900,.F.);
#5449=ORIENTED_EDGE('',*,*,#3901,.F.);
#5450=ORIENTED_EDGE('',*,*,#3900,.T.);
#5451=ORIENTED_EDGE('',*,*,#3891,.T.);
#5452=ORIENTED_EDGE('',*,*,#3902,.T.);
#5453=ORIENTED_EDGE('',*,*,#3903,.T.);
#5454=ORIENTED_EDGE('',*,*,#3902,.F.);
#5455=ORIENTED_EDGE('',*,*,#3890,.F.);
#5456=ORIENTED_EDGE('',*,*,#3904,.F.);
#5457=ORIENTED_EDGE('',*,*,#3905,.F.);
#5458=ORIENTED_EDGE('',*,*,#3897,.F.);
#5459=ORIENTED_EDGE('',*,*,#3906,.F.);
#5460=ORIENTED_EDGE('',*,*,#3907,.F.);
#5461=ORIENTED_EDGE('',*,*,#3894,.F.);
#5462=ORIENTED_EDGE('',*,*,#3906,.T.);
#5463=ORIENTED_EDGE('',*,*,#3899,.F.);
#5464=ORIENTED_EDGE('',*,*,#3901,.T.);
#5465=ORIENTED_EDGE('',*,*,#3903,.F.);
#5466=ORIENTED_EDGE('',*,*,#3905,.T.);
#5467=ORIENTED_EDGE('',*,*,#3908,.F.);
#5468=ORIENTED_EDGE('',*,*,#3909,.F.);
#5469=ORIENTED_EDGE('',*,*,#3910,.F.);
#5470=ORIENTED_EDGE('',*,*,#3911,.T.);
#5471=ORIENTED_EDGE('',*,*,#3885,.F.);
#5472=ORIENTED_EDGE('',*,*,#3912,.F.);
#5473=ORIENTED_EDGE('',*,*,#3913,.F.);
#5474=ORIENTED_EDGE('',*,*,#3904,.T.);
#5475=ORIENTED_EDGE('',*,*,#3889,.F.);
#5476=ORIENTED_EDGE('',*,*,#3914,.F.);
#5477=ORIENTED_EDGE('',*,*,#3908,.T.);
#5478=ORIENTED_EDGE('',*,*,#3907,.T.);
#5479=ORIENTED_EDGE('',*,*,#3913,.T.);
#5480=ORIENTED_EDGE('',*,*,#3915,.T.);
#5481=ORIENTED_EDGE('',*,*,#3895,.F.);
#5482=ORIENTED_EDGE('',*,*,#3909,.T.);
#5483=ORIENTED_EDGE('',*,*,#3914,.T.);
#5484=ORIENTED_EDGE('',*,*,#3888,.F.);
#5485=ORIENTED_EDGE('',*,*,#3916,.F.);
#5486=ORIENTED_EDGE('',*,*,#3912,.T.);
#5487=ORIENTED_EDGE('',*,*,#3884,.T.);
#5488=ORIENTED_EDGE('',*,*,#3896,.F.);
#5489=ORIENTED_EDGE('',*,*,#3915,.F.);
#5490=ORIENTED_EDGE('',*,*,#3917,.T.);
#5491=ORIENTED_EDGE('',*,*,#3918,.T.);
#5492=ORIENTED_EDGE('',*,*,#3919,.T.);
#5493=ORIENTED_EDGE('',*,*,#3920,.T.);
#5494=ORIENTED_EDGE('',*,*,#3921,.T.);
#5495=ORIENTED_EDGE('',*,*,#3922,.T.);
#5496=ORIENTED_EDGE('',*,*,#3923,.T.);
#5497=ORIENTED_EDGE('',*,*,#3924,.T.);
#5498=ORIENTED_EDGE('',*,*,#3925,.F.);
#5499=ORIENTED_EDGE('',*,*,#3926,.F.);
#5500=ORIENTED_EDGE('',*,*,#3927,.F.);
#5501=ORIENTED_EDGE('',*,*,#3928,.F.);
#5502=ORIENTED_EDGE('',*,*,#3929,.F.);
#5503=ORIENTED_EDGE('',*,*,#3877,.F.);
#5504=ORIENTED_EDGE('',*,*,#3886,.F.);
#5505=ORIENTED_EDGE('',*,*,#3911,.F.);
#5506=ORIENTED_EDGE('',*,*,#3930,.F.);
#5507=ORIENTED_EDGE('',*,*,#3870,.F.);
#5508=ORIENTED_EDGE('',*,*,#3931,.F.);
#5509=ORIENTED_EDGE('',*,*,#3932,.F.);
#5510=ORIENTED_EDGE('',*,*,#3933,.F.);
#5511=ORIENTED_EDGE('',*,*,#3934,.F.);
#5512=ORIENTED_EDGE('',*,*,#3935,.F.);
#5513=ORIENTED_EDGE('',*,*,#3936,.F.);
#5514=ORIENTED_EDGE('',*,*,#3937,.F.);
#5515=ORIENTED_EDGE('',*,*,#3938,.F.);
#5516=ORIENTED_EDGE('',*,*,#3939,.F.);
#5517=ORIENTED_EDGE('',*,*,#3844,.F.);
#5518=ORIENTED_EDGE('',*,*,#3940,.F.);
#5519=ORIENTED_EDGE('',*,*,#3941,.F.);
#5520=ORIENTED_EDGE('',*,*,#3942,.F.);
#5521=ORIENTED_EDGE('',*,*,#3847,.F.);
#5522=ORIENTED_EDGE('',*,*,#3925,.T.);
#5523=ORIENTED_EDGE('',*,*,#3846,.T.);
#5524=ORIENTED_EDGE('',*,*,#3943,.F.);
#5525=ORIENTED_EDGE('',*,*,#3944,.F.);
#5526=ORIENTED_EDGE('',*,*,#3945,.F.);
#5527=ORIENTED_EDGE('',*,*,#3926,.T.);
#5528=ORIENTED_EDGE('',*,*,#3944,.T.);
#5529=ORIENTED_EDGE('',*,*,#3946,.F.);
#5530=ORIENTED_EDGE('',*,*,#3927,.T.);
#5531=ORIENTED_EDGE('',*,*,#3945,.T.);
#5532=ORIENTED_EDGE('',*,*,#3947,.F.);
#5533=ORIENTED_EDGE('',*,*,#3948,.F.);
#5534=ORIENTED_EDGE('',*,*,#3949,.F.);
#5535=ORIENTED_EDGE('',*,*,#3928,.T.);
#5536=ORIENTED_EDGE('',*,*,#3948,.T.);
#5537=ORIENTED_EDGE('',*,*,#3950,.F.);
#5538=ORIENTED_EDGE('',*,*,#3929,.T.);
#5539=ORIENTED_EDGE('',*,*,#3949,.T.);
#5540=ORIENTED_EDGE('',*,*,#3951,.F.);
#5541=ORIENTED_EDGE('',*,*,#3878,.F.);
#5542=ORIENTED_EDGE('',*,*,#3930,.T.);
#5543=ORIENTED_EDGE('',*,*,#3910,.T.);
#5544=ORIENTED_EDGE('',*,*,#3916,.T.);
#5545=ORIENTED_EDGE('',*,*,#3887,.F.);
#5546=ORIENTED_EDGE('',*,*,#3879,.F.);
#5547=ORIENTED_EDGE('',*,*,#3871,.F.);
#5548=ORIENTED_EDGE('',*,*,#3931,.T.);
#5549=ORIENTED_EDGE('',*,*,#3869,.T.);
#5550=ORIENTED_EDGE('',*,*,#3952,.F.);
#5551=ORIENTED_EDGE('',*,*,#3953,.F.);
#5552=ORIENTED_EDGE('',*,*,#3954,.F.);
#5553=ORIENTED_EDGE('',*,*,#3932,.T.);
#5554=ORIENTED_EDGE('',*,*,#3953,.T.);
#5555=ORIENTED_EDGE('',*,*,#3955,.F.);
#5556=ORIENTED_EDGE('',*,*,#3933,.T.);
#5557=ORIENTED_EDGE('',*,*,#3954,.T.);
#5558=ORIENTED_EDGE('',*,*,#3956,.F.);
#5559=ORIENTED_EDGE('',*,*,#3957,.F.);
#5560=ORIENTED_EDGE('',*,*,#3958,.F.);
#5561=ORIENTED_EDGE('',*,*,#3934,.T.);
#5562=ORIENTED_EDGE('',*,*,#3957,.T.);
#5563=ORIENTED_EDGE('',*,*,#3959,.F.);
#5564=ORIENTED_EDGE('',*,*,#3935,.T.);
#5565=ORIENTED_EDGE('',*,*,#3958,.T.);
#5566=ORIENTED_EDGE('',*,*,#3960,.F.);
#5567=ORIENTED_EDGE('',*,*,#3961,.F.);
#5568=ORIENTED_EDGE('',*,*,#3962,.F.);
#5569=ORIENTED_EDGE('',*,*,#3936,.T.);
#5570=ORIENTED_EDGE('',*,*,#3961,.T.);
#5571=ORIENTED_EDGE('',*,*,#3963,.F.);
#5572=ORIENTED_EDGE('',*,*,#3937,.T.);
#5573=ORIENTED_EDGE('',*,*,#3962,.T.);
#5574=ORIENTED_EDGE('',*,*,#3964,.F.);
#5575=ORIENTED_EDGE('',*,*,#3965,.F.);
#5576=ORIENTED_EDGE('',*,*,#3966,.F.);
#5577=ORIENTED_EDGE('',*,*,#3938,.T.);
#5578=ORIENTED_EDGE('',*,*,#3965,.T.);
#5579=ORIENTED_EDGE('',*,*,#3967,.F.);
#5580=ORIENTED_EDGE('',*,*,#3939,.T.);
#5581=ORIENTED_EDGE('',*,*,#3966,.T.);
#5582=ORIENTED_EDGE('',*,*,#3968,.F.);
#5583=ORIENTED_EDGE('',*,*,#3845,.F.);
#5584=ORIENTED_EDGE('',*,*,#3866,.T.);
#5585=ORIENTED_EDGE('',*,*,#3969,.F.);
#5586=ORIENTED_EDGE('',*,*,#3848,.F.);
#5587=ORIENTED_EDGE('',*,*,#3942,.T.);
#5588=ORIENTED_EDGE('',*,*,#3970,.F.);
#5589=ORIENTED_EDGE('',*,*,#3971,.T.);
#5590=ORIENTED_EDGE('',*,*,#3808,.F.);
#5591=ORIENTED_EDGE('',*,*,#3972,.F.);
#5592=ORIENTED_EDGE('',*,*,#3973,.F.);
#5593=ORIENTED_EDGE('',*,*,#3974,.F.);
#5594=ORIENTED_EDGE('',*,*,#3972,.T.);
#5595=ORIENTED_EDGE('',*,*,#3807,.F.);
#5596=ORIENTED_EDGE('',*,*,#3975,.F.);
#5597=ORIENTED_EDGE('',*,*,#3973,.T.);
#5598=ORIENTED_EDGE('',*,*,#3806,.F.);
#5599=ORIENTED_EDGE('',*,*,#3976,.T.);
#5600=ORIENTED_EDGE('',*,*,#3977,.F.);
#5601=ORIENTED_EDGE('',*,*,#3978,.F.);
#5602=ORIENTED_EDGE('',*,*,#3976,.F.);
#5603=ORIENTED_EDGE('',*,*,#3805,.F.);
#5604=ORIENTED_EDGE('',*,*,#3979,.F.);
#5605=ORIENTED_EDGE('',*,*,#3977,.T.);
#5606=ORIENTED_EDGE('',*,*,#3804,.F.);
#5607=ORIENTED_EDGE('',*,*,#3980,.F.);
#5608=ORIENTED_EDGE('',*,*,#3981,.F.);
#5609=ORIENTED_EDGE('',*,*,#3982,.F.);
#5610=ORIENTED_EDGE('',*,*,#3980,.T.);
#5611=ORIENTED_EDGE('',*,*,#3811,.F.);
#5612=ORIENTED_EDGE('',*,*,#3983,.F.);
#5613=ORIENTED_EDGE('',*,*,#3981,.T.);
#5614=ORIENTED_EDGE('',*,*,#3810,.F.);
#5615=ORIENTED_EDGE('',*,*,#3984,.F.);
#5616=ORIENTED_EDGE('',*,*,#3971,.F.);
#5617=ORIENTED_EDGE('',*,*,#3985,.F.);
#5618=ORIENTED_EDGE('',*,*,#3984,.T.);
#5619=ORIENTED_EDGE('',*,*,#3809,.F.);
#5620=ORIENTED_EDGE('',*,*,#3986,.F.);
#5621=ORIENTED_EDGE('',*,*,#3987,.T.);
#5622=ORIENTED_EDGE('',*,*,#3800,.F.);
#5623=ORIENTED_EDGE('',*,*,#3988,.F.);
#5624=ORIENTED_EDGE('',*,*,#3989,.F.);
#5625=ORIENTED_EDGE('',*,*,#3990,.F.);
#5626=ORIENTED_EDGE('',*,*,#3988,.T.);
#5627=ORIENTED_EDGE('',*,*,#3799,.F.);
#5628=ORIENTED_EDGE('',*,*,#3991,.F.);
#5629=ORIENTED_EDGE('',*,*,#3989,.T.);
#5630=ORIENTED_EDGE('',*,*,#3798,.F.);
#5631=ORIENTED_EDGE('',*,*,#3992,.T.);
#5632=ORIENTED_EDGE('',*,*,#3993,.F.);
#5633=ORIENTED_EDGE('',*,*,#3994,.F.);
#5634=ORIENTED_EDGE('',*,*,#3992,.F.);
#5635=ORIENTED_EDGE('',*,*,#3797,.F.);
#5636=ORIENTED_EDGE('',*,*,#3995,.F.);
#5637=ORIENTED_EDGE('',*,*,#3993,.T.);
#5638=ORIENTED_EDGE('',*,*,#3796,.F.);
#5639=ORIENTED_EDGE('',*,*,#3996,.F.);
#5640=ORIENTED_EDGE('',*,*,#3997,.F.);
#5641=ORIENTED_EDGE('',*,*,#3998,.F.);
#5642=ORIENTED_EDGE('',*,*,#3996,.T.);
#5643=ORIENTED_EDGE('',*,*,#3803,.F.);
#5644=ORIENTED_EDGE('',*,*,#3999,.F.);
#5645=ORIENTED_EDGE('',*,*,#3997,.T.);
#5646=ORIENTED_EDGE('',*,*,#3802,.F.);
#5647=ORIENTED_EDGE('',*,*,#4000,.F.);
#5648=ORIENTED_EDGE('',*,*,#3987,.F.);
#5649=ORIENTED_EDGE('',*,*,#4001,.F.);
#5650=ORIENTED_EDGE('',*,*,#4000,.T.);
#5651=ORIENTED_EDGE('',*,*,#3801,.F.);
#5652=ORIENTED_EDGE('',*,*,#4002,.F.);
#5653=ORIENTED_EDGE('',*,*,#4003,.T.);
#5654=ORIENTED_EDGE('',*,*,#3792,.F.);
#5655=ORIENTED_EDGE('',*,*,#4004,.F.);
#5656=ORIENTED_EDGE('',*,*,#4005,.F.);
#5657=ORIENTED_EDGE('',*,*,#4006,.F.);
#5658=ORIENTED_EDGE('',*,*,#4004,.T.);
#5659=ORIENTED_EDGE('',*,*,#3791,.F.);
#5660=ORIENTED_EDGE('',*,*,#4007,.F.);
#5661=ORIENTED_EDGE('',*,*,#4005,.T.);
#5662=ORIENTED_EDGE('',*,*,#3790,.F.);
#5663=ORIENTED_EDGE('',*,*,#4008,.T.);
#5664=ORIENTED_EDGE('',*,*,#4009,.F.);
#5665=ORIENTED_EDGE('',*,*,#4010,.F.);
#5666=ORIENTED_EDGE('',*,*,#4008,.F.);
#5667=ORIENTED_EDGE('',*,*,#3789,.F.);
#5668=ORIENTED_EDGE('',*,*,#4011,.F.);
#5669=ORIENTED_EDGE('',*,*,#4009,.T.);
#5670=ORIENTED_EDGE('',*,*,#3788,.F.);
#5671=ORIENTED_EDGE('',*,*,#4012,.F.);
#5672=ORIENTED_EDGE('',*,*,#4013,.F.);
#5673=ORIENTED_EDGE('',*,*,#4014,.F.);
#5674=ORIENTED_EDGE('',*,*,#4012,.T.);
#5675=ORIENTED_EDGE('',*,*,#3795,.F.);
#5676=ORIENTED_EDGE('',*,*,#4015,.F.);
#5677=ORIENTED_EDGE('',*,*,#4013,.T.);
#5678=ORIENTED_EDGE('',*,*,#3794,.F.);
#5679=ORIENTED_EDGE('',*,*,#4016,.F.);
#5680=ORIENTED_EDGE('',*,*,#4003,.F.);
#5681=ORIENTED_EDGE('',*,*,#4017,.F.);
#5682=ORIENTED_EDGE('',*,*,#4016,.T.);
#5683=ORIENTED_EDGE('',*,*,#3793,.F.);
#5684=ORIENTED_EDGE('',*,*,#4018,.F.);
#5685=ORIENTED_EDGE('',*,*,#4019,.T.);
#5686=ORIENTED_EDGE('',*,*,#3784,.F.);
#5687=ORIENTED_EDGE('',*,*,#4020,.F.);
#5688=ORIENTED_EDGE('',*,*,#4021,.F.);
#5689=ORIENTED_EDGE('',*,*,#4022,.F.);
#5690=ORIENTED_EDGE('',*,*,#4020,.T.);
#5691=ORIENTED_EDGE('',*,*,#3783,.F.);
#5692=ORIENTED_EDGE('',*,*,#4023,.F.);
#5693=ORIENTED_EDGE('',*,*,#4021,.T.);
#5694=ORIENTED_EDGE('',*,*,#3782,.F.);
#5695=ORIENTED_EDGE('',*,*,#4024,.T.);
#5696=ORIENTED_EDGE('',*,*,#4025,.F.);
#5697=ORIENTED_EDGE('',*,*,#4026,.F.);
#5698=ORIENTED_EDGE('',*,*,#4024,.F.);
#5699=ORIENTED_EDGE('',*,*,#3781,.F.);
#5700=ORIENTED_EDGE('',*,*,#4027,.F.);
#5701=ORIENTED_EDGE('',*,*,#4025,.T.);
#5702=ORIENTED_EDGE('',*,*,#3780,.F.);
#5703=ORIENTED_EDGE('',*,*,#4028,.F.);
#5704=ORIENTED_EDGE('',*,*,#4029,.F.);
#5705=ORIENTED_EDGE('',*,*,#4030,.F.);
#5706=ORIENTED_EDGE('',*,*,#4028,.T.);
#5707=ORIENTED_EDGE('',*,*,#3787,.F.);
#5708=ORIENTED_EDGE('',*,*,#4031,.F.);
#5709=ORIENTED_EDGE('',*,*,#4029,.T.);
#5710=ORIENTED_EDGE('',*,*,#3786,.F.);
#5711=ORIENTED_EDGE('',*,*,#4032,.F.);
#5712=ORIENTED_EDGE('',*,*,#4019,.F.);
#5713=ORIENTED_EDGE('',*,*,#4033,.F.);
#5714=ORIENTED_EDGE('',*,*,#4032,.T.);
#5715=ORIENTED_EDGE('',*,*,#3785,.F.);
#5716=ORIENTED_EDGE('',*,*,#3917,.F.);
#5717=ORIENTED_EDGE('',*,*,#4034,.T.);
#5718=ORIENTED_EDGE('',*,*,#3812,.F.);
#5719=ORIENTED_EDGE('',*,*,#4035,.F.);
#5720=ORIENTED_EDGE('',*,*,#4036,.F.);
#5721=ORIENTED_EDGE('',*,*,#3918,.F.);
#5722=ORIENTED_EDGE('',*,*,#4035,.T.);
#5723=ORIENTED_EDGE('',*,*,#3819,.F.);
#5724=ORIENTED_EDGE('',*,*,#3919,.F.);
#5725=ORIENTED_EDGE('',*,*,#4036,.T.);
#5726=ORIENTED_EDGE('',*,*,#3818,.F.);
#5727=ORIENTED_EDGE('',*,*,#4037,.F.);
#5728=ORIENTED_EDGE('',*,*,#4038,.F.);
#5729=ORIENTED_EDGE('',*,*,#3920,.F.);
#5730=ORIENTED_EDGE('',*,*,#4037,.T.);
#5731=ORIENTED_EDGE('',*,*,#3817,.F.);
#5732=ORIENTED_EDGE('',*,*,#3921,.F.);
#5733=ORIENTED_EDGE('',*,*,#4038,.T.);
#5734=ORIENTED_EDGE('',*,*,#3816,.F.);
#5735=ORIENTED_EDGE('',*,*,#4039,.F.);
#5736=ORIENTED_EDGE('',*,*,#3979,.T.);
#5737=ORIENTED_EDGE('',*,*,#3982,.T.);
#5738=ORIENTED_EDGE('',*,*,#3983,.T.);
#5739=ORIENTED_EDGE('',*,*,#3985,.T.);
#5740=ORIENTED_EDGE('',*,*,#3970,.T.);
#5741=ORIENTED_EDGE('',*,*,#3974,.T.);
#5742=ORIENTED_EDGE('',*,*,#3975,.T.);
#5743=ORIENTED_EDGE('',*,*,#3978,.T.);
#5744=ORIENTED_EDGE('',*,*,#3995,.T.);
#5745=ORIENTED_EDGE('',*,*,#3998,.T.);
#5746=ORIENTED_EDGE('',*,*,#3999,.T.);
#5747=ORIENTED_EDGE('',*,*,#4001,.T.);
#5748=ORIENTED_EDGE('',*,*,#3986,.T.);
#5749=ORIENTED_EDGE('',*,*,#3990,.T.);
#5750=ORIENTED_EDGE('',*,*,#3991,.T.);
#5751=ORIENTED_EDGE('',*,*,#3994,.T.);
#5752=ORIENTED_EDGE('',*,*,#4011,.T.);
#5753=ORIENTED_EDGE('',*,*,#4014,.T.);
#5754=ORIENTED_EDGE('',*,*,#4015,.T.);
#5755=ORIENTED_EDGE('',*,*,#4017,.T.);
#5756=ORIENTED_EDGE('',*,*,#4002,.T.);
#5757=ORIENTED_EDGE('',*,*,#4006,.T.);
#5758=ORIENTED_EDGE('',*,*,#4007,.T.);
#5759=ORIENTED_EDGE('',*,*,#4010,.T.);
#5760=ORIENTED_EDGE('',*,*,#4027,.T.);
#5761=ORIENTED_EDGE('',*,*,#4030,.T.);
#5762=ORIENTED_EDGE('',*,*,#4031,.T.);
#5763=ORIENTED_EDGE('',*,*,#4033,.T.);
#5764=ORIENTED_EDGE('',*,*,#4018,.T.);
#5765=ORIENTED_EDGE('',*,*,#4022,.T.);
#5766=ORIENTED_EDGE('',*,*,#4023,.T.);
#5767=ORIENTED_EDGE('',*,*,#4026,.T.);
#5768=ORIENTED_EDGE('',*,*,#4040,.F.);
#5769=ORIENTED_EDGE('',*,*,#3922,.F.);
#5770=ORIENTED_EDGE('',*,*,#4039,.T.);
#5771=ORIENTED_EDGE('',*,*,#3815,.F.);
#5772=ORIENTED_EDGE('',*,*,#3923,.F.);
#5773=ORIENTED_EDGE('',*,*,#4040,.T.);
#5774=ORIENTED_EDGE('',*,*,#3814,.F.);
#5775=ORIENTED_EDGE('',*,*,#4041,.F.);
#5776=ORIENTED_EDGE('',*,*,#4034,.F.);
#5777=ORIENTED_EDGE('',*,*,#3924,.F.);
#5778=ORIENTED_EDGE('',*,*,#4041,.T.);
#5779=ORIENTED_EDGE('',*,*,#3813,.F.);
#5780=ORIENTED_EDGE('',*,*,#3756,.F.);
#5781=ORIENTED_EDGE('',*,*,#4042,.T.);
#5782=ORIENTED_EDGE('',*,*,#4043,.F.);
#5783=ORIENTED_EDGE('',*,*,#3827,.F.);
#5784=ORIENTED_EDGE('',*,*,#3755,.F.);
#5785=ORIENTED_EDGE('',*,*,#3766,.T.);
#5786=ORIENTED_EDGE('',*,*,#4044,.F.);
#5787=ORIENTED_EDGE('',*,*,#4042,.F.);
#5788=ORIENTED_EDGE('',*,*,#4045,.T.);
#5789=ORIENTED_EDGE('',*,*,#4046,.T.);
#5790=ORIENTED_EDGE('',*,*,#4047,.T.);
#5791=ORIENTED_EDGE('',*,*,#3858,.T.);
#5792=ORIENTED_EDGE('',*,*,#4047,.F.);
#5793=ORIENTED_EDGE('',*,*,#4048,.T.);
#5794=ORIENTED_EDGE('',*,*,#4049,.F.);
#5795=ORIENTED_EDGE('',*,*,#3859,.F.);
#5796=ORIENTED_EDGE('',*,*,#4049,.T.);
#5797=ORIENTED_EDGE('',*,*,#4050,.T.);
#5798=ORIENTED_EDGE('',*,*,#4051,.T.);
#5799=ORIENTED_EDGE('',*,*,#3860,.T.);
#5800=ORIENTED_EDGE('',*,*,#4051,.F.);
#5801=ORIENTED_EDGE('',*,*,#4052,.T.);
#5802=ORIENTED_EDGE('',*,*,#4053,.T.);
#5803=ORIENTED_EDGE('',*,*,#3861,.F.);
#5804=ORIENTED_EDGE('',*,*,#4054,.F.);
#5805=ORIENTED_EDGE('',*,*,#4055,.T.);
#5806=ORIENTED_EDGE('',*,*,#3856,.F.);
#5807=ORIENTED_EDGE('',*,*,#4056,.F.);
#5808=ORIENTED_EDGE('',*,*,#4057,.T.);
#5809=ORIENTED_EDGE('',*,*,#4056,.T.);
#5810=ORIENTED_EDGE('',*,*,#3855,.F.);
#5811=ORIENTED_EDGE('',*,*,#3868,.F.);
#5812=ORIENTED_EDGE('',*,*,#3779,.T.);
#5813=ORIENTED_EDGE('',*,*,#3835,.T.);
#5814=ORIENTED_EDGE('',*,*,#3828,.T.);
#5815=ORIENTED_EDGE('',*,*,#4043,.T.);
#5816=ORIENTED_EDGE('',*,*,#4044,.T.);
#5817=ORIENTED_EDGE('',*,*,#3765,.T.);
#5818=ORIENTED_EDGE('',*,*,#3772,.T.);
#5819=ORIENTED_EDGE('',*,*,#3774,.T.);
#5820=ORIENTED_EDGE('',*,*,#3853,.F.);
#5821=ORIENTED_EDGE('',*,*,#3841,.F.);
#5822=ORIENTED_EDGE('',*,*,#3968,.T.);
#5823=ORIENTED_EDGE('',*,*,#3967,.T.);
#5824=ORIENTED_EDGE('',*,*,#3964,.T.);
#5825=ORIENTED_EDGE('',*,*,#3963,.T.);
#5826=ORIENTED_EDGE('',*,*,#3960,.T.);
#5827=ORIENTED_EDGE('',*,*,#3959,.T.);
#5828=ORIENTED_EDGE('',*,*,#3956,.T.);
#5829=ORIENTED_EDGE('',*,*,#3955,.T.);
#5830=ORIENTED_EDGE('',*,*,#3952,.T.);
#5831=ORIENTED_EDGE('',*,*,#3873,.F.);
#5832=ORIENTED_EDGE('',*,*,#3882,.F.);
#5833=ORIENTED_EDGE('',*,*,#3874,.F.);
#5834=ORIENTED_EDGE('',*,*,#3951,.T.);
#5835=ORIENTED_EDGE('',*,*,#3950,.T.);
#5836=ORIENTED_EDGE('',*,*,#3947,.T.);
#5837=ORIENTED_EDGE('',*,*,#3946,.T.);
#5838=ORIENTED_EDGE('',*,*,#3943,.T.);
#5839=ORIENTED_EDGE('',*,*,#3849,.F.);
#5840=ORIENTED_EDGE('',*,*,#3969,.T.);
#5841=ORIENTED_EDGE('',*,*,#3865,.T.);
#5842=ORIENTED_EDGE('',*,*,#3843,.F.);
#5843=ORIENTED_EDGE('',*,*,#3852,.F.);
#5844=ORIENTED_EDGE('',*,*,#3864,.F.);
#5845=ORIENTED_EDGE('',*,*,#4058,.F.);
#5846=ORIENTED_EDGE('',*,*,#4059,.F.);
#5847=ORIENTED_EDGE('',*,*,#3940,.T.);
#5848=ORIENTED_EDGE('',*,*,#4060,.T.);
#5849=ORIENTED_EDGE('',*,*,#4058,.T.);
#5850=ORIENTED_EDGE('',*,*,#3863,.F.);
#5851=ORIENTED_EDGE('',*,*,#4061,.F.);
#5852=ORIENTED_EDGE('',*,*,#4062,.F.);
#5853=ORIENTED_EDGE('',*,*,#4061,.T.);
#5854=ORIENTED_EDGE('',*,*,#3862,.F.);
#5855=ORIENTED_EDGE('',*,*,#4053,.F.);
#5856=ORIENTED_EDGE('',*,*,#4045,.F.);
#5857=ORIENTED_EDGE('',*,*,#3857,.F.);
#5858=ORIENTED_EDGE('',*,*,#4055,.F.);
#5859=ORIENTED_EDGE('',*,*,#4063,.T.);
#5860=ORIENTED_EDGE('',*,*,#3941,.T.);
#5861=ORIENTED_EDGE('',*,*,#4059,.T.);
#5862=ORIENTED_EDGE('',*,*,#4060,.F.);
#5863=ORIENTED_EDGE('',*,*,#4062,.T.);
#5864=ORIENTED_EDGE('',*,*,#4052,.F.);
#5865=ORIENTED_EDGE('',*,*,#4050,.F.);
#5866=ORIENTED_EDGE('',*,*,#4048,.F.);
#5867=ORIENTED_EDGE('',*,*,#4046,.F.);
#5868=ORIENTED_EDGE('',*,*,#4063,.F.);
#5869=ORIENTED_EDGE('',*,*,#4054,.T.);
#5870=ORIENTED_EDGE('',*,*,#4057,.F.);
#5871=ORIENTED_EDGE('',*,*,#3867,.T.);
#5872=TOROIDAL_SURFACE('',#6226,0.65,0.5);
#5873=TOROIDAL_SURFACE('',#6233,0.65,0.5);
#5874=TOROIDAL_SURFACE('',#6239,0.65,0.5);
#5875=TOROIDAL_SURFACE('',#6245,0.65,0.5);
#5876=TOROIDAL_SURFACE('',#6255,0.65,0.5);
#5877=TOROIDAL_SURFACE('',#6261,0.65,0.5);
#5878=TOROIDAL_SURFACE('',#6267,0.65,0.5);
#5879=TOROIDAL_SURFACE('',#6273,0.65,0.5);
#5880=ADVANCED_FACE('',(#1645),#5872,.F.);
#5881=ADVANCED_FACE('',(#1646),#1529,.F.);
#5882=ADVANCED_FACE('',(#1647),#5873,.F.);
#5883=ADVANCED_FACE('',(#1648),#1530,.F.);
#5884=ADVANCED_FACE('',(#1649),#5874,.F.);
#5885=ADVANCED_FACE('',(#1650),#1531,.F.);
#5886=ADVANCED_FACE('',(#1651),#5875,.F.);
#5887=ADVANCED_FACE('',(#1652),#1532,.F.);
#5888=ADVANCED_FACE('',(#1653,#84),#108,.T.);
#5889=ADVANCED_FACE('',(#1654),#109,.T.);
#5890=ADVANCED_FACE('',(#1655),#1533,.F.);
#5891=ADVANCED_FACE('',(#1656),#5876,.F.);
#5892=ADVANCED_FACE('',(#1657),#1534,.F.);
#5893=ADVANCED_FACE('',(#1658),#5877,.F.);
#5894=ADVANCED_FACE('',(#1659),#1535,.F.);
#5895=ADVANCED_FACE('',(#1660),#5878,.F.);
#5896=ADVANCED_FACE('',(#1661),#1536,.F.);
#5897=ADVANCED_FACE('',(#1662),#5879,.F.);
#5898=ADVANCED_FACE('',(#1663,#85),#110,.T.);
#5899=ADVANCED_FACE('',(#1664),#111,.T.);
#5900=ADVANCED_FACE('',(#1665),#64,.F.);
#5901=ADVANCED_FACE('',(#1666),#65,.F.);
#5902=ADVANCED_FACE('',(#1667),#66,.F.);
#5903=ADVANCED_FACE('',(#1668),#67,.F.);
#5904=ADVANCED_FACE('',(#1669),#1537,.T.);
#5905=ADVANCED_FACE('',(#1670),#1538,.T.);
#5906=ADVANCED_FACE('',(#1671),#1539,.T.);
#5907=ADVANCED_FACE('',(#1672),#1540,.T.);
#5908=ADVANCED_FACE('',(#1673),#112,.T.);
#5909=ADVANCED_FACE('',(#1674),#1541,.T.);
#5910=ADVANCED_FACE('',(#1675),#113,.T.);
#5911=ADVANCED_FACE('',(#1676),#1542,.T.);
#5912=ADVANCED_FACE('',(#1677),#114,.T.);
#5913=ADVANCED_FACE('',(#1678),#1543,.F.);
#5914=ADVANCED_FACE('',(#1679),#115,.F.);
#5915=ADVANCED_FACE('',(#1680),#116,.F.);
#5916=ADVANCED_FACE('',(#1681),#1544,.F.);
#5917=ADVANCED_FACE('',(#1682),#1545,.F.);
#5918=ADVANCED_FACE('',(#1683),#1546,.F.);
#5919=ADVANCED_FACE('',(#1684),#117,.F.);
#5920=ADVANCED_FACE('',(#1685),#118,.F.);
#5921=ADVANCED_FACE('',(#1686),#1547,.F.);
#5922=ADVANCED_FACE('',(#1687),#119,.F.);
#5923=ADVANCED_FACE('',(#1688),#1548,.F.);
#5924=ADVANCED_FACE('',(#1689),#1549,.F.);
#5925=ADVANCED_FACE('',(#1690),#120,.F.);
#5926=ADVANCED_FACE('',(#1691),#121,.F.);
#5927=ADVANCED_FACE('',(#1692),#1550,.F.);
#5928=ADVANCED_FACE('',(#1693),#1551,.F.);
#5929=ADVANCED_FACE('',(#1694),#1552,.F.);
#5930=ADVANCED_FACE('',(#1695),#122,.F.);
#5931=ADVANCED_FACE('',(#1696),#123,.F.);
#5932=ADVANCED_FACE('',(#1697),#1553,.F.);
#5933=ADVANCED_FACE('',(#1698),#124,.F.);
#5934=ADVANCED_FACE('',(#1699),#1554,.F.);
#5935=ADVANCED_FACE('',(#1700),#125,.F.);
#5936=ADVANCED_FACE('',(#1701),#126,.F.);
#5937=ADVANCED_FACE('',(#1702),#1555,.F.);
#5938=ADVANCED_FACE('',(#1703),#1556,.F.);
#5939=ADVANCED_FACE('',(#1704),#1557,.F.);
#5940=ADVANCED_FACE('',(#1705),#127,.F.);
#5941=ADVANCED_FACE('',(#1706),#128,.F.);
#5942=ADVANCED_FACE('',(#1707),#129,.F.);
#5943=ADVANCED_FACE('',(#1708),#1558,.F.);
#5944=ADVANCED_FACE('',(#1709),#1559,.F.);
#5945=ADVANCED_FACE('',(#1710),#1560,.F.);
#5946=ADVANCED_FACE('',(#1711),#130,.F.);
#5947=ADVANCED_FACE('',(#1712),#131,.F.);
#5948=ADVANCED_FACE('',(#1713),#1561,.F.);
#5949=ADVANCED_FACE('',(#1714),#132,.F.);
#5950=ADVANCED_FACE('',(#1715),#1562,.F.);
#5951=ADVANCED_FACE('',(#1716),#133,.F.);
#5952=ADVANCED_FACE('',(#1717),#134,.F.);
#5953=ADVANCED_FACE('',(#1718),#1563,.F.);
#5954=ADVANCED_FACE('',(#1719),#1564,.F.);
#5955=ADVANCED_FACE('',(#1720),#1565,.F.);
#5956=ADVANCED_FACE('',(#1721),#135,.F.);
#5957=ADVANCED_FACE('',(#1722),#136,.F.);
#5958=ADVANCED_FACE('',(#1723),#137,.F.);
#5959=ADVANCED_FACE('',(#1724),#1566,.F.);
#5960=ADVANCED_FACE('',(#1725),#1567,.F.);
#5961=ADVANCED_FACE('',(#1726),#1568,.F.);
#5962=ADVANCED_FACE('',(#1727),#138,.F.);
#5963=ADVANCED_FACE('',(#1728),#139,.F.);
#5964=ADVANCED_FACE('',(#1729),#1569,.F.);
#5965=ADVANCED_FACE('',(#1730),#140,.F.);
#5966=ADVANCED_FACE('',(#1731),#1570,.F.);
#5967=ADVANCED_FACE('',(#1732),#141,.F.);
#5968=ADVANCED_FACE('',(#1733),#142,.F.);
#5969=ADVANCED_FACE('',(#1734),#143,.F.);
#5970=ADVANCED_FACE('',(#1735),#144,.F.);
#5971=ADVANCED_FACE('',(#1736),#145,.F.);
#5972=ADVANCED_FACE('',(#1737),#146,.F.);
#5973=ADVANCED_FACE('',(#1738),#147,.F.);
#5974=ADVANCED_FACE('',(#1739,#86),#148,.T.);
#5975=ADVANCED_FACE('',(#1740),#149,.F.);
#5976=ADVANCED_FACE('',(#1741,#87),#150,.T.);
#5977=ADVANCED_FACE('',(#1742,#88),#151,.F.);
#5978=ADVANCED_FACE('',(#1743),#152,.F.);
#5979=ADVANCED_FACE('',(#1744,#89),#153,.F.);
#5980=ADVANCED_FACE('',(#1745),#154,.F.);
#5981=ADVANCED_FACE('',(#1746,#90),#155,.F.);
#5982=ADVANCED_FACE('',(#1747),#156,.T.);
#5983=ADVANCED_FACE('',(#1748),#157,.T.);
#5984=ADVANCED_FACE('',(#1749,#91),#158,.T.);
#5985=ADVANCED_FACE('',(#1750),#159,.T.);
#5986=ADVANCED_FACE('',(#1751),#160,.T.);
#5987=ADVANCED_FACE('',(#1752,#92),#161,.T.);
#5988=ADVANCED_FACE('',(#1753),#162,.T.);
#5989=ADVANCED_FACE('',(#1754),#163,.T.);
#5990=ADVANCED_FACE('',(#1755),#164,.T.);
#5991=ADVANCED_FACE('',(#1756),#165,.T.);
#5992=ADVANCED_FACE('',(#1757),#166,.T.);
#5993=ADVANCED_FACE('',(#1758),#167,.F.);
#5994=ADVANCED_FACE('',(#1759),#168,.F.);
#5995=ADVANCED_FACE('',(#1760),#169,.F.);
#5996=ADVANCED_FACE('',(#1761),#170,.F.);
#5997=ADVANCED_FACE('',(#1762),#1571,.T.);
#5998=ADVANCED_FACE('',(#1763),#171,.T.);
#5999=ADVANCED_FACE('',(#1764),#1572,.T.);
#6000=ADVANCED_FACE('',(#1765),#1573,.F.);
#6001=ADVANCED_FACE('',(#1766),#172,.T.);
#6002=ADVANCED_FACE('',(#1767),#1574,.T.);
#6003=ADVANCED_FACE('',(#1768),#173,.T.);
#6004=ADVANCED_FACE('',(#1769),#1575,.F.);
#6005=ADVANCED_FACE('',(#1770),#174,.T.);
#6006=ADVANCED_FACE('',(#1771),#1576,.F.);
#6007=ADVANCED_FACE('',(#1772),#175,.T.);
#6008=ADVANCED_FACE('',(#1773),#1577,.F.);
#6009=ADVANCED_FACE('',(#1774),#176,.T.);
#6010=ADVANCED_FACE('',(#1775),#1578,.F.);
#6011=ADVANCED_FACE('',(#1776),#177,.T.);
#6012=ADVANCED_FACE('',(#1777),#1579,.T.);
#6013=ADVANCED_FACE('',(#1778),#178,.T.);
#6014=ADVANCED_FACE('',(#1779),#1580,.F.);
#6015=ADVANCED_FACE('',(#1780),#1581,.F.);
#6016=ADVANCED_FACE('',(#1781),#179,.T.);
#6017=ADVANCED_FACE('',(#1782),#1582,.T.);
#6018=ADVANCED_FACE('',(#1783),#180,.T.);
#6019=ADVANCED_FACE('',(#1784),#1583,.F.);
#6020=ADVANCED_FACE('',(#1785),#181,.T.);
#6021=ADVANCED_FACE('',(#1786),#1584,.F.);
#6022=ADVANCED_FACE('',(#1787),#182,.T.);
#6023=ADVANCED_FACE('',(#1788),#1585,.T.);
#6024=ADVANCED_FACE('',(#1789),#183,.T.);
#6025=ADVANCED_FACE('',(#1790),#1586,.F.);
#6026=ADVANCED_FACE('',(#1791),#184,.T.);
#6027=ADVANCED_FACE('',(#1792,#93,#94,#95,#96),#185,.T.);
#6028=ADVANCED_FACE('',(#1793),#186,.T.);
#6029=ADVANCED_FACE('',(#1794),#187,.T.);
#6030=ADVANCED_FACE('',(#1795,#97),#188,.T.);
#6031=ADVANCED_FACE('',(#1796),#189,.F.);
#6032=ADVANCED_FACE('',(#1797),#1587,.F.);
#6033=ADVANCED_FACE('',(#1798),#1588,.F.);
#6034=ADVANCED_FACE('',(#1799),#68,.T.);
#6035=ADVANCED_FACE('',(#1800),#69,.T.);
#6036=ADVANCED_FACE('',(#1801),#190,.T.);
#6037=ADVANCED_FACE('',(#1802),#191,.T.);
#6038=ADVANCED_FACE('',(#1803),#192,.F.);
#6039=ADVANCED_FACE('',(#1804),#193,.T.);
#6040=ADVANCED_FACE('',(#1805),#194,.T.);
#6041=ADVANCED_FACE('',(#1806),#195,.T.);
#6042=ADVANCED_FACE('',(#1807),#196,.T.);
#6043=ADVANCED_FACE('',(#1808),#70,.T.);
#6044=ADVANCED_FACE('',(#1809),#71,.T.);
#6045=ADVANCED_FACE('',(#1810),#197,.T.);
#6046=ADVANCED_FACE('',(#1811),#198,.T.);
#6047=ADVANCED_FACE('',(#1812),#1589,.F.);
#6048=ADVANCED_FACE('',(#1813),#1590,.F.);
#6049=ADVANCED_FACE('',(#1814),#72,.T.);
#6050=ADVANCED_FACE('',(#1815),#73,.T.);
#6051=ADVANCED_FACE('',(#1816),#199,.T.);
#6052=ADVANCED_FACE('',(#1817),#200,.T.);
#6053=ADVANCED_FACE('',(#1818),#201,.T.);
#6054=ADVANCED_FACE('',(#1819),#202,.F.);
#6055=ADVANCED_FACE('',(#1820),#74,.T.);
#6056=ADVANCED_FACE('',(#1821),#75,.T.);
#6057=ADVANCED_FACE('',(#1822),#203,.T.);
#6058=ADVANCED_FACE('',(#1823),#204,.T.);
#6059=ADVANCED_FACE('',(#1824),#205,.T.);
#6060=ADVANCED_FACE('',(#1825),#206,.T.);
#6061=ADVANCED_FACE('',(#1826),#207,.T.);
#6062=ADVANCED_FACE('',(#1827),#1591,.F.);
#6063=ADVANCED_FACE('',(#1828),#1592,.F.);
#6064=ADVANCED_FACE('',(#1829),#76,.F.);
#6065=ADVANCED_FACE('',(#1830),#77,.F.);
#6066=ADVANCED_FACE('',(#1831),#208,.F.);
#6067=ADVANCED_FACE('',(#1832),#209,.F.);
#6068=ADVANCED_FACE('',(#1833),#210,.T.);
#6069=ADVANCED_FACE('',(#1834),#211,.F.);
#6070=ADVANCED_FACE('',(#1835),#212,.F.);
#6071=ADVANCED_FACE('',(#1836),#213,.F.);
#6072=ADVANCED_FACE('',(#1837),#214,.F.);
#6073=ADVANCED_FACE('',(#1838),#78,.F.);
#6074=ADVANCED_FACE('',(#1839),#79,.F.);
#6075=ADVANCED_FACE('',(#1840),#215,.F.);
#6076=ADVANCED_FACE('',(#1841),#216,.F.);
#6077=ADVANCED_FACE('',(#1842),#1593,.F.);
#6078=ADVANCED_FACE('',(#1843),#1594,.F.);
#6079=ADVANCED_FACE('',(#1844),#80,.F.);
#6080=ADVANCED_FACE('',(#1845),#81,.F.);
#6081=ADVANCED_FACE('',(#1846),#217,.F.);
#6082=ADVANCED_FACE('',(#1847),#218,.F.);
#6083=ADVANCED_FACE('',(#1848),#219,.F.);
#6084=ADVANCED_FACE('',(#1849),#220,.T.);
#6085=ADVANCED_FACE('',(#1850),#82,.F.);
#6086=ADVANCED_FACE('',(#1851),#83,.F.);
#6087=ADVANCED_FACE('',(#1852),#221,.F.);
#6088=ADVANCED_FACE('',(#1853),#222,.F.);
#6089=ADVANCED_FACE('',(#1854),#223,.F.);
#6090=ADVANCED_FACE('',(#1855),#224,.F.);
#6091=ADVANCED_FACE('',(#1856),#225,.F.);
#6092=ADVANCED_FACE('',(#1857),#1595,.T.);
#6093=ADVANCED_FACE('',(#1858),#13,.F.);
#6094=ADVANCED_FACE('',(#1859),#1596,.T.);
#6095=ADVANCED_FACE('',(#1860),#14,.F.);
#6096=ADVANCED_FACE('',(#1861),#1597,.T.);
#6097=ADVANCED_FACE('',(#1862),#15,.F.);
#6098=ADVANCED_FACE('',(#1863),#1598,.T.);
#6099=ADVANCED_FACE('',(#1864),#16,.F.);
#6100=ADVANCED_FACE('',(#1865),#1599,.T.);
#6101=ADVANCED_FACE('',(#1866),#226,.T.);
#6102=ADVANCED_FACE('',(#1867),#1600,.T.);
#6103=ADVANCED_FACE('',(#1868,#98,#99,#100,#101),#227,.T.);
#6104=ADVANCED_FACE('',(#1869),#228,.T.);
#6105=ADVANCED_FACE('',(#1870),#229,.F.);
#6106=ADVANCED_FACE('',(#1871),#230,.F.);
#6107=ADVANCED_FACE('',(#1872),#1601,.T.);
#6108=ADVANCED_FACE('',(#1873),#231,.T.);
#6109=ADVANCED_FACE('',(#1874),#232,.F.);
#6110=ADVANCED_FACE('',(#1875),#233,.F.);
#6111=ADVANCED_FACE('',(#1876),#1602,.T.);
#6112=ADVANCED_FACE('',(#1877),#234,.T.);
#6113=ADVANCED_FACE('',(#1878),#1603,.T.);
#6114=ADVANCED_FACE('',(#1879),#235,.T.);
#6115=ADVANCED_FACE('',(#1880),#236,.T.);
#6116=ADVANCED_FACE('',(#1881),#1604,.F.);
#6117=ADVANCED_FACE('',(#1882),#1605,.F.);
#6118=ADVANCED_FACE('',(#1883),#1606,.T.);
#6119=ADVANCED_FACE('',(#1884),#237,.T.);
#6120=ADVANCED_FACE('',(#1885),#238,.T.);
#6121=ADVANCED_FACE('',(#1886),#1607,.F.);
#6122=ADVANCED_FACE('',(#1887),#1608,.F.);
#6123=ADVANCED_FACE('',(#1888),#1609,.T.);
#6124=ADVANCED_FACE('',(#1889),#239,.T.);
#6125=ADVANCED_FACE('',(#1890),#240,.T.);
#6126=ADVANCED_FACE('',(#1891),#1610,.F.);
#6127=ADVANCED_FACE('',(#1892),#241,.F.);
#6128=ADVANCED_FACE('',(#1893),#1611,.F.);
#6129=ADVANCED_FACE('',(#1894),#242,.F.);
#6130=ADVANCED_FACE('',(#1895),#243,.F.);
#6131=ADVANCED_FACE('',(#1896),#244,.F.);
#6132=ADVANCED_FACE('',(#1897),#245,.T.);
#6133=ADVANCED_FACE('',(#1898),#246,.T.);
#6134=ADVANCED_FACE('',(#1899),#1612,.T.);
#6135=ADVANCED_FACE('',(#1900),#1613,.T.);
#6136=ADVANCED_FACE('',(#1901,#102),#247,.F.);
#6137=ADVANCED_FACE('',(#1902),#248,.T.);
#6138=ADVANCED_FACE('',(#1903),#1614,.F.);
#6139=ADVANCED_FACE('',(#1904),#249,.T.);
#6140=ADVANCED_FACE('',(#1905),#1615,.F.);
#6141=ADVANCED_FACE('',(#1906),#250,.T.);
#6142=ADVANCED_FACE('',(#1907),#251,.T.);
#6143=ADVANCED_FACE('',(#1908),#252,.T.);
#6144=ADVANCED_FACE('',(#1909),#1616,.F.);
#6145=ADVANCED_FACE('',(#1910),#253,.T.);
#6146=ADVANCED_FACE('',(#1911),#1617,.F.);
#6147=ADVANCED_FACE('',(#1912),#254,.T.);
#6148=ADVANCED_FACE('',(#1913),#1618,.F.);
#6149=ADVANCED_FACE('',(#1914),#255,.T.);
#6150=ADVANCED_FACE('',(#1915),#1619,.F.);
#6151=ADVANCED_FACE('',(#1916),#256,.T.);
#6152=ADVANCED_FACE('',(#1917),#257,.T.);
#6153=ADVANCED_FACE('',(#1918),#258,.F.);
#6154=ADVANCED_FACE('',(#1919),#1620,.F.);
#6155=ADVANCED_FACE('',(#1920),#259,.F.);
#6156=ADVANCED_FACE('',(#1921),#1621,.F.);
#6157=ADVANCED_FACE('',(#1922),#260,.F.);
#6158=ADVANCED_FACE('',(#1923),#1622,.F.);
#6159=ADVANCED_FACE('',(#1924),#261,.F.);
#6160=ADVANCED_FACE('',(#1925),#1623,.F.);
#6161=ADVANCED_FACE('',(#1926),#262,.F.);
#6162=ADVANCED_FACE('',(#1927),#1624,.F.);
#6163=ADVANCED_FACE('',(#1928),#263,.F.);
#6164=ADVANCED_FACE('',(#1929),#1625,.F.);
#6165=ADVANCED_FACE('',(#1930),#264,.F.);
#6166=ADVANCED_FACE('',(#1931),#1626,.F.);
#6167=ADVANCED_FACE('',(#1932),#265,.F.);
#6168=ADVANCED_FACE('',(#1933),#1627,.F.);
#6169=ADVANCED_FACE('',(#1934),#266,.F.);
#6170=ADVANCED_FACE('',(#1935),#1628,.F.);
#6171=ADVANCED_FACE('',(#1936),#267,.F.);
#6172=ADVANCED_FACE('',(#1937),#1629,.F.);
#6173=ADVANCED_FACE('',(#1938),#268,.F.);
#6174=ADVANCED_FACE('',(#1939),#1630,.F.);
#6175=ADVANCED_FACE('',(#1940),#269,.F.);
#6176=ADVANCED_FACE('',(#1941),#1631,.F.);
#6177=ADVANCED_FACE('',(#1942),#270,.F.);
#6178=ADVANCED_FACE('',(#1943),#1632,.F.);
#6179=ADVANCED_FACE('',(#1944),#271,.F.);
#6180=ADVANCED_FACE('',(#1945),#1633,.F.);
#6181=ADVANCED_FACE('',(#1946),#272,.F.);
#6182=ADVANCED_FACE('',(#1947),#1634,.F.);
#6183=ADVANCED_FACE('',(#1948),#273,.F.);
#6184=ADVANCED_FACE('',(#1949),#1635,.F.);
#6185=ADVANCED_FACE('',(#1950),#274,.T.);
#6186=ADVANCED_FACE('',(#1951),#1636,.F.);
#6187=ADVANCED_FACE('',(#1952),#275,.T.);
#6188=ADVANCED_FACE('',(#1953),#1637,.F.);
#6189=ADVANCED_FACE('',(#1954,#103,#104,#105,#106),#276,.T.);
#6190=ADVANCED_FACE('',(#1955),#1638,.F.);
#6191=ADVANCED_FACE('',(#1956),#277,.T.);
#6192=ADVANCED_FACE('',(#1957),#1639,.F.);
#6193=ADVANCED_FACE('',(#1958),#1640,.T.);
#6194=ADVANCED_FACE('',(#1959),#278,.T.);
#6195=ADVANCED_FACE('',(#1960),#1641,.F.);
#6196=ADVANCED_FACE('',(#1961),#279,.T.);
#6197=ADVANCED_FACE('',(#1962),#1642,.F.);
#6198=ADVANCED_FACE('',(#1963),#280,.T.);
#6199=ADVANCED_FACE('',(#1964),#281,.T.);
#6200=ADVANCED_FACE('',(#1965),#1643,.T.);
#6201=ADVANCED_FACE('',(#1966,#107),#282,.T.);
#6202=ADVANCED_FACE('',(#1967),#283,.T.);
#6203=ADVANCED_FACE('',(#1968),#1644,.T.);
#6204=ADVANCED_FACE('',(#1969),#284,.T.);
#6205=ADVANCED_FACE('',(#1970),#285,.T.);
#6206=ADVANCED_FACE('',(#1971),#286,.F.);
#6207=CLOSED_SHELL('',(#5880,#5881,#5882,#5883,#5884,#5885,#5886,#5887,
#5888,#5889,#5890,#5891,#5892,#5893,#5894,#5895,#5896,#5897,#5898,#5899,
#5900,#5901,#5902,#5903,#5904,#5905,#5906,#5907,#5908,#5909,#5910,#5911,
#5912,#5913,#5914,#5915,#5916,#5917,#5918,#5919,#5920,#5921,#5922,#5923,
#5924,#5925,#5926,#5927,#5928,#5929,#5930,#5931,#5932,#5933,#5934,#5935,
#5936,#5937,#5938,#5939,#5940,#5941,#5942,#5943,#5944,#5945,#5946,#5947,
#5948,#5949,#5950,#5951,#5952,#5953,#5954,#5955,#5956,#5957,#5958,#5959,
#5960,#5961,#5962,#5963,#5964,#5965,#5966,#5967,#5968,#5969,#5970,#5971,
#5972,#5973,#5974,#5975,#5976,#5977,#5978,#5979,#5980,#5981,#5982,#5983,
#5984,#5985,#5986,#5987,#5988,#5989,#5990,#5991,#5992,#5993,#5994,#5995,
#5996,#5997,#5998,#5999,#6000,#6001,#6002,#6003,#6004,#6005,#6006,#6007,
#6008,#6009,#6010,#6011,#6012,#6013,#6014,#6015,#6016,#6017,#6018,#6019,
#6020,#6021,#6022,#6023,#6024,#6025,#6026,#6027,#6028,#6029,#6030,#6031));
#6208=CLOSED_SHELL('',(#6032,#6033,#6034,#6035,#6036,#6037,#6038,#6039,
#6040,#6041,#6042,#6043,#6044,#6045,#6046));
#6209=CLOSED_SHELL('',(#6047,#6048,#6049,#6050,#6051,#6052,#6053,#6054,
#6055,#6056,#6057,#6058,#6059,#6060,#6061));
#6210=CLOSED_SHELL('',(#6062,#6063,#6064,#6065,#6066,#6067,#6068,#6069,
#6070,#6071,#6072,#6073,#6074,#6075,#6076));
#6211=CLOSED_SHELL('',(#6077,#6078,#6079,#6080,#6081,#6082,#6083,#6084,
#6085,#6086,#6087,#6088,#6089,#6090,#6091));
#6212=CLOSED_SHELL('',(#6092,#6093,#6094,#6095,#6096,#6097,#6098,#6099,
#6100,#6101,#6102,#6103,#6104,#6105,#6106,#6107,#6108,#6109,#6110,#6111,
#6112,#6113,#6114,#6115,#6116,#6117,#6118,#6119,#6120,#6121,#6122,#6123,
#6124,#6125,#6126,#6127,#6128,#6129,#6130,#6131,#6132,#6133,#6134,#6135,
#6136,#6137,#6138,#6139,#6140,#6141,#6142,#6143,#6144,#6145,#6146,#6147,
#6148,#6149,#6150,#6151,#6152,#6153,#6154,#6155,#6156,#6157,#6158,#6159,
#6160,#6161,#6162,#6163,#6164,#6165,#6166,#6167,#6168,#6169,#6170,#6171,
#6172,#6173,#6174,#6175,#6176,#6177,#6178,#6179,#6180,#6181,#6182,#6183,
#6184,#6185,#6186,#6187,#6188,#6189,#6190,#6191,#6192,#6193,#6194,#6195,
#6196,#6197,#6198,#6199,#6200,#6201,#6202,#6203,#6204,#6205,#6206));
#6213=DERIVED_UNIT_ELEMENT(#6215,1.);
#6214=DERIVED_UNIT_ELEMENT(#11061,-3.);
#6215=(
MASS_UNIT()
NAMED_UNIT(*)
SI_UNIT(.KILO.,.GRAM.)
);
#6216=DERIVED_UNIT((#6213,#6214));
#6217=MEASURE_REPRESENTATION_ITEM('density measure',
POSITIVE_RATIO_MEASURE(7850.),#6216);
#6218=PROPERTY_DEFINITION_REPRESENTATION(#6223,#6220);
#6219=PROPERTY_DEFINITION_REPRESENTATION(#6224,#6221);
#6220=REPRESENTATION('material name',(#6222),#11058);
#6221=REPRESENTATION('density',(#6217),#11058);
#6222=DESCRIPTIVE_REPRESENTATION_ITEM('Acier','Acier');
#6223=PROPERTY_DEFINITION('material property','material name',#11068);
#6224=PROPERTY_DEFINITION('material property','density of part',#11068);
#6225=AXIS2_PLACEMENT_3D('',#8526,#6785,#6786);
#6226=AXIS2_PLACEMENT_3D('',#8527,#6787,#6788);
#6227=AXIS2_PLACEMENT_3D('',#8530,#6789,#6790);
#6228=AXIS2_PLACEMENT_3D('',#8532,#6791,#6792);
#6229=AXIS2_PLACEMENT_3D('',#8534,#6793,#6794);
#6230=AXIS2_PLACEMENT_3D('',#8535,#6795,#6796);
#6231=AXIS2_PLACEMENT_3D('',#8536,#6797,#6798);
#6232=AXIS2_PLACEMENT_3D('',#8540,#6800,#6801);
#6233=AXIS2_PLACEMENT_3D('',#8542,#6803,#6804);
#6234=AXIS2_PLACEMENT_3D('',#8544,#6805,#6806);
#6235=AXIS2_PLACEMENT_3D('',#8546,#6807,#6808);
#6236=AXIS2_PLACEMENT_3D('',#8547,#6809,#6810);
#6237=AXIS2_PLACEMENT_3D('',#8548,#6811,#6812);
#6238=AXIS2_PLACEMENT_3D('',#8552,#6814,#6815);
#6239=AXIS2_PLACEMENT_3D('',#8554,#6817,#6818);
#6240=AXIS2_PLACEMENT_3D('',#8556,#6819,#6820);
#6241=AXIS2_PLACEMENT_3D('',#8558,#6821,#6822);
#6242=AXIS2_PLACEMENT_3D('',#8559,#6823,#6824);
#6243=AXIS2_PLACEMENT_3D('',#8560,#6825,#6826);
#6244=AXIS2_PLACEMENT_3D('',#8564,#6828,#6829);
#6245=AXIS2_PLACEMENT_3D('',#8566,#6831,#6832);
#6246=AXIS2_PLACEMENT_3D('',#8568,#6833,#6834);
#6247=AXIS2_PLACEMENT_3D('',#8570,#6835,#6836);
#6248=AXIS2_PLACEMENT_3D('',#8571,#6837,#6838);
#6249=AXIS2_PLACEMENT_3D('',#8572,#6839,#6840);
#6250=AXIS2_PLACEMENT_3D('',#8575,#6843,#6844);
#6251=AXIS2_PLACEMENT_3D('',#8584,#6849,#6850);
#6252=AXIS2_PLACEMENT_3D('',#8585,#6851,#6852);
#6253=AXIS2_PLACEMENT_3D('',#8590,#6854,#6855);
#6254=AXIS2_PLACEMENT_3D('',#8593,#6857,#6858);
#6255=AXIS2_PLACEMENT_3D('',#8594,#6859,#6860);
#6256=AXIS2_PLACEMENT_3D('',#8596,#6861,#6862);
#6257=AXIS2_PLACEMENT_3D('',#8598,#6863,#6864);
#6258=AXIS2_PLACEMENT_3D('',#8599,#6865,#6866);
#6259=AXIS2_PLACEMENT_3D('',#8600,#6867,#6868);
#6260=AXIS2_PLACEMENT_3D('',#8605,#6871,#6872);
#6261=AXIS2_PLACEMENT_3D('',#8606,#6873,#6874);
#6262=AXIS2_PLACEMENT_3D('',#8608,#6875,#6876);
#6263=AXIS2_PLACEMENT_3D('',#8610,#6877,#6878);
#6264=AXIS2_PLACEMENT_3D('',#8611,#6879,#6880);
#6265=AXIS2_PLACEMENT_3D('',#8612,#6881,#6882);
#6266=AXIS2_PLACEMENT_3D('',#8617,#6885,#6886);
#6267=AXIS2_PLACEMENT_3D('',#8618,#6887,#6888);
#6268=AXIS2_PLACEMENT_3D('',#8620,#6889,#6890);
#6269=AXIS2_PLACEMENT_3D('',#8622,#6891,#6892);
#6270=AXIS2_PLACEMENT_3D('',#8623,#6893,#6894);
#6271=AXIS2_PLACEMENT_3D('',#8624,#6895,#6896);
#6272=AXIS2_PLACEMENT_3D('',#8629,#6899,#6900);
#6273=AXIS2_PLACEMENT_3D('',#8630,#6901,#6902);
#6274=AXIS2_PLACEMENT_3D('',#8631,#6903,#6904);
#6275=AXIS2_PLACEMENT_3D('',#8632,#6905,#6906);
#6276=AXIS2_PLACEMENT_3D('',#8633,#6907,#6908);
#6277=AXIS2_PLACEMENT_3D('',#8642,#6913,#6914);
#6278=AXIS2_PLACEMENT_3D('',#8665,#6915,#6916);
#6279=AXIS2_PLACEMENT_3D('',#8667,#6917,#6918);
#6280=AXIS2_PLACEMENT_3D('',#8668,#6919,#6920);
#6281=AXIS2_PLACEMENT_3D('',#8691,#6921,#6922);
#6282=AXIS2_PLACEMENT_3D('',#8693,#6923,#6924);
#6283=AXIS2_PLACEMENT_3D('',#8694,#6925,#6926);
#6284=AXIS2_PLACEMENT_3D('',#8717,#6927,#6928);
#6285=AXIS2_PLACEMENT_3D('',#8719,#6929,#6930);
#6286=AXIS2_PLACEMENT_3D('',#8720,#6931,#6932);
#6287=AXIS2_PLACEMENT_3D('',#8743,#6933,#6934);
#6288=AXIS2_PLACEMENT_3D('',#8745,#6935,#6936);
#6289=AXIS2_PLACEMENT_3D('',#8746,#6937,#6938);
#6290=AXIS2_PLACEMENT_3D('',#8747,#6939,#6940);
#6291=AXIS2_PLACEMENT_3D('',#8750,#6943,#6944);
#6292=AXIS2_PLACEMENT_3D('',#8753,#6947,#6948);
#6293=AXIS2_PLACEMENT_3D('',#8756,#6951,#6952);
#6294=AXIS2_PLACEMENT_3D('',#8759,#6955,#6956);
#6295=AXIS2_PLACEMENT_3D('',#8765,#6960,#6961);
#6296=AXIS2_PLACEMENT_3D('',#8768,#6963,#6964);
#6297=AXIS2_PLACEMENT_3D('',#8769,#6965,#6966);
#6298=AXIS2_PLACEMENT_3D('',#8789,#6977,#6978);
#6299=AXIS2_PLACEMENT_3D('',#8792,#6980,#6981);
#6300=AXIS2_PLACEMENT_3D('',#8793,#6982,#6983);
#6301=AXIS2_PLACEMENT_3D('',#8794,#6984,#6985);
#6302=AXIS2_PLACEMENT_3D('',#8799,#6987,#6988);
#6303=AXIS2_PLACEMENT_3D('',#8802,#6990,#6991);
#6304=AXIS2_PLACEMENT_3D('',#8803,#6992,#6993);
#6305=AXIS2_PLACEMENT_3D('',#8812,#6998,#6999);
#6306=AXIS2_PLACEMENT_3D('',#8821,#7004,#7005);
#6307=AXIS2_PLACEMENT_3D('',#8823,#7006,#7007);
#6308=AXIS2_PLACEMENT_3D('',#8826,#7009,#7010);
#6309=AXIS2_PLACEMENT_3D('',#8827,#7011,#7012);
#6310=AXIS2_PLACEMENT_3D('',#8831,#7014,#7015);
#6311=AXIS2_PLACEMENT_3D('',#8832,#7016,#7017);
#6312=AXIS2_PLACEMENT_3D('',#8833,#7018,#7019);
#6313=AXIS2_PLACEMENT_3D('',#8837,#7021,#7022);
#6314=AXIS2_PLACEMENT_3D('',#8838,#7023,#7024);
#6315=AXIS2_PLACEMENT_3D('',#8839,#7025,#7026);
#6316=AXIS2_PLACEMENT_3D('',#8851,#7034,#7035);
#6317=AXIS2_PLACEMENT_3D('',#8857,#7039,#7040);
#6318=AXIS2_PLACEMENT_3D('',#8859,#7041,#7042);
#6319=AXIS2_PLACEMENT_3D('',#8862,#7044,#7045);
#6320=AXIS2_PLACEMENT_3D('',#8863,#7046,#7047);
#6321=AXIS2_PLACEMENT_3D('',#8878,#7056,#7057);
#6322=AXIS2_PLACEMENT_3D('',#8879,#7058,#7059);
#6323=AXIS2_PLACEMENT_3D('',#8880,#7060,#7061);
#6324=AXIS2_PLACEMENT_3D('',#8881,#7062,#7063);
#6325=AXIS2_PLACEMENT_3D('',#8886,#7065,#7066);
#6326=AXIS2_PLACEMENT_3D('',#8889,#7068,#7069);
#6327=AXIS2_PLACEMENT_3D('',#8890,#7070,#7071);
#6328=AXIS2_PLACEMENT_3D('',#8899,#7076,#7077);
#6329=AXIS2_PLACEMENT_3D('',#8908,#7082,#7083);
#6330=AXIS2_PLACEMENT_3D('',#8910,#7084,#7085);
#6331=AXIS2_PLACEMENT_3D('',#8913,#7087,#7088);
#6332=AXIS2_PLACEMENT_3D('',#8914,#7089,#7090);
#6333=AXIS2_PLACEMENT_3D('',#8918,#7092,#7093);
#6334=AXIS2_PLACEMENT_3D('',#8919,#7094,#7095);
#6335=AXIS2_PLACEMENT_3D('',#8920,#7096,#7097);
#6336=AXIS2_PLACEMENT_3D('',#8924,#7099,#7100);
#6337=AXIS2_PLACEMENT_3D('',#8925,#7101,#7102);
#6338=AXIS2_PLACEMENT_3D('',#8926,#7103,#7104);
#6339=AXIS2_PLACEMENT_3D('',#8938,#7112,#7113);
#6340=AXIS2_PLACEMENT_3D('',#8944,#7117,#7118);
#6341=AXIS2_PLACEMENT_3D('',#8946,#7119,#7120);
#6342=AXIS2_PLACEMENT_3D('',#8949,#7122,#7123);
#6343=AXIS2_PLACEMENT_3D('',#8950,#7124,#7125);
#6344=AXIS2_PLACEMENT_3D('',#8965,#7134,#7135);
#6345=AXIS2_PLACEMENT_3D('',#8966,#7136,#7137);
#6346=AXIS2_PLACEMENT_3D('',#8967,#7138,#7139);
#6347=AXIS2_PLACEMENT_3D('',#8968,#7140,#7141);
#6348=AXIS2_PLACEMENT_3D('',#8977,#7146,#7147);
#6349=AXIS2_PLACEMENT_3D('',#8986,#7152,#7153);
#6350=AXIS2_PLACEMENT_3D('',#8990,#7155,#7156);
#6351=AXIS2_PLACEMENT_3D('',#8991,#7157,#7158);
#6352=AXIS2_PLACEMENT_3D('',#8992,#7159,#7160);
#6353=AXIS2_PLACEMENT_3D('',#8996,#7162,#7163);
#6354=AXIS2_PLACEMENT_3D('',#8997,#7164,#7165);
#6355=AXIS2_PLACEMENT_3D('',#8998,#7166,#7167);
#6356=AXIS2_PLACEMENT_3D('',#9000,#7168,#7169);
#6357=AXIS2_PLACEMENT_3D('',#9003,#7171,#7172);
#6358=AXIS2_PLACEMENT_3D('',#9004,#7173,#7174);
#6359=AXIS2_PLACEMENT_3D('',#9010,#7178,#7179);
#6360=AXIS2_PLACEMENT_3D('',#9016,#7183,#7184);
#6361=AXIS2_PLACEMENT_3D('',#9022,#7188,#7189);
#6362=AXIS2_PLACEMENT_3D('',#9026,#7191,#7192);
#6363=AXIS2_PLACEMENT_3D('',#9027,#7193,#7194);
#6364=AXIS2_PLACEMENT_3D('',#9028,#7195,#7196);
#6365=AXIS2_PLACEMENT_3D('',#9032,#7198,#7199);
#6366=AXIS2_PLACEMENT_3D('',#9033,#7200,#7201);
#6367=AXIS2_PLACEMENT_3D('',#9034,#7202,#7203);
#6368=AXIS2_PLACEMENT_3D('',#9036,#7204,#7205);
#6369=AXIS2_PLACEMENT_3D('',#9039,#7207,#7208);
#6370=AXIS2_PLACEMENT_3D('',#9040,#7209,#7210);
#6371=AXIS2_PLACEMENT_3D('',#9043,#7213,#7214);
#6372=AXIS2_PLACEMENT_3D('',#9049,#7218,#7219);
#6373=AXIS2_PLACEMENT_3D('',#9053,#7221,#7222);
#6374=AXIS2_PLACEMENT_3D('',#9054,#7223,#7224);
#6375=AXIS2_PLACEMENT_3D('',#9055,#7225,#7226);
#6376=AXIS2_PLACEMENT_3D('',#9061,#7230,#7231);
#6377=AXIS2_PLACEMENT_3D('',#9062,#7232,#7233);
#6378=AXIS2_PLACEMENT_3D('',#9063,#7234,#7235);
#6379=AXIS2_PLACEMENT_3D('',#9064,#7236,#7237);
#6380=AXIS2_PLACEMENT_3D('',#9073,#7242,#7243);
#6381=AXIS2_PLACEMENT_3D('',#9082,#7248,#7249);
#6382=AXIS2_PLACEMENT_3D('',#9086,#7251,#7252);
#6383=AXIS2_PLACEMENT_3D('',#9087,#7253,#7254);
#6384=AXIS2_PLACEMENT_3D('',#9088,#7255,#7256);
#6385=AXIS2_PLACEMENT_3D('',#9092,#7258,#7259);
#6386=AXIS2_PLACEMENT_3D('',#9093,#7260,#7261);
#6387=AXIS2_PLACEMENT_3D('',#9094,#7262,#7263);
#6388=AXIS2_PLACEMENT_3D('',#9096,#7264,#7265);
#6389=AXIS2_PLACEMENT_3D('',#9099,#7267,#7268);
#6390=AXIS2_PLACEMENT_3D('',#9100,#7269,#7270);
#6391=AXIS2_PLACEMENT_3D('',#9106,#7274,#7275);
#6392=AXIS2_PLACEMENT_3D('',#9112,#7279,#7280);
#6393=AXIS2_PLACEMENT_3D('',#9118,#7284,#7285);
#6394=AXIS2_PLACEMENT_3D('',#9122,#7287,#7288);
#6395=AXIS2_PLACEMENT_3D('',#9123,#7289,#7290);
#6396=AXIS2_PLACEMENT_3D('',#9124,#7291,#7292);
#6397=AXIS2_PLACEMENT_3D('',#9128,#7294,#7295);
#6398=AXIS2_PLACEMENT_3D('',#9129,#7296,#7297);
#6399=AXIS2_PLACEMENT_3D('',#9130,#7298,#7299);
#6400=AXIS2_PLACEMENT_3D('',#9132,#7300,#7301);
#6401=AXIS2_PLACEMENT_3D('',#9135,#7303,#7304);
#6402=AXIS2_PLACEMENT_3D('',#9136,#7305,#7306);
#6403=AXIS2_PLACEMENT_3D('',#9139,#7309,#7310);
#6404=AXIS2_PLACEMENT_3D('',#9145,#7314,#7315);
#6405=AXIS2_PLACEMENT_3D('',#9149,#7317,#7318);
#6406=AXIS2_PLACEMENT_3D('',#9150,#7319,#7320);
#6407=AXIS2_PLACEMENT_3D('',#9151,#7321,#7322);
#6408=AXIS2_PLACEMENT_3D('',#9157,#7326,#7327);
#6409=AXIS2_PLACEMENT_3D('',#9158,#7328,#7329);
#6410=AXIS2_PLACEMENT_3D('',#9159,#7330,#7331);
#6411=AXIS2_PLACEMENT_3D('',#9160,#7332,#7333);
#6412=AXIS2_PLACEMENT_3D('',#9166,#7337,#7338);
#6413=AXIS2_PLACEMENT_3D('',#9172,#7342,#7343);
#6414=AXIS2_PLACEMENT_3D('',#9178,#7347,#7348);
#6415=AXIS2_PLACEMENT_3D('',#9184,#7352,#7353);
#6416=AXIS2_PLACEMENT_3D('',#9190,#7357,#7358);
#6417=AXIS2_PLACEMENT_3D('',#9196,#7362,#7363);
#6418=AXIS2_PLACEMENT_3D('',#9202,#7367,#7368);
#6419=AXIS2_PLACEMENT_3D('',#9210,#7373,#7374);
#6420=AXIS2_PLACEMENT_3D('',#9216,#7378,#7379);
#6421=AXIS2_PLACEMENT_3D('',#9224,#7384,#7385);
#6422=AXIS2_PLACEMENT_3D('',#9232,#7390,#7391);
#6423=AXIS2_PLACEMENT_3D('',#9234,#7393,#7394);
#6424=AXIS2_PLACEMENT_3D('',#9242,#7399,#7400);
#6425=AXIS2_PLACEMENT_3D('',#9244,#7402,#7403);
#6426=AXIS2_PLACEMENT_3D('',#9246,#7404,#7405);
#6427=AXIS2_PLACEMENT_3D('',#9250,#7407,#7408);
#6428=AXIS2_PLACEMENT_3D('',#9254,#7410,#7411);
#6429=AXIS2_PLACEMENT_3D('',#9258,#7413,#7414);
#6430=AXIS2_PLACEMENT_3D('',#9262,#7416,#7417);
#6431=AXIS2_PLACEMENT_3D('',#9266,#7419,#7420);
#6432=AXIS2_PLACEMENT_3D('',#9270,#7422,#7423);
#6433=AXIS2_PLACEMENT_3D('',#9273,#7425,#7426);
#6434=AXIS2_PLACEMENT_3D('',#9275,#7427,#7428);
#6435=AXIS2_PLACEMENT_3D('',#9279,#7430,#7431);
#6436=AXIS2_PLACEMENT_3D('',#9283,#7433,#7434);
#6437=AXIS2_PLACEMENT_3D('',#9287,#7436,#7437);
#6438=AXIS2_PLACEMENT_3D('',#9291,#7439,#7440);
#6439=AXIS2_PLACEMENT_3D('',#9294,#7442,#7443);
#6440=AXIS2_PLACEMENT_3D('',#9301,#7447,#7448);
#6441=AXIS2_PLACEMENT_3D('',#9309,#7454,#7455);
#6442=AXIS2_PLACEMENT_3D('',#9316,#7460,#7461);
#6443=AXIS2_PLACEMENT_3D('',#9318,#7463,#7464);
#6444=AXIS2_PLACEMENT_3D('',#9322,#7467,#7468);
#6445=AXIS2_PLACEMENT_3D('',#9326,#7471,#7472);
#6446=AXIS2_PLACEMENT_3D('',#9328,#7474,#7475);
#6447=AXIS2_PLACEMENT_3D('',#9332,#7478,#7479);
#6448=AXIS2_PLACEMENT_3D('',#9336,#7482,#7483);
#6449=AXIS2_PLACEMENT_3D('',#9338,#7485,#7486);
#6450=AXIS2_PLACEMENT_3D('',#9342,#7489,#7490);
#6451=AXIS2_PLACEMENT_3D('',#9346,#7493,#7494);
#6452=AXIS2_PLACEMENT_3D('',#9350,#7497,#7498);
#6453=AXIS2_PLACEMENT_3D('',#9354,#7501,#7502);
#6454=AXIS2_PLACEMENT_3D('',#9355,#7503,#7504);
#6455=AXIS2_PLACEMENT_3D('',#9357,#7506,#7507);
#6456=AXIS2_PLACEMENT_3D('',#9359,#7509,#7510);
#6457=AXIS2_PLACEMENT_3D('',#9360,#7511,#7512);
#6458=AXIS2_PLACEMENT_3D('',#9362,#7514,#7515);
#6459=AXIS2_PLACEMENT_3D('',#9364,#7517,#7518);
#6460=AXIS2_PLACEMENT_3D('',#9365,#7519,#7520);
#6461=AXIS2_PLACEMENT_3D('',#9368,#7522,#7523);
#6462=AXIS2_PLACEMENT_3D('',#9369,#7524,#7525);
#6463=AXIS2_PLACEMENT_3D('',#9373,#7528,#7529);
#6464=AXIS2_PLACEMENT_3D('',#9376,#7531,#7532);
#6465=AXIS2_PLACEMENT_3D('',#9377,#7533,#7534);
#6466=AXIS2_PLACEMENT_3D('',#9381,#7537,#7538);
#6467=AXIS2_PLACEMENT_3D('',#9384,#7540,#7541);
#6468=AXIS2_PLACEMENT_3D('',#9385,#7542,#7543);
#6469=AXIS2_PLACEMENT_3D('',#9389,#7546,#7547);
#6470=AXIS2_PLACEMENT_3D('',#9392,#7549,#7550);
#6471=AXIS2_PLACEMENT_3D('',#9393,#7551,#7552);
#6472=AXIS2_PLACEMENT_3D('',#9397,#7555,#7556);
#6473=AXIS2_PLACEMENT_3D('',#9400,#7558,#7559);
#6474=AXIS2_PLACEMENT_3D('',#9401,#7560,#7561);
#6475=AXIS2_PLACEMENT_3D('',#9405,#7564,#7565);
#6476=AXIS2_PLACEMENT_3D('',#9408,#7567,#7568);
#6477=AXIS2_PLACEMENT_3D('',#9409,#7569,#7570);
#6478=AXIS2_PLACEMENT_3D('',#9413,#7573,#7574);
#6479=AXIS2_PLACEMENT_3D('',#9416,#7576,#7577);
#6480=AXIS2_PLACEMENT_3D('',#9417,#7578,#7579);
#6481=AXIS2_PLACEMENT_3D('',#9421,#7582,#7583);
#6482=AXIS2_PLACEMENT_3D('',#9422,#7584,#7585);
#6483=AXIS2_PLACEMENT_3D('',#9423,#7586,#7587);
#6484=AXIS2_PLACEMENT_3D('',#9426,#7589,#7590);
#6485=AXIS2_PLACEMENT_3D('',#9427,#7591,#7592);
#6486=AXIS2_PLACEMENT_3D('',#9431,#7595,#7596);
#6487=AXIS2_PLACEMENT_3D('',#9434,#7598,#7599);
#6488=AXIS2_PLACEMENT_3D('',#9435,#7600,#7601);
#6489=AXIS2_PLACEMENT_3D('',#9439,#7604,#7605);
#6490=AXIS2_PLACEMENT_3D('',#9442,#7607,#7608);
#6491=AXIS2_PLACEMENT_3D('',#9443,#7609,#7610);
#6492=AXIS2_PLACEMENT_3D('',#9447,#7613,#7614);
#6493=AXIS2_PLACEMENT_3D('',#9450,#7616,#7617);
#6494=AXIS2_PLACEMENT_3D('',#9451,#7618,#7619);
#6495=AXIS2_PLACEMENT_3D('',#9455,#7622,#7623);
#6496=AXIS2_PLACEMENT_3D('',#9458,#7625,#7626);
#6497=AXIS2_PLACEMENT_3D('',#9459,#7627,#7628);
#6498=AXIS2_PLACEMENT_3D('',#9463,#7631,#7632);
#6499=AXIS2_PLACEMENT_3D('',#9464,#7633,#7634);
#6500=AXIS2_PLACEMENT_3D('',#9465,#7635,#7636);
#6501=AXIS2_PLACEMENT_3D('',#9474,#7641,#7642);
#6502=AXIS2_PLACEMENT_3D('',#9480,#7646,#7647);
#6503=AXIS2_PLACEMENT_3D('',#9486,#7651,#7652);
#6504=AXIS2_PLACEMENT_3D('',#9489,#7655,#7656);
#6505=AXIS2_PLACEMENT_3D('',#9490,#7657,#7658);
#6506=AXIS2_PLACEMENT_3D('',#9491,#7659,#7660);
#6507=AXIS2_PLACEMENT_3D('',#9496,#7662,#7663);
#6508=AXIS2_PLACEMENT_3D('',#9499,#7665,#7666);
#6509=AXIS2_PLACEMENT_3D('',#9500,#7667,#7668);
#6510=AXIS2_PLACEMENT_3D('',#9505,#7670,#7671);
#6511=AXIS2_PLACEMENT_3D('',#9508,#7673,#7674);
#6512=AXIS2_PLACEMENT_3D('',#9579,#7678,#7679);
#6513=AXIS2_PLACEMENT_3D('',#9580,#7680,#7681);
#6514=AXIS2_PLACEMENT_3D('',#9612,#7682,#7683);
#6515=AXIS2_PLACEMENT_3D('',#9622,#7689,#7690);
#6516=AXIS2_PLACEMENT_3D('',#9627,#7694,#7695);
#6517=AXIS2_PLACEMENT_3D('',#9631,#7698,#7699);
#6518=AXIS2_PLACEMENT_3D('',#9635,#7702,#7703);
#6519=AXIS2_PLACEMENT_3D('',#9701,#7708,#7709);
#6520=AXIS2_PLACEMENT_3D('',#9703,#7711,#7712);
#6521=AXIS2_PLACEMENT_3D('',#9704,#7713,#7714);
#6522=AXIS2_PLACEMENT_3D('',#9709,#7716,#7717);
#6523=AXIS2_PLACEMENT_3D('',#9712,#7719,#7720);
#6524=AXIS2_PLACEMENT_3D('',#9713,#7721,#7722);
#6525=AXIS2_PLACEMENT_3D('',#9718,#7724,#7725);
#6526=AXIS2_PLACEMENT_3D('',#9721,#7727,#7728);
#6527=AXIS2_PLACEMENT_3D('',#9795,#7732,#7733);
#6528=AXIS2_PLACEMENT_3D('',#9796,#7734,#7735);
#6529=AXIS2_PLACEMENT_3D('',#9828,#7736,#7737);
#6530=AXIS2_PLACEMENT_3D('',#9838,#7743,#7744);
#6531=AXIS2_PLACEMENT_3D('',#9911,#7753,#7754);
#6532=AXIS2_PLACEMENT_3D('',#9913,#7756,#7757);
#6533=AXIS2_PLACEMENT_3D('',#9915,#7759,#7760);
#6534=AXIS2_PLACEMENT_3D('',#9917,#7762,#7763);
#6535=AXIS2_PLACEMENT_3D('',#9919,#7765,#7766);
#6536=AXIS2_PLACEMENT_3D('',#9920,#7767,#7768);
#6537=AXIS2_PLACEMENT_3D('',#9925,#7770,#7771);
#6538=AXIS2_PLACEMENT_3D('',#9928,#7773,#7774);
#6539=AXIS2_PLACEMENT_3D('',#9929,#7775,#7776);
#6540=AXIS2_PLACEMENT_3D('',#9934,#7778,#7779);
#6541=AXIS2_PLACEMENT_3D('',#9937,#7781,#7782);
#6542=AXIS2_PLACEMENT_3D('',#10008,#7786,#7787);
#6543=AXIS2_PLACEMENT_3D('',#10009,#7788,#7789);
#6544=AXIS2_PLACEMENT_3D('',#10041,#7790,#7791);
#6545=AXIS2_PLACEMENT_3D('',#10051,#7797,#7798);
#6546=AXIS2_PLACEMENT_3D('',#10056,#7802,#7803);
#6547=AXIS2_PLACEMENT_3D('',#10060,#7806,#7807);
#6548=AXIS2_PLACEMENT_3D('',#10064,#7810,#7811);
#6549=AXIS2_PLACEMENT_3D('',#10130,#7816,#7817);
#6550=AXIS2_PLACEMENT_3D('',#10132,#7819,#7820);
#6551=AXIS2_PLACEMENT_3D('',#10133,#7821,#7822);
#6552=AXIS2_PLACEMENT_3D('',#10138,#7824,#7825);
#6553=AXIS2_PLACEMENT_3D('',#10141,#7827,#7828);
#6554=AXIS2_PLACEMENT_3D('',#10142,#7829,#7830);
#6555=AXIS2_PLACEMENT_3D('',#10147,#7832,#7833);
#6556=AXIS2_PLACEMENT_3D('',#10150,#7835,#7836);
#6557=AXIS2_PLACEMENT_3D('',#10224,#7840,#7841);
#6558=AXIS2_PLACEMENT_3D('',#10225,#7842,#7843);
#6559=AXIS2_PLACEMENT_3D('',#10257,#7844,#7845);
#6560=AXIS2_PLACEMENT_3D('',#10267,#7851,#7852);
#6561=AXIS2_PLACEMENT_3D('',#10340,#7861,#7862);
#6562=AXIS2_PLACEMENT_3D('',#10342,#7864,#7865);
#6563=AXIS2_PLACEMENT_3D('',#10344,#7867,#7868);
#6564=AXIS2_PLACEMENT_3D('',#10346,#7870,#7871);
#6565=AXIS2_PLACEMENT_3D('',#10348,#7873,#7874);
#6566=AXIS2_PLACEMENT_3D('',#10349,#7875,#7876);
#6567=AXIS2_PLACEMENT_3D('',#10352,#7877,#7878);
#6568=AXIS2_PLACEMENT_3D('',#10356,#7880,#7881);
#6569=AXIS2_PLACEMENT_3D('',#10368,#7883,#7884);
#6570=AXIS2_PLACEMENT_3D('',#10370,#7885,#7886);
#6571=AXIS2_PLACEMENT_3D('',#10371,#7887,#7888);
#6572=AXIS2_PLACEMENT_3D('',#10372,#7889,#7890);
#6573=AXIS2_PLACEMENT_3D('',#10375,#7891,#7892);
#6574=AXIS2_PLACEMENT_3D('',#10388,#7895,#7896);
#6575=AXIS2_PLACEMENT_3D('',#10390,#7897,#7898);
#6576=AXIS2_PLACEMENT_3D('',#10391,#7899,#7900);
#6577=AXIS2_PLACEMENT_3D('',#10392,#7901,#7902);
#6578=AXIS2_PLACEMENT_3D('',#10395,#7903,#7904);
#6579=AXIS2_PLACEMENT_3D('',#10408,#7907,#7908);
#6580=AXIS2_PLACEMENT_3D('',#10410,#7909,#7910);
#6581=AXIS2_PLACEMENT_3D('',#10411,#7911,#7912);
#6582=AXIS2_PLACEMENT_3D('',#10412,#7913,#7914);
#6583=AXIS2_PLACEMENT_3D('',#10415,#7915,#7916);
#6584=AXIS2_PLACEMENT_3D('',#10427,#7919,#7920);
#6585=AXIS2_PLACEMENT_3D('',#10428,#7921,#7922);
#6586=AXIS2_PLACEMENT_3D('',#10429,#7923,#7924);
#6587=AXIS2_PLACEMENT_3D('',#10433,#7926,#7927);
#6588=AXIS2_PLACEMENT_3D('',#10435,#7929,#7930);
#6589=AXIS2_PLACEMENT_3D('',#10441,#7933,#7934);
#6590=AXIS2_PLACEMENT_3D('',#10447,#7938,#7939);
#6591=AXIS2_PLACEMENT_3D('',#10450,#7941,#7942);
#6592=AXIS2_PLACEMENT_3D('',#10452,#7943,#7944);
#6593=AXIS2_PLACEMENT_3D('',#10455,#7946,#7947);
#6594=AXIS2_PLACEMENT_3D('',#10456,#7948,#7949);
#6595=AXIS2_PLACEMENT_3D('',#10464,#7953,#7954);
#6596=AXIS2_PLACEMENT_3D('',#10468,#7956,#7957);
#6597=AXIS2_PLACEMENT_3D('',#10472,#7959,#7960);
#6598=AXIS2_PLACEMENT_3D('',#10475,#7962,#7963);
#6599=AXIS2_PLACEMENT_3D('',#10480,#7965,#7966);
#6600=AXIS2_PLACEMENT_3D('',#10484,#7968,#7969);
#6601=AXIS2_PLACEMENT_3D('',#10488,#7971,#7972);
#6602=AXIS2_PLACEMENT_3D('',#10491,#7974,#7975);
#6603=AXIS2_PLACEMENT_3D('',#10496,#7977,#7978);
#6604=AXIS2_PLACEMENT_3D('',#10500,#7980,#7981);
#6605=AXIS2_PLACEMENT_3D('',#10504,#7983,#7984);
#6606=AXIS2_PLACEMENT_3D('',#10507,#7986,#7987);
#6607=AXIS2_PLACEMENT_3D('',#10512,#7989,#7990);
#6608=AXIS2_PLACEMENT_3D('',#10516,#7992,#7993);
#6609=AXIS2_PLACEMENT_3D('',#10520,#7995,#7996);
#6610=AXIS2_PLACEMENT_3D('',#10523,#7998,#7999);
#6611=AXIS2_PLACEMENT_3D('',#10524,#8000,#8001);
#6612=AXIS2_PLACEMENT_3D('',#10525,#8002,#8003);
#6613=AXIS2_PLACEMENT_3D('',#10530,#8005,#8006);
#6614=AXIS2_PLACEMENT_3D('',#10534,#8008,#8009);
#6615=AXIS2_PLACEMENT_3D('',#10538,#8011,#8012);
#6616=AXIS2_PLACEMENT_3D('',#10541,#8014,#8015);
#6617=AXIS2_PLACEMENT_3D('',#10542,#8016,#8017);
#6618=AXIS2_PLACEMENT_3D('',#10545,#8018,#8019);
#6619=AXIS2_PLACEMENT_3D('',#10551,#8023,#8024);
#6620=AXIS2_PLACEMENT_3D('',#10555,#8026,#8027);
#6621=AXIS2_PLACEMENT_3D('',#10557,#8029,#8030);
#6622=AXIS2_PLACEMENT_3D('',#10568,#8037,#8038);
#6623=AXIS2_PLACEMENT_3D('',#10569,#8039,#8040);
#6624=AXIS2_PLACEMENT_3D('',#10570,#8041,#8042);
#6625=AXIS2_PLACEMENT_3D('',#10571,#8043,#8044);
#6626=AXIS2_PLACEMENT_3D('',#10572,#8045,#8046);
#6627=AXIS2_PLACEMENT_3D('',#10573,#8047,#8048);
#6628=AXIS2_PLACEMENT_3D('',#10574,#8049,#8050);
#6629=AXIS2_PLACEMENT_3D('',#10577,#8051,#8052);
#6630=AXIS2_PLACEMENT_3D('',#10580,#8055,#8056);
#6631=AXIS2_PLACEMENT_3D('',#10583,#8059,#8060);
#6632=AXIS2_PLACEMENT_3D('',#10584,#8061,#8062);
#6633=AXIS2_PLACEMENT_3D('',#10585,#8063,#8064);
#6634=AXIS2_PLACEMENT_3D('',#10588,#8065,#8066);
#6635=AXIS2_PLACEMENT_3D('',#10603,#8068,#8069);
#6636=AXIS2_PLACEMENT_3D('',#10605,#8071,#8072);
#6637=AXIS2_PLACEMENT_3D('',#10610,#8074,#8075);
#6638=AXIS2_PLACEMENT_3D('',#10613,#8077,#8078);
#6639=AXIS2_PLACEMENT_3D('',#10614,#8079,#8080);
#6640=AXIS2_PLACEMENT_3D('',#10617,#8081,#8082);
#6641=AXIS2_PLACEMENT_3D('',#10620,#8084,#8085);
#6642=AXIS2_PLACEMENT_3D('',#10622,#8087,#8088);
#6643=AXIS2_PLACEMENT_3D('',#10626,#8090,#8091);
#6644=AXIS2_PLACEMENT_3D('',#10632,#8094,#8095);
#6645=AXIS2_PLACEMENT_3D('',#10636,#8097,#8098);
#6646=AXIS2_PLACEMENT_3D('',#10642,#8101,#8102);
#6647=AXIS2_PLACEMENT_3D('',#10644,#8104,#8105);
#6648=AXIS2_PLACEMENT_3D('',#10652,#8110,#8111);
#6649=AXIS2_PLACEMENT_3D('',#10657,#8113,#8114);
#6650=AXIS2_PLACEMENT_3D('',#10669,#8116,#8117);
#6651=AXIS2_PLACEMENT_3D('',#10670,#8118,#8119);
#6652=AXIS2_PLACEMENT_3D('',#10673,#8120,#8121);
#6653=AXIS2_PLACEMENT_3D('',#10686,#8123,#8124);
#6654=AXIS2_PLACEMENT_3D('',#10688,#8126,#8127);
#6655=AXIS2_PLACEMENT_3D('',#10690,#8128,#8129);
#6656=AXIS2_PLACEMENT_3D('',#10693,#8131,#8132);
#6657=AXIS2_PLACEMENT_3D('',#10695,#8134,#8135);
#6658=AXIS2_PLACEMENT_3D('',#10703,#8140,#8141);
#6659=AXIS2_PLACEMENT_3D('',#10707,#8143,#8144);
#6660=AXIS2_PLACEMENT_3D('',#10713,#8147,#8148);
#6661=AXIS2_PLACEMENT_3D('',#10717,#8150,#8151);
#6662=AXIS2_PLACEMENT_3D('',#10722,#8154,#8155);
#6663=AXIS2_PLACEMENT_3D('',#10723,#8156,#8157);
#6664=AXIS2_PLACEMENT_3D('',#10728,#8160,#8161);
#6665=AXIS2_PLACEMENT_3D('',#10729,#8162,#8163);
#6666=AXIS2_PLACEMENT_3D('',#10733,#8166,#8167);
#6667=AXIS2_PLACEMENT_3D('',#10736,#8169,#8170);
#6668=AXIS2_PLACEMENT_3D('',#10737,#8171,#8172);
#6669=AXIS2_PLACEMENT_3D('',#10741,#8175,#8176);
#6670=AXIS2_PLACEMENT_3D('',#10745,#8179,#8180);
#6671=AXIS2_PLACEMENT_3D('',#10749,#8182,#8183);
#6672=AXIS2_PLACEMENT_3D('',#10754,#8186,#8187);
#6673=AXIS2_PLACEMENT_3D('',#10756,#8189,#8190);
#6674=AXIS2_PLACEMENT_3D('',#10758,#8192,#8193);
#6675=AXIS2_PLACEMENT_3D('',#10760,#8195,#8196);
#6676=AXIS2_PLACEMENT_3D('',#10762,#8198,#8199);
#6677=AXIS2_PLACEMENT_3D('',#10763,#8200,#8201);
#6678=AXIS2_PLACEMENT_3D('',#10768,#8203,#8204);
#6679=AXIS2_PLACEMENT_3D('',#10772,#8206,#8207);
#6680=AXIS2_PLACEMENT_3D('',#10776,#8209,#8210);
#6681=AXIS2_PLACEMENT_3D('',#10779,#8212,#8213);
#6682=AXIS2_PLACEMENT_3D('',#10783,#8215,#8216);
#6683=AXIS2_PLACEMENT_3D('',#10787,#8218,#8219);
#6684=AXIS2_PLACEMENT_3D('',#10793,#8223,#8224);
#6685=AXIS2_PLACEMENT_3D('',#10797,#8226,#8227);
#6686=AXIS2_PLACEMENT_3D('',#10801,#8229,#8230);
#6687=AXIS2_PLACEMENT_3D('',#10805,#8232,#8233);
#6688=AXIS2_PLACEMENT_3D('',#10811,#8238,#8239);
#6689=AXIS2_PLACEMENT_3D('',#10815,#8242,#8243);
#6690=AXIS2_PLACEMENT_3D('',#10818,#8245,#8246);
#6691=AXIS2_PLACEMENT_3D('',#10819,#8247,#8248);
#6692=AXIS2_PLACEMENT_3D('',#10823,#8251,#8252);
#6693=AXIS2_PLACEMENT_3D('',#10826,#8254,#8255);
#6694=AXIS2_PLACEMENT_3D('',#10827,#8256,#8257);
#6695=AXIS2_PLACEMENT_3D('',#10829,#8259,#8260);
#6696=AXIS2_PLACEMENT_3D('',#10830,#8261,#8262);
#6697=AXIS2_PLACEMENT_3D('',#10834,#8265,#8266);
#6698=AXIS2_PLACEMENT_3D('',#10837,#8268,#8269);
#6699=AXIS2_PLACEMENT_3D('',#10838,#8270,#8271);
#6700=AXIS2_PLACEMENT_3D('',#10842,#8274,#8275);
#6701=AXIS2_PLACEMENT_3D('',#10845,#8277,#8278);
#6702=AXIS2_PLACEMENT_3D('',#10846,#8279,#8280);
#6703=AXIS2_PLACEMENT_3D('',#10850,#8283,#8284);
#6704=AXIS2_PLACEMENT_3D('',#10853,#8286,#8287);
#6705=AXIS2_PLACEMENT_3D('',#10854,#8288,#8289);
#6706=AXIS2_PLACEMENT_3D('',#10858,#8292,#8293);
#6707=AXIS2_PLACEMENT_3D('',#10861,#8295,#8296);
#6708=AXIS2_PLACEMENT_3D('',#10862,#8297,#8298);
#6709=AXIS2_PLACEMENT_3D('',#10864,#8300,#8301);
#6710=AXIS2_PLACEMENT_3D('',#10866,#8303,#8304);
#6711=AXIS2_PLACEMENT_3D('',#10872,#8308,#8309);
#6712=AXIS2_PLACEMENT_3D('',#10875,#8311,#8312);
#6713=AXIS2_PLACEMENT_3D('',#10876,#8313,#8314);
#6714=AXIS2_PLACEMENT_3D('',#10880,#8317,#8318);
#6715=AXIS2_PLACEMENT_3D('',#10883,#8320,#8321);
#6716=AXIS2_PLACEMENT_3D('',#10884,#8322,#8323);
#6717=AXIS2_PLACEMENT_3D('',#10888,#8326,#8327);
#6718=AXIS2_PLACEMENT_3D('',#10891,#8329,#8330);
#6719=AXIS2_PLACEMENT_3D('',#10892,#8331,#8332);
#6720=AXIS2_PLACEMENT_3D('',#10896,#8335,#8336);
#6721=AXIS2_PLACEMENT_3D('',#10897,#8337,#8338);
#6722=AXIS2_PLACEMENT_3D('',#10898,#8339,#8340);
#6723=AXIS2_PLACEMENT_3D('',#10904,#8344,#8345);
#6724=AXIS2_PLACEMENT_3D('',#10907,#8347,#8348);
#6725=AXIS2_PLACEMENT_3D('',#10908,#8349,#8350);
#6726=AXIS2_PLACEMENT_3D('',#10912,#8353,#8354);
#6727=AXIS2_PLACEMENT_3D('',#10915,#8356,#8357);
#6728=AXIS2_PLACEMENT_3D('',#10916,#8358,#8359);
#6729=AXIS2_PLACEMENT_3D('',#10920,#8362,#8363);
#6730=AXIS2_PLACEMENT_3D('',#10923,#8365,#8366);
#6731=AXIS2_PLACEMENT_3D('',#10924,#8367,#8368);
#6732=AXIS2_PLACEMENT_3D('',#10928,#8371,#8372);
#6733=AXIS2_PLACEMENT_3D('',#10929,#8373,#8374);
#6734=AXIS2_PLACEMENT_3D('',#10930,#8375,#8376);
#6735=AXIS2_PLACEMENT_3D('',#10936,#8380,#8381);
#6736=AXIS2_PLACEMENT_3D('',#10939,#8383,#8384);
#6737=AXIS2_PLACEMENT_3D('',#10940,#8385,#8386);
#6738=AXIS2_PLACEMENT_3D('',#10944,#8389,#8390);
#6739=AXIS2_PLACEMENT_3D('',#10947,#8392,#8393);
#6740=AXIS2_PLACEMENT_3D('',#10948,#8394,#8395);
#6741=AXIS2_PLACEMENT_3D('',#10952,#8398,#8399);
#6742=AXIS2_PLACEMENT_3D('',#10955,#8401,#8402);
#6743=AXIS2_PLACEMENT_3D('',#10956,#8403,#8404);
#6744=AXIS2_PLACEMENT_3D('',#10960,#8407,#8408);
#6745=AXIS2_PLACEMENT_3D('',#10961,#8409,#8410);
#6746=AXIS2_PLACEMENT_3D('',#10962,#8411,#8412);
#6747=AXIS2_PLACEMENT_3D('',#10968,#8416,#8417);
#6748=AXIS2_PLACEMENT_3D('',#10971,#8419,#8420);
#6749=AXIS2_PLACEMENT_3D('',#10972,#8421,#8422);
#6750=AXIS2_PLACEMENT_3D('',#10976,#8425,#8426);
#6751=AXIS2_PLACEMENT_3D('',#10979,#8428,#8429);
#6752=AXIS2_PLACEMENT_3D('',#10980,#8430,#8431);
#6753=AXIS2_PLACEMENT_3D('',#10984,#8434,#8435);
#6754=AXIS2_PLACEMENT_3D('',#10987,#8437,#8438);
#6755=AXIS2_PLACEMENT_3D('',#10988,#8439,#8440);
#6756=AXIS2_PLACEMENT_3D('',#10992,#8443,#8444);
#6757=AXIS2_PLACEMENT_3D('',#10993,#8445,#8446);
#6758=AXIS2_PLACEMENT_3D('',#10994,#8447,#8448);
#6759=AXIS2_PLACEMENT_3D('',#10997,#8451,#8452);
#6760=AXIS2_PLACEMENT_3D('',#10999,#8454,#8455);
#6761=AXIS2_PLACEMENT_3D('',#11001,#8457,#8458);
#6762=AXIS2_PLACEMENT_3D('',#11003,#8460,#8461);
#6763=AXIS2_PLACEMENT_3D('',#11005,#8463,#8464);
#6764=AXIS2_PLACEMENT_3D('',#11007,#8466,#8467);
#6765=AXIS2_PLACEMENT_3D('',#11009,#8469,#8470);
#6766=AXIS2_PLACEMENT_3D('',#11010,#8471,#8472);
#6767=AXIS2_PLACEMENT_3D('',#11013,#8474,#8475);
#6768=AXIS2_PLACEMENT_3D('',#11014,#8476,#8477);
#6769=AXIS2_PLACEMENT_3D('',#11016,#8479,#8480);
#6770=AXIS2_PLACEMENT_3D('',#11020,#8482,#8483);
#6771=AXIS2_PLACEMENT_3D('',#11022,#8485,#8486);
#6772=AXIS2_PLACEMENT_3D('',#11026,#8489,#8490);
#6773=AXIS2_PLACEMENT_3D('',#11028,#8491,#8492);
#6774=AXIS2_PLACEMENT_3D('',#11030,#8494,#8495);
#6775=AXIS2_PLACEMENT_3D('',#11034,#8498,#8499);
#6776=AXIS2_PLACEMENT_3D('',#11040,#8503,#8504);
#6777=AXIS2_PLACEMENT_3D('',#11041,#8505,#8506);
#6778=AXIS2_PLACEMENT_3D('',#11042,#8507,#8508);
#6779=AXIS2_PLACEMENT_3D('',#11043,#8509,#8510);
#6780=AXIS2_PLACEMENT_3D('',#11047,#8513,#8514);
#6781=AXIS2_PLACEMENT_3D('',#11049,#8515,#8516);
#6782=AXIS2_PLACEMENT_3D('',#11051,#8518,#8519);
#6783=AXIS2_PLACEMENT_3D('',#11053,#8521,#8522);
#6784=AXIS2_PLACEMENT_3D('',#11055,#8524,#8525);
#6785=DIRECTION('axis',(0.,0.,1.));
#6786=DIRECTION('refdir',(1.,0.,0.));
#6787=DIRECTION('center_axis',(1.,0.,0.));
#6788=DIRECTION('ref_axis',(0.,0.,-1.));
#6789=DIRECTION('center_axis',(-1.,0.,0.));
#6790=DIRECTION('ref_axis',(0.,-0.707106781186548,-0.707106781186548));
#6791=DIRECTION('center_axis',(0.,0.,1.));
#6792=DIRECTION('ref_axis',(0.,1.,0.));
#6793=DIRECTION('center_axis',(1.,0.,0.));
#6794=DIRECTION('ref_axis',(0.,-0.707106781186548,-0.707106781186548));
#6795=DIRECTION('center_axis',(0.,1.,0.));
#6796=DIRECTION('ref_axis',(-1.,0.,0.));
#6797=DIRECTION('center_axis',(0.,-1.,0.));
#6798=DIRECTION('ref_axis',(-0.707106781186548,0.,0.707106781186548));
#6799=DIRECTION('',(0.,1.,0.));
#6800=DIRECTION('center_axis',(0.,1.,0.));
#6801=DIRECTION('ref_axis',(-1.,0.,0.));
#6802=DIRECTION('',(0.,1.,0.));
#6803=DIRECTION('center_axis',(1.,0.,0.));
#6804=DIRECTION('ref_axis',(0.,0.,-1.));
#6805=DIRECTION('center_axis',(-1.,0.,0.));
#6806=DIRECTION('ref_axis',(0.,0.707106781186548,-0.707106781186548));
#6807=DIRECTION('center_axis',(1.,0.,0.));
#6808=DIRECTION('ref_axis',(0.,0.707106781186548,-0.707106781186548));
#6809=DIRECTION('center_axis',(0.,0.,1.));
#6810=DIRECTION('ref_axis',(-1.,0.,0.));
#6811=DIRECTION('center_axis',(0.,0.,-1.));
#6812=DIRECTION('ref_axis',(-0.707106781186548,-0.707106781186548,0.));
#6813=DIRECTION('',(0.,0.,1.));
#6814=DIRECTION('center_axis',(0.,0.,1.));
#6815=DIRECTION('ref_axis',(-1.,0.,0.));
#6816=DIRECTION('',(0.,0.,1.));
#6817=DIRECTION('center_axis',(1.,0.,0.));
#6818=DIRECTION('ref_axis',(0.,0.,-1.));
#6819=DIRECTION('center_axis',(-1.,0.,0.));
#6820=DIRECTION('ref_axis',(0.,0.707106781186548,0.707106781186548));
#6821=DIRECTION('center_axis',(1.,0.,0.));
#6822=DIRECTION('ref_axis',(0.,0.707106781186548,0.707106781186548));
#6823=DIRECTION('center_axis',(0.,-1.,0.));
#6824=DIRECTION('ref_axis',(-1.,0.,0.));
#6825=DIRECTION('center_axis',(0.,1.,0.));
#6826=DIRECTION('ref_axis',(-0.707106781186548,0.,-0.707106781186548));
#6827=DIRECTION('',(0.,-1.,0.));
#6828=DIRECTION('center_axis',(0.,-1.,0.));
#6829=DIRECTION('ref_axis',(-1.,0.,0.));
#6830=DIRECTION('',(0.,-1.,0.));
#6831=DIRECTION('center_axis',(1.,0.,0.));
#6832=DIRECTION('ref_axis',(0.,0.,-1.));
#6833=DIRECTION('center_axis',(-1.,0.,0.));
#6834=DIRECTION('ref_axis',(0.,-0.707106781186548,0.707106781186548));
#6835=DIRECTION('center_axis',(1.,0.,0.));
#6836=DIRECTION('ref_axis',(0.,-0.707106781186548,0.707106781186548));
#6837=DIRECTION('center_axis',(0.,0.,-1.));
#6838=DIRECTION('ref_axis',(-1.,0.,0.));
#6839=DIRECTION('center_axis',(0.,0.,1.));
#6840=DIRECTION('ref_axis',(-0.707106781186548,0.707106781186548,0.));
#6841=DIRECTION('',(0.,0.,-1.));
#6842=DIRECTION('',(0.,0.,-1.));
#6843=DIRECTION('center_axis',(1.,0.,0.));
#6844=DIRECTION('ref_axis',(0.,-1.,0.));
#6845=DIRECTION('',(0.,1.,0.));
#6846=DIRECTION('',(0.,0.,-1.));
#6847=DIRECTION('',(0.,1.,0.));
#6848=DIRECTION('',(0.,0.,-1.));
#6849=DIRECTION('center_axis',(1.,0.,0.));
#6850=DIRECTION('ref_axis',(0.,0.,-1.));
#6851=DIRECTION('center_axis',(0.,-6.953753463658E-16,1.));
#6852=DIRECTION('ref_axis',(0.707106781186548,-0.707106781186548,-4.91704622885202E-16));
#6853=DIRECTION('',(0.,6.953753463658E-16,-1.));
#6854=DIRECTION('center_axis',(0.,0.,-1.));
#6855=DIRECTION('ref_axis',(1.,0.,0.));
#6856=DIRECTION('',(0.,6.953753463658E-16,-1.));
#6857=DIRECTION('center_axis',(0.,-1.110223024625E-15,1.));
#6858=DIRECTION('ref_axis',(1.110223024625E-15,-1.,-1.110223024625E-15));
#6859=DIRECTION('center_axis',(1.,0.,0.));
#6860=DIRECTION('ref_axis',(0.,0.,-1.));
#6861=DIRECTION('center_axis',(-1.,0.,0.));
#6862=DIRECTION('ref_axis',(0.,0.707106781186548,0.707106781186548));
#6863=DIRECTION('center_axis',(-1.,0.,0.));
#6864=DIRECTION('ref_axis',(0.,0.,1.));
#6865=DIRECTION('center_axis',(0.,-1.,0.));
#6866=DIRECTION('ref_axis',(0.,0.,-1.));
#6867=DIRECTION('center_axis',(0.,-1.,9.429410921041E-16));
#6868=DIRECTION('ref_axis',(0.707106781186548,-6.66760040486258E-16,-0.707106781186548));
#6869=DIRECTION('',(0.,1.,-9.429410921041E-16));
#6870=DIRECTION('',(0.,1.,-9.429410921041E-16));
#6871=DIRECTION('center_axis',(0.,-1.,1.110223024625E-15));
#6872=DIRECTION('ref_axis',(1.110223024625E-15,-1.110223024625E-15,-1.));
#6873=DIRECTION('center_axis',(1.,0.,0.));
#6874=DIRECTION('ref_axis',(0.,0.,-1.));
#6875=DIRECTION('center_axis',(-1.,0.,0.));
#6876=DIRECTION('ref_axis',(0.,-0.707106781186548,0.707106781186548));
#6877=DIRECTION('center_axis',(-1.,0.,0.));
#6878=DIRECTION('ref_axis',(0.,-1.,0.));
#6879=DIRECTION('center_axis',(0.,0.,-1.));
#6880=DIRECTION('ref_axis',(0.,1.,0.));
#6881=DIRECTION('center_axis',(0.,6.953753463658E-16,-1.));
#6882=DIRECTION('ref_axis',(0.707106781186548,0.707106781186548,4.91704622885202E-16));
#6883=DIRECTION('',(0.,-6.953753463658E-16,1.));
#6884=DIRECTION('',(0.,-6.953753463658E-16,1.));
#6885=DIRECTION('center_axis',(0.,0.,-1.));
#6886=DIRECTION('ref_axis',(1.110223024625E-15,1.,0.));
#6887=DIRECTION('center_axis',(1.,0.,0.));
#6888=DIRECTION('ref_axis',(0.,0.,-1.));
#6889=DIRECTION('center_axis',(-1.,0.,0.));
#6890=DIRECTION('ref_axis',(0.,-0.707106781186548,-0.707106781186548));
#6891=DIRECTION('center_axis',(-1.,0.,0.));
#6892=DIRECTION('ref_axis',(0.,1.850371707709E-15,-1.));
#6893=DIRECTION('center_axis',(0.,1.,1.665334536938E-15));
#6894=DIRECTION('ref_axis',(0.,-1.665334536938E-15,1.));
#6895=DIRECTION('center_axis',(0.,1.,9.429410921041E-16));
#6896=DIRECTION('ref_axis',(0.707106781186548,-6.66760040486258E-16,0.707106781186548));
#6897=DIRECTION('',(0.,-1.,-9.429410921041E-16));
#6898=DIRECTION('',(0.,-1.,-9.429410921041E-16));
#6899=DIRECTION('center_axis',(0.,1.,1.110223024625E-15));
#6900=DIRECTION('ref_axis',(1.110223024625E-15,-1.110223024625E-15,1.));
#6901=DIRECTION('center_axis',(1.,0.,0.));
#6902=DIRECTION('ref_axis',(0.,0.,-1.));
#6903=DIRECTION('center_axis',(-1.,0.,0.));
#6904=DIRECTION('ref_axis',(0.,0.707106781186548,-0.707106781186548));
#6905=DIRECTION('center_axis',(-1.,0.,0.));
#6906=DIRECTION('ref_axis',(0.,1.,-7.401486830834E-15));
#6907=DIRECTION('center_axis',(-1.,0.,0.));
#6908=DIRECTION('ref_axis',(0.,1.,0.));
#6909=DIRECTION('',(0.,-1.,0.));
#6910=DIRECTION('',(0.,0.,-1.));
#6911=DIRECTION('',(0.,-1.,0.));
#6912=DIRECTION('',(0.,0.,-1.));
#6913=DIRECTION('center_axis',(-1.,0.,0.));
#6914=DIRECTION('ref_axis',(0.,0.,1.));
#6915=DIRECTION('center_axis',(0.,0.,1.));
#6916=DIRECTION('ref_axis',(0.,-1.,0.));
#6917=DIRECTION('center_axis',(-0.62469504755418,-0.780868809443225,-8.6693853145555E-16));
#6918=DIRECTION('ref_axis',(0.780868809443225,-0.62469504755418,4.93038065763275E-32));
#6919=DIRECTION('center_axis',(0.780868809443225,0.62469504755418,0.));
#6920=DIRECTION('ref_axis',(0.62469504755418,-0.780868809443225,0.));
#6921=DIRECTION('center_axis',(0.,0.,1.));
#6922=DIRECTION('ref_axis',(-1.,0.,0.));
#6923=DIRECTION('center_axis',(-0.780868809443225,0.62469504755418,0.));
#6924=DIRECTION('ref_axis',(-0.62469504755418,-0.780868809443225,0.));
#6925=DIRECTION('center_axis',(0.62469504755418,-0.780868809443225,0.));
#6926=DIRECTION('ref_axis',(-0.780868809443225,-0.62469504755418,0.));
#6927=DIRECTION('center_axis',(0.,0.,1.));
#6928=DIRECTION('ref_axis',(0.,1.,0.));
#6929=DIRECTION('center_axis',(0.62469504755418,0.780868809443225,1.23259516440836E-32));
#6930=DIRECTION('ref_axis',(-0.780868809443225,0.62469504755418,-2.16734632863863E-16));
#6931=DIRECTION('center_axis',(-0.780868809443225,-0.62469504755418,0.));
#6932=DIRECTION('ref_axis',(-0.62469504755418,0.780868809443225,-2.16734632863863E-16));
#6933=DIRECTION('center_axis',(0.,0.,1.));
#6934=DIRECTION('ref_axis',(1.,0.,0.));
#6935=DIRECTION('center_axis',(0.780868809443225,-0.62469504755418,0.));
#6936=DIRECTION('ref_axis',(0.62469504755418,0.780868809443225,0.));
#6937=DIRECTION('center_axis',(-0.62469504755418,0.780868809443225,0.));
#6938=DIRECTION('ref_axis',(0.780868809443225,0.62469504755418,0.));
#6939=DIRECTION('center_axis',(0.,-1.,0.));
#6940=DIRECTION('ref_axis',(0.707106781186548,0.,0.707106781186548));
#6941=DIRECTION('',(0.,1.,0.));
#6942=DIRECTION('',(0.,-1.,0.));
#6943=DIRECTION('center_axis',(1.,5.139921410302E-17,0.));
#6944=DIRECTION('ref_axis',(-3.63447328399047E-17,0.707106781186548,0.707106781186548));
#6945=DIRECTION('',(1.,5.139921410302E-17,0.));
#6946=DIRECTION('',(-1.,-5.139921410302E-17,0.));
#6947=DIRECTION('center_axis',(0.,1.,0.));
#6948=DIRECTION('ref_axis',(-0.707106781186548,0.,0.707106781186548));
#6949=DIRECTION('',(0.,1.,0.));
#6950=DIRECTION('',(0.,-1.,0.));
#6951=DIRECTION('center_axis',(-1.,-5.139921410302E-17,0.));
#6952=DIRECTION('ref_axis',(3.63447328399047E-17,-0.707106781186548,0.707106781186548));
#6953=DIRECTION('',(-1.,-5.139921410302E-17,0.));
#6954=DIRECTION('',(1.,5.139921410302E-17,0.));
#6955=DIRECTION('center_axis',(-1.,0.,0.));
#6956=DIRECTION('ref_axis',(0.,1.,0.));
#6957=DIRECTION('',(0.,0.,-1.));
#6958=DIRECTION('',(0.,-1.,0.));
#6959=DIRECTION('',(0.,0.,-1.));
#6960=DIRECTION('center_axis',(0.,0.,-1.));
#6961=DIRECTION('ref_axis',(0.,1.,0.));
#6962=DIRECTION('',(0.,0.,-1.));
#6963=DIRECTION('center_axis',(0.,0.,1.));
#6964=DIRECTION('ref_axis',(0.,1.,0.));
#6965=DIRECTION('center_axis',(-5.139921410302E-17,1.,0.));
#6966=DIRECTION('ref_axis',(1.,5.139921410302E-17,0.));
#6967=DIRECTION('',(0.,0.,-1.));
#6968=DIRECTION('',(-1.,-5.139921410302E-17,0.));
#6969=DIRECTION('',(0.,0.,-1.));
#6970=DIRECTION('',(1.,5.139921410302E-17,0.));
#6971=DIRECTION('',(0.,0.,-1.));
#6972=DIRECTION('',(-1.,-5.139921410302E-17,0.));
#6973=DIRECTION('',(0.,0.,-1.));
#6974=DIRECTION('',(1.,5.139921410302E-17,0.));
#6975=DIRECTION('',(0.,0.,-1.));
#6976=DIRECTION('',(-1.,-5.139921410302E-17,0.));
#6977=DIRECTION('center_axis',(0.,0.,-1.));
#6978=DIRECTION('ref_axis',(1.,0.,0.));
#6979=DIRECTION('',(0.,0.,-1.));
#6980=DIRECTION('center_axis',(0.,0.,1.));
#6981=DIRECTION('ref_axis',(1.,0.,0.));
#6982=DIRECTION('center_axis',(0.,0.,1.));
#6983=DIRECTION('ref_axis',(1.,0.,0.));
#6984=DIRECTION('center_axis',(0.,1.,0.));
#6985=DIRECTION('ref_axis',(-1.665334536938E-14,0.,-1.));
#6986=DIRECTION('',(0.,-1.,0.));
#6987=DIRECTION('center_axis',(0.,1.,0.));
#6988=DIRECTION('ref_axis',(-1.665334536938E-14,0.,-1.));
#6989=DIRECTION('',(0.,-1.,0.));
#6990=DIRECTION('center_axis',(0.,1.,0.));
#6991=DIRECTION('ref_axis',(-1.665334536938E-14,0.,-1.));
#6992=DIRECTION('center_axis',(0.,0.,1.));
#6993=DIRECTION('ref_axis',(1.,0.,0.));
#6994=DIRECTION('',(1.,0.,0.));
#6995=DIRECTION('',(0.,-1.,0.));
#6996=DIRECTION('',(-1.,0.,0.));
#6997=DIRECTION('',(0.,-1.,0.));
#6998=DIRECTION('center_axis',(0.,0.,1.));
#6999=DIRECTION('ref_axis',(1.,0.,0.));
#7000=DIRECTION('',(1.,0.,0.));
#7001=DIRECTION('',(0.,-1.,0.));
#7002=DIRECTION('',(-1.,0.,0.));
#7003=DIRECTION('',(0.,-1.,0.));
#7004=DIRECTION('center_axis',(0.,1.,0.));
#7005=DIRECTION('ref_axis',(0.,0.,1.));
#7006=DIRECTION('center_axis',(0.,1.,0.));
#7007=DIRECTION('ref_axis',(0.,0.,1.));
#7008=DIRECTION('',(0.,-1.,0.));
#7009=DIRECTION('center_axis',(0.,-1.,0.));
#7010=DIRECTION('ref_axis',(0.,0.,1.));
#7011=DIRECTION('center_axis',(0.,1.,0.));
#7012=DIRECTION('ref_axis',(1.,0.,-8.881784197001E-14));
#7013=DIRECTION('',(0.,-1.,0.));
#7014=DIRECTION('center_axis',(0.,1.,0.));
#7015=DIRECTION('ref_axis',(1.,0.,-8.881784197001E-14));
#7016=DIRECTION('center_axis',(0.,-1.,0.));
#7017=DIRECTION('ref_axis',(1.,0.,-8.881784197001E-14));
#7018=DIRECTION('center_axis',(0.,1.,0.));
#7019=DIRECTION('ref_axis',(1.,0.,-8.881784197001E-14));
#7020=DIRECTION('',(0.,-1.,0.));
#7021=DIRECTION('center_axis',(0.,1.,0.));
#7022=DIRECTION('ref_axis',(1.,0.,-8.881784197001E-14));
#7023=DIRECTION('center_axis',(0.,-1.,0.));
#7024=DIRECTION('ref_axis',(1.,0.,-8.881784197001E-14));
#7025=DIRECTION('center_axis',(1.,0.,1.387778780781E-15));
#7026=DIRECTION('ref_axis',(1.387778780781E-15,0.,-1.));
#7027=DIRECTION('',(1.387778780781E-15,0.,-1.));
#7028=DIRECTION('',(-1.387778780781E-15,0.,1.));
#7029=DIRECTION('',(0.,-1.,0.));
#7030=DIRECTION('',(1.387778780781E-15,0.,-1.));
#7031=DIRECTION('',(-1.387778780781E-15,0.,1.));
#7032=DIRECTION('',(0.,-1.,0.));
#7033=DIRECTION('',(1.387778780781E-15,0.,-1.));
#7034=DIRECTION('center_axis',(0.,0.,-1.));
#7035=DIRECTION('ref_axis',(-1.,0.,0.));
#7036=DIRECTION('',(-1.,0.,0.));
#7037=DIRECTION('',(-1.,0.,0.));
#7038=DIRECTION('',(0.,-1.,0.));
#7039=DIRECTION('center_axis',(0.,1.,0.));
#7040=DIRECTION('ref_axis',(0.,0.,1.));
#7041=DIRECTION('center_axis',(0.,1.,0.));
#7042=DIRECTION('ref_axis',(0.,0.,1.));
#7043=DIRECTION('',(0.,-1.,0.));
#7044=DIRECTION('center_axis',(0.,-1.,0.));
#7045=DIRECTION('ref_axis',(0.,0.,1.));
#7046=DIRECTION('center_axis',(-1.,0.,9.251858538543E-16));
#7047=DIRECTION('ref_axis',(9.251858538543E-16,0.,1.));
#7048=DIRECTION('',(9.251858538543E-16,0.,1.));
#7049=DIRECTION('',(0.,1.,0.));
#7050=DIRECTION('',(9.251858538543E-16,0.,1.));
#7051=DIRECTION('',(0.,1.,0.));
#7052=DIRECTION('',(-9.251858538543E-16,0.,-1.));
#7053=DIRECTION('',(9.251858538543E-16,0.,1.));
#7054=DIRECTION('',(0.,1.,0.));
#7055=DIRECTION('',(-9.251858538543E-16,0.,-1.));
#7056=DIRECTION('center_axis',(0.,1.,0.));
#7057=DIRECTION('ref_axis',(-1.,0.,0.));
#7058=DIRECTION('center_axis',(0.,1.,0.));
#7059=DIRECTION('ref_axis',(-1.,0.,0.));
#7060=DIRECTION('center_axis',(0.,1.,0.));
#7061=DIRECTION('ref_axis',(-1.,0.,0.));
#7062=DIRECTION('center_axis',(0.,1.,0.));
#7063=DIRECTION('ref_axis',(5.551115123126E-15,0.,-1.));
#7064=DIRECTION('',(0.,-1.,0.));
#7065=DIRECTION('center_axis',(0.,1.,0.));
#7066=DIRECTION('ref_axis',(5.551115123126E-15,0.,-1.));
#7067=DIRECTION('',(0.,-1.,0.));
#7068=DIRECTION('center_axis',(0.,1.,0.));
#7069=DIRECTION('ref_axis',(5.551115123126E-15,0.,-1.));
#7070=DIRECTION('center_axis',(0.,0.,1.));
#7071=DIRECTION('ref_axis',(1.,0.,0.));
#7072=DIRECTION('',(1.,0.,0.));
#7073=DIRECTION('',(0.,-1.,0.));
#7074=DIRECTION('',(-1.,0.,0.));
#7075=DIRECTION('',(0.,-1.,0.));
#7076=DIRECTION('center_axis',(0.,0.,1.));
#7077=DIRECTION('ref_axis',(1.,0.,0.));
#7078=DIRECTION('',(1.,0.,0.));
#7079=DIRECTION('',(0.,-1.,0.));
#7080=DIRECTION('',(-1.,0.,0.));
#7081=DIRECTION('',(0.,-1.,0.));
#7082=DIRECTION('center_axis',(0.,1.,0.));
#7083=DIRECTION('ref_axis',(0.,0.,1.));
#7084=DIRECTION('center_axis',(0.,1.,0.));
#7085=DIRECTION('ref_axis',(0.,0.,1.));
#7086=DIRECTION('',(0.,-1.,0.));
#7087=DIRECTION('center_axis',(0.,-1.,0.));
#7088=DIRECTION('ref_axis',(0.,0.,1.));
#7089=DIRECTION('center_axis',(0.,1.,0.));
#7090=DIRECTION('ref_axis',(1.,0.,-4.440892098501E-14));
#7091=DIRECTION('',(0.,-1.,0.));
#7092=DIRECTION('center_axis',(0.,1.,0.));
#7093=DIRECTION('ref_axis',(1.,0.,-4.440892098501E-14));
#7094=DIRECTION('center_axis',(0.,-1.,0.));
#7095=DIRECTION('ref_axis',(1.,0.,-4.440892098501E-14));
#7096=DIRECTION('center_axis',(0.,1.,0.));
#7097=DIRECTION('ref_axis',(1.,0.,-4.440892098501E-14));
#7098=DIRECTION('',(0.,-1.,0.));
#7099=DIRECTION('center_axis',(0.,1.,0.));
#7100=DIRECTION('ref_axis',(1.,0.,-4.440892098501E-14));
#7101=DIRECTION('center_axis',(0.,-1.,0.));
#7102=DIRECTION('ref_axis',(1.,0.,-4.440892098501E-14));
#7103=DIRECTION('center_axis',(1.,0.,0.));
#7104=DIRECTION('ref_axis',(0.,0.,-1.));
#7105=DIRECTION('',(0.,0.,-1.));
#7106=DIRECTION('',(0.,0.,1.));
#7107=DIRECTION('',(0.,-1.,0.));
#7108=DIRECTION('',(0.,0.,-1.));
#7109=DIRECTION('',(0.,0.,1.));
#7110=DIRECTION('',(0.,-1.,0.));
#7111=DIRECTION('',(0.,0.,-1.));
#7112=DIRECTION('center_axis',(-7.401486830834E-15,0.,-1.));
#7113=DIRECTION('ref_axis',(-1.,0.,7.401486830834E-15));
#7114=DIRECTION('',(-1.,0.,7.401486830834E-15));
#7115=DIRECTION('',(-1.,0.,7.401486830834E-15));
#7116=DIRECTION('',(0.,-1.,0.));
#7117=DIRECTION('center_axis',(0.,1.,0.));
#7118=DIRECTION('ref_axis',(0.,0.,1.));
#7119=DIRECTION('center_axis',(0.,1.,0.));
#7120=DIRECTION('ref_axis',(0.,0.,1.));
#7121=DIRECTION('',(0.,-1.,0.));
#7122=DIRECTION('center_axis',(0.,-1.,0.));
#7123=DIRECTION('ref_axis',(0.,0.,1.));
#7124=DIRECTION('center_axis',(-1.,0.,0.));
#7125=DIRECTION('ref_axis',(0.,0.,1.));
#7126=DIRECTION('',(0.,0.,1.));
#7127=DIRECTION('',(0.,1.,0.));
#7128=DIRECTION('',(0.,0.,1.));
#7129=DIRECTION('',(0.,1.,0.));
#7130=DIRECTION('',(0.,0.,-1.));
#7131=DIRECTION('',(0.,0.,1.));
#7132=DIRECTION('',(0.,1.,0.));
#7133=DIRECTION('',(0.,0.,-1.));
#7134=DIRECTION('center_axis',(0.,1.,0.));
#7135=DIRECTION('ref_axis',(-1.,0.,4.440892098501E-14));
#7136=DIRECTION('center_axis',(0.,1.,0.));
#7137=DIRECTION('ref_axis',(-1.,0.,4.440892098501E-14));
#7138=DIRECTION('center_axis',(0.,1.,0.));
#7139=DIRECTION('ref_axis',(-1.,0.,4.440892098501E-14));
#7140=DIRECTION('center_axis',(1.,0.,0.));
#7141=DIRECTION('ref_axis',(0.,0.,-1.));
#7142=DIRECTION('',(0.,0.,1.));
#7143=DIRECTION('',(0.,-1.,0.));
#7144=DIRECTION('',(0.,0.,-1.));
#7145=DIRECTION('',(0.,-1.,0.));
#7146=DIRECTION('center_axis',(1.,0.,0.));
#7147=DIRECTION('ref_axis',(0.,0.,-1.));
#7148=DIRECTION('',(0.,0.,1.));
#7149=DIRECTION('',(0.,-1.,0.));
#7150=DIRECTION('',(0.,0.,-1.));
#7151=DIRECTION('',(0.,-1.,0.));
#7152=DIRECTION('center_axis',(0.,1.,0.));
#7153=DIRECTION('ref_axis',(1.,0.,0.));
#7154=DIRECTION('',(0.,-1.,0.));
#7155=DIRECTION('center_axis',(0.,-1.,0.));
#7156=DIRECTION('ref_axis',(1.,0.,0.));
#7157=DIRECTION('center_axis',(0.,1.,0.));
#7158=DIRECTION('ref_axis',(1.,0.,0.));
#7159=DIRECTION('center_axis',(0.,1.,0.));
#7160=DIRECTION('ref_axis',(1.,0.,0.));
#7161=DIRECTION('',(0.,-1.,0.));
#7162=DIRECTION('center_axis',(0.,-1.,0.));
#7163=DIRECTION('ref_axis',(1.,0.,0.));
#7164=DIRECTION('center_axis',(0.,1.,0.));
#7165=DIRECTION('ref_axis',(1.,0.,0.));
#7166=DIRECTION('center_axis',(0.,1.,0.));
#7167=DIRECTION('ref_axis',(0.,0.,-1.));
#7168=DIRECTION('center_axis',(0.,-1.,0.));
#7169=DIRECTION('ref_axis',(0.,0.,-1.));
#7170=DIRECTION('',(0.,-1.,0.));
#7171=DIRECTION('center_axis',(0.,1.,0.));
#7172=DIRECTION('ref_axis',(0.,0.,-1.));
#7173=DIRECTION('center_axis',(0.,0.,1.));
#7174=DIRECTION('ref_axis',(1.,0.,0.));
#7175=DIRECTION('',(-1.,0.,0.));
#7176=DIRECTION('',(1.,0.,0.));
#7177=DIRECTION('',(0.,1.,0.));
#7178=DIRECTION('center_axis',(0.,0.,1.));
#7179=DIRECTION('ref_axis',(1.,0.,0.));
#7180=DIRECTION('',(-1.,0.,0.));
#7181=DIRECTION('',(1.,0.,0.));
#7182=DIRECTION('',(0.,1.,0.));
#7183=DIRECTION('center_axis',(0.,0.,-1.));
#7184=DIRECTION('ref_axis',(-1.,0.,0.));
#7185=DIRECTION('',(1.,0.,0.));
#7186=DIRECTION('',(0.,-1.,0.));
#7187=DIRECTION('',(-1.,0.,0.));
#7188=DIRECTION('center_axis',(0.,1.,0.));
#7189=DIRECTION('ref_axis',(2.22044604925E-14,0.,1.));
#7190=DIRECTION('',(0.,-1.,0.));
#7191=DIRECTION('center_axis',(0.,-1.,0.));
#7192=DIRECTION('ref_axis',(2.22044604925E-14,0.,1.));
#7193=DIRECTION('center_axis',(0.,1.,0.));
#7194=DIRECTION('ref_axis',(2.22044604925E-14,0.,1.));
#7195=DIRECTION('center_axis',(0.,1.,0.));
#7196=DIRECTION('ref_axis',(2.22044604925E-14,0.,1.));
#7197=DIRECTION('',(0.,-1.,0.));
#7198=DIRECTION('center_axis',(0.,-1.,0.));
#7199=DIRECTION('ref_axis',(2.22044604925E-14,0.,1.));
#7200=DIRECTION('center_axis',(0.,1.,0.));
#7201=DIRECTION('ref_axis',(2.22044604925E-14,0.,1.));
#7202=DIRECTION('center_axis',(0.,1.,0.));
#7203=DIRECTION('ref_axis',(-1.,0.,0.));
#7204=DIRECTION('center_axis',(0.,-1.,0.));
#7205=DIRECTION('ref_axis',(-1.,0.,0.));
#7206=DIRECTION('',(0.,-1.,0.));
#7207=DIRECTION('center_axis',(0.,1.,0.));
#7208=DIRECTION('ref_axis',(-1.,0.,0.));
#7209=DIRECTION('center_axis',(-1.,0.,9.251840064879E-16));
#7210=DIRECTION('ref_axis',(9.251840064879E-16,0.,1.));
#7211=DIRECTION('',(-9.251840064879E-16,0.,-1.));
#7212=DIRECTION('',(9.251840064879E-16,0.,1.));
#7213=DIRECTION('center_axis',(-1.,0.,9.251840064879E-16));
#7214=DIRECTION('ref_axis',(9.251840064879E-16,0.,1.));
#7215=DIRECTION('',(-9.251840064879E-16,0.,-1.));
#7216=DIRECTION('',(9.251840064879E-16,0.,1.));
#7217=DIRECTION('',(0.,-1.,0.));
#7218=DIRECTION('center_axis',(0.,1.,0.));
#7219=DIRECTION('ref_axis',(-1.,0.,0.));
#7220=DIRECTION('',(0.,-1.,0.));
#7221=DIRECTION('center_axis',(0.,-1.,0.));
#7222=DIRECTION('ref_axis',(-1.,0.,0.));
#7223=DIRECTION('center_axis',(0.,1.,0.));
#7224=DIRECTION('ref_axis',(-1.,0.,0.));
#7225=DIRECTION('center_axis',(0.,0.,-1.));
#7226=DIRECTION('ref_axis',(-1.,0.,0.));
#7227=DIRECTION('',(1.,0.,0.));
#7228=DIRECTION('',(-1.,0.,0.));
#7229=DIRECTION('',(0.,-1.,0.));
#7230=DIRECTION('center_axis',(0.,1.,0.));
#7231=DIRECTION('ref_axis',(0.,0.,-1.));
#7232=DIRECTION('center_axis',(0.,-1.,0.));
#7233=DIRECTION('ref_axis',(0.,0.,-1.));
#7234=DIRECTION('center_axis',(0.,1.,0.));
#7235=DIRECTION('ref_axis',(0.,0.,-1.));
#7236=DIRECTION('center_axis',(1.,0.,9.251858538543E-16));
#7237=DIRECTION('ref_axis',(9.251858538543E-16,0.,-1.));
#7238=DIRECTION('',(-9.251858538543E-16,0.,1.));
#7239=DIRECTION('',(0.,-1.,0.));
#7240=DIRECTION('',(9.251858538543E-16,0.,-1.));
#7241=DIRECTION('',(0.,-1.,0.));
#7242=DIRECTION('center_axis',(1.,0.,9.251858538543E-16));
#7243=DIRECTION('ref_axis',(9.251858538543E-16,0.,-1.));
#7244=DIRECTION('',(-9.251858538543E-16,0.,1.));
#7245=DIRECTION('',(0.,-1.,0.));
#7246=DIRECTION('',(9.251858538543E-16,0.,-1.));
#7247=DIRECTION('',(0.,-1.,0.));
#7248=DIRECTION('center_axis',(0.,1.,0.));
#7249=DIRECTION('ref_axis',(1.,0.,0.));
#7250=DIRECTION('',(0.,-1.,0.));
#7251=DIRECTION('center_axis',(0.,-1.,0.));
#7252=DIRECTION('ref_axis',(1.,0.,0.));
#7253=DIRECTION('center_axis',(0.,1.,0.));
#7254=DIRECTION('ref_axis',(1.,0.,0.));
#7255=DIRECTION('center_axis',(0.,1.,0.));
#7256=DIRECTION('ref_axis',(1.,0.,0.));
#7257=DIRECTION('',(0.,-1.,0.));
#7258=DIRECTION('center_axis',(0.,-1.,0.));
#7259=DIRECTION('ref_axis',(1.,0.,0.));
#7260=DIRECTION('center_axis',(0.,1.,0.));
#7261=DIRECTION('ref_axis',(1.,0.,0.));
#7262=DIRECTION('center_axis',(0.,1.,0.));
#7263=DIRECTION('ref_axis',(0.,0.,-1.));
#7264=DIRECTION('center_axis',(0.,-1.,0.));
#7265=DIRECTION('ref_axis',(0.,0.,-1.));
#7266=DIRECTION('',(0.,-1.,0.));
#7267=DIRECTION('center_axis',(0.,1.,0.));
#7268=DIRECTION('ref_axis',(0.,0.,-1.));
#7269=DIRECTION('center_axis',(0.,0.,1.));
#7270=DIRECTION('ref_axis',(1.,0.,0.));
#7271=DIRECTION('',(-1.,0.,0.));
#7272=DIRECTION('',(1.,0.,0.));
#7273=DIRECTION('',(0.,1.,0.));
#7274=DIRECTION('center_axis',(0.,0.,1.));
#7275=DIRECTION('ref_axis',(1.,0.,0.));
#7276=DIRECTION('',(-1.,0.,0.));
#7277=DIRECTION('',(1.,0.,0.));
#7278=DIRECTION('',(0.,1.,0.));
#7279=DIRECTION('center_axis',(0.,0.,-1.));
#7280=DIRECTION('ref_axis',(-1.,0.,0.));
#7281=DIRECTION('',(1.,0.,0.));
#7282=DIRECTION('',(0.,-1.,0.));
#7283=DIRECTION('',(-1.,0.,0.));
#7284=DIRECTION('center_axis',(0.,1.,0.));
#7285=DIRECTION('ref_axis',(0.,0.,1.));
#7286=DIRECTION('',(0.,-1.,0.));
#7287=DIRECTION('center_axis',(0.,-1.,0.));
#7288=DIRECTION('ref_axis',(0.,0.,1.));
#7289=DIRECTION('center_axis',(0.,1.,0.));
#7290=DIRECTION('ref_axis',(0.,0.,1.));
#7291=DIRECTION('center_axis',(0.,1.,0.));
#7292=DIRECTION('ref_axis',(0.,0.,1.));
#7293=DIRECTION('',(0.,-1.,0.));
#7294=DIRECTION('center_axis',(0.,-1.,0.));
#7295=DIRECTION('ref_axis',(0.,0.,1.));
#7296=DIRECTION('center_axis',(0.,1.,0.));
#7297=DIRECTION('ref_axis',(0.,0.,1.));
#7298=DIRECTION('center_axis',(0.,1.,0.));
#7299=DIRECTION('ref_axis',(-1.,0.,0.));
#7300=DIRECTION('center_axis',(0.,-1.,0.));
#7301=DIRECTION('ref_axis',(-1.,0.,0.));
#7302=DIRECTION('',(0.,-1.,0.));
#7303=DIRECTION('center_axis',(0.,1.,0.));
#7304=DIRECTION('ref_axis',(-1.,0.,0.));
#7305=DIRECTION('center_axis',(-1.,0.,9.251858538543E-16));
#7306=DIRECTION('ref_axis',(9.251858538543E-16,0.,1.));
#7307=DIRECTION('',(-9.251858538543E-16,0.,-1.));
#7308=DIRECTION('',(9.251858538543E-16,0.,1.));
#7309=DIRECTION('center_axis',(-1.,0.,9.251858538543E-16));
#7310=DIRECTION('ref_axis',(9.251858538543E-16,0.,1.));
#7311=DIRECTION('',(-9.251858538543E-16,0.,-1.));
#7312=DIRECTION('',(9.251858538543E-16,0.,1.));
#7313=DIRECTION('',(0.,-1.,0.));
#7314=DIRECTION('center_axis',(0.,1.,0.));
#7315=DIRECTION('ref_axis',(-1.,0.,0.));
#7316=DIRECTION('',(0.,-1.,0.));
#7317=DIRECTION('center_axis',(0.,-1.,0.));
#7318=DIRECTION('ref_axis',(-1.,0.,0.));
#7319=DIRECTION('center_axis',(0.,1.,0.));
#7320=DIRECTION('ref_axis',(-1.,0.,0.));
#7321=DIRECTION('center_axis',(0.,0.,-1.));
#7322=DIRECTION('ref_axis',(-1.,0.,0.));
#7323=DIRECTION('',(1.,0.,0.));
#7324=DIRECTION('',(-1.,0.,0.));
#7325=DIRECTION('',(0.,-1.,0.));
#7326=DIRECTION('center_axis',(0.,1.,0.));
#7327=DIRECTION('ref_axis',(0.,0.,-1.));
#7328=DIRECTION('center_axis',(0.,-1.,0.));
#7329=DIRECTION('ref_axis',(0.,0.,-1.));
#7330=DIRECTION('center_axis',(0.,1.,0.));
#7331=DIRECTION('ref_axis',(0.,0.,-1.));
#7332=DIRECTION('center_axis',(0.,0.,-1.));
#7333=DIRECTION('ref_axis',(-1.,0.,0.));
#7334=DIRECTION('',(-1.,0.,0.));
#7335=DIRECTION('',(0.,-1.,0.));
#7336=DIRECTION('',(1.,0.,0.));
#7337=DIRECTION('center_axis',(0.,0.,-1.));
#7338=DIRECTION('ref_axis',(-1.,0.,0.));
#7339=DIRECTION('',(-1.,0.,0.));
#7340=DIRECTION('',(0.,-1.,0.));
#7341=DIRECTION('',(1.,0.,0.));
#7342=DIRECTION('center_axis',(0.,0.,-1.));
#7343=DIRECTION('ref_axis',(-1.,0.,0.));
#7344=DIRECTION('',(1.,0.,0.));
#7345=DIRECTION('',(0.,1.,0.));
#7346=DIRECTION('',(-1.,0.,0.));
#7347=DIRECTION('center_axis',(0.,0.,-1.));
#7348=DIRECTION('ref_axis',(-1.,0.,0.));
#7349=DIRECTION('',(-1.,0.,0.));
#7350=DIRECTION('',(0.,-1.,0.));
#7351=DIRECTION('',(1.,0.,0.));
#7352=DIRECTION('center_axis',(0.,0.,-1.));
#7353=DIRECTION('ref_axis',(-1.,0.,0.));
#7354=DIRECTION('',(-1.,0.,0.));
#7355=DIRECTION('',(0.,-1.,0.));
#7356=DIRECTION('',(1.,0.,0.));
#7357=DIRECTION('center_axis',(0.,0.,-1.));
#7358=DIRECTION('ref_axis',(-1.,0.,0.));
#7359=DIRECTION('',(1.,0.,0.));
#7360=DIRECTION('',(0.,1.,0.));
#7361=DIRECTION('',(-1.,0.,0.));
#7362=DIRECTION('center_axis',(0.,1.,0.));
#7363=DIRECTION('ref_axis',(1.,0.,0.));
#7364=DIRECTION('',(0.,0.,-1.));
#7365=DIRECTION('',(1.,0.,0.));
#7366=DIRECTION('',(0.,0.,-1.));
#7367=DIRECTION('center_axis',(0.,-1.,0.));
#7368=DIRECTION('ref_axis',(-1.,0.,0.));
#7369=DIRECTION('',(0.,0.,-1.));
#7370=DIRECTION('',(1.,0.,0.));
#7371=DIRECTION('',(0.,0.,-1.));
#7372=DIRECTION('',(1.,0.,0.));
#7373=DIRECTION('center_axis',(0.,1.,0.));
#7374=DIRECTION('ref_axis',(1.,0.,0.));
#7375=DIRECTION('',(0.,0.,-1.));
#7376=DIRECTION('',(1.,0.,0.));
#7377=DIRECTION('',(0.,0.,-1.));
#7378=DIRECTION('center_axis',(0.,-1.,0.));
#7379=DIRECTION('ref_axis',(-1.,0.,0.));
#7380=DIRECTION('',(0.,0.,-1.));
#7381=DIRECTION('',(1.,0.,0.));
#7382=DIRECTION('',(0.,0.,-1.));
#7383=DIRECTION('',(1.,0.,0.));
#7384=DIRECTION('center_axis',(0.,-1.,0.));
#7385=DIRECTION('ref_axis',(-1.,0.,0.));
#7386=DIRECTION('',(-1.,0.,0.));
#7387=DIRECTION('',(0.,0.,-1.));
#7388=DIRECTION('',(-1.,0.,0.));
#7389=DIRECTION('',(0.,0.,-1.));
#7390=DIRECTION('center_axis',(0.,0.,-1.));
#7391=DIRECTION('ref_axis',(-1.,0.,0.));
#7392=DIRECTION('',(0.,1.,0.));
#7393=DIRECTION('center_axis',(0.,-1.,0.));
#7394=DIRECTION('ref_axis',(-1.,0.,0.));
#7395=DIRECTION('',(-1.,0.,0.));
#7396=DIRECTION('',(0.,0.,-1.));
#7397=DIRECTION('',(-1.,0.,0.));
#7398=DIRECTION('',(0.,0.,-1.));
#7399=DIRECTION('center_axis',(0.,0.,-1.));
#7400=DIRECTION('ref_axis',(-1.,0.,0.));
#7401=DIRECTION('',(0.,1.,0.));
#7402=DIRECTION('center_axis',(0.,0.,-1.));
#7403=DIRECTION('ref_axis',(-1.,0.,0.));
#7404=DIRECTION('center_axis',(0.,0.,-1.));
#7405=DIRECTION('ref_axis',(1.,0.,0.));
#7406=DIRECTION('',(1.,6.938893903907E-16,0.));
#7407=DIRECTION('center_axis',(0.,0.,1.));
#7408=DIRECTION('ref_axis',(-1.,-1.665334536938E-14,0.));
#7409=DIRECTION('',(0.,-1.,0.));
#7410=DIRECTION('center_axis',(0.,0.,-1.));
#7411=DIRECTION('ref_axis',(1.,-2.22044604925E-15,0.));
#7412=DIRECTION('',(0.707106781186548,-0.707106781186548,0.));
#7413=DIRECTION('center_axis',(0.,0.,-1.));
#7414=DIRECTION('ref_axis',(0.707106781186548,0.707106781186548,0.));
#7415=DIRECTION('',(1.,0.,0.));
#7416=DIRECTION('center_axis',(0.,0.,-1.));
#7417=DIRECTION('ref_axis',(0.,1.,0.));
#7418=DIRECTION('',(0.707106781186548,0.707106781186548,0.));
#7419=DIRECTION('center_axis',(0.,0.,-1.));
#7420=DIRECTION('ref_axis',(-0.707106781186548,0.707106781186548,0.));
#7421=DIRECTION('',(0.,1.,0.));
#7422=DIRECTION('center_axis',(0.,0.,1.));
#7423=DIRECTION('ref_axis',(0.,-1.,0.));
#7424=DIRECTION('',(1.,-6.938893903907E-16,0.));
#7425=DIRECTION('center_axis',(0.,0.,-1.));
#7426=DIRECTION('ref_axis',(0.,1.,0.));
#7427=DIRECTION('center_axis',(0.,0.,-1.));
#7428=DIRECTION('ref_axis',(-1.,0.,0.));
#7429=DIRECTION('',(-1.,0.,0.));
#7430=DIRECTION('center_axis',(0.,0.,1.));
#7431=DIRECTION('ref_axis',(1.,-1.110223024625E-14,0.));
#7432=DIRECTION('',(0.,1.,0.));
#7433=DIRECTION('center_axis',(0.,0.,-1.));
#7434=DIRECTION('ref_axis',(-1.,0.,0.));
#7435=DIRECTION('',(-1.,0.,0.));
#7436=DIRECTION('center_axis',(0.,0.,-1.));
#7437=DIRECTION('ref_axis',(2.22044604925E-15,-1.,0.));
#7438=DIRECTION('',(0.,-1.,0.));
#7439=DIRECTION('center_axis',(0.,0.,1.));
#7440=DIRECTION('ref_axis',(0.,1.,0.));
#7441=DIRECTION('',(-1.,0.,0.));
#7442=DIRECTION('center_axis',(0.,0.,-1.));
#7443=DIRECTION('ref_axis',(0.,-1.,0.));
#7444=DIRECTION('',(0.,-1.,0.));
#7445=DIRECTION('',(0.,1.,0.));
#7446=DIRECTION('',(1.,5.139921410302E-17,0.));
#7447=DIRECTION('center_axis',(0.,0.,1.));
#7448=DIRECTION('ref_axis',(-1.,-5.551115123126E-15,0.));
#7449=DIRECTION('',(0.,1.,0.));
#7450=DIRECTION('',(0.,-1.,0.));
#7451=DIRECTION('',(0.,1.,0.));
#7452=DIRECTION('',(0.,-1.,0.));
#7453=DIRECTION('',(0.,1.,0.));
#7454=DIRECTION('center_axis',(0.,0.,1.));
#7455=DIRECTION('ref_axis',(0.,-1.,0.));
#7456=DIRECTION('',(1.,5.139921410302E-17,0.));
#7457=DIRECTION('',(0.,-1.,0.));
#7458=DIRECTION('',(0.,1.,0.));
#7459=DIRECTION('',(1.,5.139921410302E-17,0.));
#7460=DIRECTION('center_axis',(1.,0.,0.));
#7461=DIRECTION('ref_axis',(0.,-1.,0.));
#7462=DIRECTION('',(0.,0.,-1.));
#7463=DIRECTION('center_axis',(-1.,0.,0.));
#7464=DIRECTION('ref_axis',(0.,1.,0.));
#7465=DIRECTION('',(0.,0.,-1.));
#7466=DIRECTION('',(0.,-1.,0.));
#7467=DIRECTION('center_axis',(0.,1.,0.));
#7468=DIRECTION('ref_axis',(1.,0.,0.));
#7469=DIRECTION('',(0.,0.,-1.));
#7470=DIRECTION('',(-1.,0.,0.));
#7471=DIRECTION('center_axis',(1.,-1.110223024625E-15,0.));
#7472=DIRECTION('ref_axis',(-1.110223024625E-15,-1.,0.));
#7473=DIRECTION('',(1.110223024625E-15,1.,0.));
#7474=DIRECTION('center_axis',(-1.,1.110223024625E-15,0.));
#7475=DIRECTION('ref_axis',(1.110223024625E-15,1.,0.));
#7476=DIRECTION('',(0.,0.,-1.));
#7477=DIRECTION('',(-1.110223024625E-15,-1.,0.));
#7478=DIRECTION('center_axis',(0.,1.,0.));
#7479=DIRECTION('ref_axis',(1.,0.,0.));
#7480=DIRECTION('',(0.,0.,-1.));
#7481=DIRECTION('',(-1.,0.,0.));
#7482=DIRECTION('center_axis',(1.,0.,0.));
#7483=DIRECTION('ref_axis',(0.,-1.,0.));
#7484=DIRECTION('',(0.,1.,0.));
#7485=DIRECTION('center_axis',(1.,0.,0.));
#7486=DIRECTION('ref_axis',(0.,-1.,0.));
#7487=DIRECTION('',(0.,1.,0.));
#7488=DIRECTION('',(0.,0.,-1.));
#7489=DIRECTION('center_axis',(-1.,0.,0.));
#7490=DIRECTION('ref_axis',(0.,1.,0.));
#7491=DIRECTION('',(0.,0.,-1.));
#7492=DIRECTION('',(0.,-1.,0.));
#7493=DIRECTION('center_axis',(1.,0.,0.));
#7494=DIRECTION('ref_axis',(0.,-1.,0.));
#7495=DIRECTION('',(0.,1.,0.));
#7496=DIRECTION('',(0.,0.,-1.));
#7497=DIRECTION('center_axis',(-1.,0.,0.));
#7498=DIRECTION('ref_axis',(0.,1.,0.));
#7499=DIRECTION('',(0.,0.,-1.));
#7500=DIRECTION('',(0.,-1.,0.));
#7501=DIRECTION('center_axis',(0.,0.,1.));
#7502=DIRECTION('ref_axis',(1.,0.,0.));
#7503=DIRECTION('center_axis',(0.,0.,1.));
#7504=DIRECTION('ref_axis',(1.,0.,0.));
#7505=DIRECTION('',(-1.,-5.139921410302E-17,0.));
#7506=DIRECTION('center_axis',(0.,0.,1.));
#7507=DIRECTION('ref_axis',(1.,0.,0.));
#7508=DIRECTION('',(-1.,-5.139921410302E-17,0.));
#7509=DIRECTION('center_axis',(0.,0.,1.));
#7510=DIRECTION('ref_axis',(1.,0.,0.));
#7511=DIRECTION('center_axis',(0.,0.,-1.));
#7512=DIRECTION('ref_axis',(-1.,-5.551115123126E-15,0.));
#7513=DIRECTION('',(0.,0.,-1.));
#7514=DIRECTION('center_axis',(5.139921410302E-17,-1.,0.));
#7515=DIRECTION('ref_axis',(-1.,-5.139921410302E-17,0.));
#7516=DIRECTION('',(0.,0.,-1.));
#7517=DIRECTION('center_axis',(0.,0.,-1.));
#7518=DIRECTION('ref_axis',(0.,-1.,0.));
#7519=DIRECTION('center_axis',(0.,0.,-1.));
#7520=DIRECTION('ref_axis',(0.,1.,0.));
#7521=DIRECTION('',(0.,0.,-1.));
#7522=DIRECTION('center_axis',(0.,0.,-1.));
#7523=DIRECTION('ref_axis',(0.,1.,0.));
#7524=DIRECTION('center_axis',(-6.938893903907E-16,-1.,0.));
#7525=DIRECTION('ref_axis',(-1.,6.938893903907E-16,0.));
#7526=DIRECTION('',(0.,0.,-1.));
#7527=DIRECTION('',(1.,-6.938893903907E-16,0.));
#7528=DIRECTION('center_axis',(0.,0.,-1.));
#7529=DIRECTION('ref_axis',(0.,-1.,0.));
#7530=DIRECTION('',(0.,0.,-1.));
#7531=DIRECTION('center_axis',(0.,0.,1.));
#7532=DIRECTION('ref_axis',(0.,-1.,0.));
#7533=DIRECTION('center_axis',(1.,0.,0.));
#7534=DIRECTION('ref_axis',(0.,-1.,0.));
#7535=DIRECTION('',(0.,0.,-1.));
#7536=DIRECTION('',(0.,1.,0.));
#7537=DIRECTION('center_axis',(0.,0.,-1.));
#7538=DIRECTION('ref_axis',(-0.707106781186548,0.707106781186548,0.));
#7539=DIRECTION('',(0.,0.,-1.));
#7540=DIRECTION('center_axis',(0.,0.,-1.));
#7541=DIRECTION('ref_axis',(-0.707106781186548,0.707106781186548,0.));
#7542=DIRECTION('center_axis',(0.707106781186548,-0.707106781186548,0.));
#7543=DIRECTION('ref_axis',(-0.707106781186548,-0.707106781186548,0.));
#7544=DIRECTION('',(0.,0.,-1.));
#7545=DIRECTION('',(0.707106781186548,0.707106781186548,0.));
#7546=DIRECTION('center_axis',(0.,0.,-1.));
#7547=DIRECTION('ref_axis',(0.,1.,0.));
#7548=DIRECTION('',(0.,0.,-1.));
#7549=DIRECTION('center_axis',(0.,0.,-1.));
#7550=DIRECTION('ref_axis',(0.,1.,0.));
#7551=DIRECTION('center_axis',(0.,-1.,0.));
#7552=DIRECTION('ref_axis',(-1.,0.,0.));
#7553=DIRECTION('',(0.,0.,-1.));
#7554=DIRECTION('',(1.,0.,0.));
#7555=DIRECTION('center_axis',(0.,0.,-1.));
#7556=DIRECTION('ref_axis',(0.707106781186548,0.707106781186548,0.));
#7557=DIRECTION('',(0.,0.,-1.));
#7558=DIRECTION('center_axis',(0.,0.,-1.));
#7559=DIRECTION('ref_axis',(0.707106781186548,0.707106781186548,0.));
#7560=DIRECTION('center_axis',(-0.707106781186548,-0.707106781186548,0.));
#7561=DIRECTION('ref_axis',(-0.707106781186548,0.707106781186548,0.));
#7562=DIRECTION('',(0.,0.,-1.));
#7563=DIRECTION('',(0.707106781186548,-0.707106781186548,0.));
#7564=DIRECTION('center_axis',(0.,0.,-1.));
#7565=DIRECTION('ref_axis',(1.,-2.22044604925E-15,0.));
#7566=DIRECTION('',(0.,0.,-1.));
#7567=DIRECTION('center_axis',(0.,0.,-1.));
#7568=DIRECTION('ref_axis',(1.,-2.22044604925E-15,0.));
#7569=DIRECTION('center_axis',(-1.,0.,0.));
#7570=DIRECTION('ref_axis',(0.,1.,0.));
#7571=DIRECTION('',(0.,0.,-1.));
#7572=DIRECTION('',(0.,-1.,0.));
#7573=DIRECTION('center_axis',(0.,0.,-1.));
#7574=DIRECTION('ref_axis',(-1.,-1.665334536938E-14,0.));
#7575=DIRECTION('',(0.,0.,-1.));
#7576=DIRECTION('center_axis',(0.,0.,1.));
#7577=DIRECTION('ref_axis',(-1.,-1.665334536938E-14,0.));
#7578=DIRECTION('center_axis',(6.938893903907E-16,-1.,0.));
#7579=DIRECTION('ref_axis',(-1.,-6.938893903907E-16,0.));
#7580=DIRECTION('',(0.,0.,-1.));
#7581=DIRECTION('',(1.,6.938893903907E-16,0.));
#7582=DIRECTION('center_axis',(0.,0.,-1.));
#7583=DIRECTION('ref_axis',(1.,0.,0.));
#7584=DIRECTION('center_axis',(0.,0.,-1.));
#7585=DIRECTION('ref_axis',(1.,0.,0.));
#7586=DIRECTION('center_axis',(0.,0.,-1.));
#7587=DIRECTION('ref_axis',(0.,-1.,0.));
#7588=DIRECTION('',(0.,0.,-1.));
#7589=DIRECTION('center_axis',(0.,0.,-1.));
#7590=DIRECTION('ref_axis',(0.,-1.,0.));
#7591=DIRECTION('center_axis',(0.,1.,0.));
#7592=DIRECTION('ref_axis',(1.,0.,0.));
#7593=DIRECTION('',(0.,0.,-1.));
#7594=DIRECTION('',(-1.,0.,0.));
#7595=DIRECTION('center_axis',(0.,0.,-1.));
#7596=DIRECTION('ref_axis',(0.,1.,0.));
#7597=DIRECTION('',(0.,0.,-1.));
#7598=DIRECTION('center_axis',(0.,0.,1.));
#7599=DIRECTION('ref_axis',(0.,1.,0.));
#7600=DIRECTION('center_axis',(-1.,0.,0.));
#7601=DIRECTION('ref_axis',(0.,1.,0.));
#7602=DIRECTION('',(0.,0.,-1.));
#7603=DIRECTION('',(0.,-1.,0.));
#7604=DIRECTION('center_axis',(0.,0.,-1.));
#7605=DIRECTION('ref_axis',(2.22044604925E-15,-1.,0.));
#7606=DIRECTION('',(0.,0.,-1.));
#7607=DIRECTION('center_axis',(0.,0.,-1.));
#7608=DIRECTION('ref_axis',(2.22044604925E-15,-1.,0.));
#7609=DIRECTION('center_axis',(0.,1.,0.));
#7610=DIRECTION('ref_axis',(1.,0.,0.));
#7611=DIRECTION('',(0.,0.,-1.));
#7612=DIRECTION('',(-1.,0.,0.));
#7613=DIRECTION('center_axis',(0.,0.,-1.));
#7614=DIRECTION('ref_axis',(-1.,0.,0.));
#7615=DIRECTION('',(0.,0.,-1.));
#7616=DIRECTION('center_axis',(0.,0.,-1.));
#7617=DIRECTION('ref_axis',(-1.,0.,0.));
#7618=DIRECTION('center_axis',(1.,0.,0.));
#7619=DIRECTION('ref_axis',(0.,-1.,0.));
#7620=DIRECTION('',(0.,0.,-1.));
#7621=DIRECTION('',(0.,1.,0.));
#7622=DIRECTION('center_axis',(0.,0.,-1.));
#7623=DIRECTION('ref_axis',(1.,-1.110223024625E-14,0.));
#7624=DIRECTION('',(0.,0.,-1.));
#7625=DIRECTION('center_axis',(0.,0.,1.));
#7626=DIRECTION('ref_axis',(1.,-1.110223024625E-14,0.));
#7627=DIRECTION('center_axis',(0.,1.,0.));
#7628=DIRECTION('ref_axis',(1.,0.,0.));
#7629=DIRECTION('',(0.,0.,-1.));
#7630=DIRECTION('',(-1.,0.,0.));
#7631=DIRECTION('center_axis',(0.,0.,-1.));
#7632=DIRECTION('ref_axis',(-1.,0.,0.));
#7633=DIRECTION('center_axis',(0.,0.,-1.));
#7634=DIRECTION('ref_axis',(-1.,0.,0.));
#7635=DIRECTION('center_axis',(-1.,0.,0.));
#7636=DIRECTION('ref_axis',(0.,1.,0.));
#7637=DIRECTION('',(0.,1.,0.));
#7638=DIRECTION('',(0.,0.,-1.));
#7639=DIRECTION('',(0.,1.,0.));
#7640=DIRECTION('',(0.,0.,-1.));
#7641=DIRECTION('center_axis',(0.,-1.,0.));
#7642=DIRECTION('ref_axis',(-1.,0.,0.));
#7643=DIRECTION('',(-1.,0.,0.));
#7644=DIRECTION('',(-1.,0.,0.));
#7645=DIRECTION('',(0.,0.,-1.));
#7646=DIRECTION('center_axis',(1.,0.,0.));
#7647=DIRECTION('ref_axis',(0.,-1.,0.));
#7648=DIRECTION('',(0.,-1.,0.));
#7649=DIRECTION('',(0.,-1.,0.));
#7650=DIRECTION('',(0.,0.,-1.));
#7651=DIRECTION('center_axis',(0.,1.,0.));
#7652=DIRECTION('ref_axis',(1.,0.,0.));
#7653=DIRECTION('',(1.,0.,0.));
#7654=DIRECTION('',(1.,0.,0.));
#7655=DIRECTION('center_axis',(0.,0.,1.));
#7656=DIRECTION('ref_axis',(1.,0.,0.));
#7657=DIRECTION('center_axis',(0.,0.,1.));
#7658=DIRECTION('ref_axis',(1.,0.,0.));
#7659=DIRECTION('center_axis',(0.,-1.,0.));
#7660=DIRECTION('ref_axis',(-0.111111111110991,0.,0.99380798999992));
#7661=DIRECTION('',(0.,1.,0.));
#7662=DIRECTION('center_axis',(0.,-1.,0.));
#7663=DIRECTION('ref_axis',(-0.111111111110991,0.,0.99380798999992));
#7664=DIRECTION('',(0.,1.,0.));
#7665=DIRECTION('center_axis',(0.,1.,0.));
#7666=DIRECTION('ref_axis',(-0.111111111110991,0.,0.99380798999992));
#7667=DIRECTION('center_axis',(0.,1.,0.));
#7668=DIRECTION('ref_axis',(0.111111111110991,0.,0.99380798999992));
#7669=DIRECTION('',(0.,-1.,0.));
#7670=DIRECTION('center_axis',(0.,1.,0.));
#7671=DIRECTION('ref_axis',(0.111111111110991,0.,0.99380798999992));
#7672=DIRECTION('',(0.,-1.,0.));
#7673=DIRECTION('center_axis',(0.,-1.,0.));
#7674=DIRECTION('ref_axis',(0.111111111110991,0.,0.99380798999992));
#7675=DIRECTION('',(-1.,0.,0.));
#7676=DIRECTION('',(-1.,0.,0.));
#7677=DIRECTION('',(-1.,0.,0.));
#7678=DIRECTION('center_axis',(-1.,0.,0.));
#7679=DIRECTION('ref_axis',(0.,0.,1.));
#7680=DIRECTION('center_axis',(1.,0.,0.));
#7681=DIRECTION('ref_axis',(0.,0.,-1.));
#7682=DIRECTION('center_axis',(1.,0.,0.));
#7683=DIRECTION('ref_axis',(0.,0.,-1.));
#7684=DIRECTION('',(0.,0.,1.));
#7685=DIRECTION('',(0.,1.,0.));
#7686=DIRECTION('',(0.,0.,-1.));
#7687=DIRECTION('',(0.,-1.,0.));
#7688=DIRECTION('',(0.,0.,-1.));
#7689=DIRECTION('center_axis',(0.,-1.,0.));
#7690=DIRECTION('ref_axis',(0.,0.,-1.));
#7691=DIRECTION('',(1.,0.,0.));
#7692=DIRECTION('',(0.,0.,-1.));
#7693=DIRECTION('',(1.,0.,0.));
#7694=DIRECTION('center_axis',(0.,0.,1.));
#7695=DIRECTION('ref_axis',(0.,-1.,0.));
#7696=DIRECTION('',(1.,0.,0.));
#7697=DIRECTION('',(0.,-1.,0.));
#7698=DIRECTION('center_axis',(0.,-1.,0.));
#7699=DIRECTION('ref_axis',(0.,0.,-1.));
#7700=DIRECTION('',(1.,0.,0.));
#7701=DIRECTION('',(0.,0.,-1.));
#7702=DIRECTION('center_axis',(0.,0.,-1.));
#7703=DIRECTION('ref_axis',(0.,1.,0.));
#7704=DIRECTION('',(1.,0.,0.));
#7705=DIRECTION('',(0.,1.,0.));
#7706=DIRECTION('',(1.,0.,0.));
#7707=DIRECTION('',(1.,0.,0.));
#7708=DIRECTION('center_axis',(0.,1.,0.));
#7709=DIRECTION('ref_axis',(0.,0.,1.));
#7710=DIRECTION('',(0.,0.,1.));
#7711=DIRECTION('center_axis',(1.,0.,0.));
#7712=DIRECTION('ref_axis',(0.,0.,-1.));
#7713=DIRECTION('center_axis',(0.,1.,0.));
#7714=DIRECTION('ref_axis',(0.428571428571176,0.,0.903507902905371));
#7715=DIRECTION('',(0.,-1.,0.));
#7716=DIRECTION('center_axis',(0.,1.,0.));
#7717=DIRECTION('ref_axis',(0.428571428571176,0.,0.903507902905371));
#7718=DIRECTION('',(0.,-1.,0.));
#7719=DIRECTION('center_axis',(0.,-1.,0.));
#7720=DIRECTION('ref_axis',(0.428571428571176,0.,0.903507902905371));
#7721=DIRECTION('center_axis',(0.,-1.,0.));
#7722=DIRECTION('ref_axis',(-0.428571428571176,0.,0.903507902905371));
#7723=DIRECTION('',(0.,1.,0.));
#7724=DIRECTION('center_axis',(0.,-1.,0.));
#7725=DIRECTION('ref_axis',(-0.428571428571176,0.,0.903507902905371));
#7726=DIRECTION('',(0.,1.,0.));
#7727=DIRECTION('center_axis',(0.,1.,0.));
#7728=DIRECTION('ref_axis',(-0.428571428571176,0.,0.903507902905371));
#7729=DIRECTION('',(-1.,0.,0.));
#7730=DIRECTION('',(-1.,0.,0.));
#7731=DIRECTION('',(-1.,0.,0.));
#7732=DIRECTION('center_axis',(-1.,0.,0.));
#7733=DIRECTION('ref_axis',(0.,0.,1.));
#7734=DIRECTION('center_axis',(1.,0.,0.));
#7735=DIRECTION('ref_axis',(0.,0.,-1.));
#7736=DIRECTION('center_axis',(1.,0.,0.));
#7737=DIRECTION('ref_axis',(0.,0.,-1.));
#7738=DIRECTION('',(0.,0.,-1.));
#7739=DIRECTION('',(0.,-1.,0.));
#7740=DIRECTION('',(0.,0.,-1.));
#7741=DIRECTION('',(0.,1.,0.));
#7742=DIRECTION('',(0.,0.,1.));
#7743=DIRECTION('center_axis',(1.,0.,0.));
#7744=DIRECTION('ref_axis',(0.,0.,-1.));
#7745=DIRECTION('',(0.,0.,1.));
#7746=DIRECTION('',(0.,1.,0.));
#7747=DIRECTION('',(0.,0.,-1.));
#7748=DIRECTION('',(0.,-1.,0.));
#7749=DIRECTION('',(0.,0.,-1.));
#7750=DIRECTION('',(1.,0.,0.));
#7751=DIRECTION('',(1.,0.,0.));
#7752=DIRECTION('',(1.,0.,0.));
#7753=DIRECTION('center_axis',(0.,-1.,0.));
#7754=DIRECTION('ref_axis',(0.,0.,-1.));
#7755=DIRECTION('',(1.,0.,0.));
#7756=DIRECTION('center_axis',(0.,0.,1.));
#7757=DIRECTION('ref_axis',(0.,-1.,0.));
#7758=DIRECTION('',(1.,0.,0.));
#7759=DIRECTION('center_axis',(0.,1.,0.));
#7760=DIRECTION('ref_axis',(0.,0.,1.));
#7761=DIRECTION('',(1.,0.,0.));
#7762=DIRECTION('center_axis',(0.,0.,-1.));
#7763=DIRECTION('ref_axis',(0.,1.,0.));
#7764=DIRECTION('',(1.,0.,0.));
#7765=DIRECTION('center_axis',(0.,-1.,0.));
#7766=DIRECTION('ref_axis',(0.,0.,-1.));
#7767=DIRECTION('center_axis',(0.,1.,0.));
#7768=DIRECTION('ref_axis',(0.111111111110991,0.,0.99380798999992));
#7769=DIRECTION('',(0.,1.,0.));
#7770=DIRECTION('center_axis',(0.,1.,0.));
#7771=DIRECTION('ref_axis',(0.111111111110991,0.,0.99380798999992));
#7772=DIRECTION('',(0.,1.,0.));
#7773=DIRECTION('center_axis',(0.,-1.,0.));
#7774=DIRECTION('ref_axis',(0.111111111110991,0.,0.99380798999992));
#7775=DIRECTION('center_axis',(0.,-1.,0.));
#7776=DIRECTION('ref_axis',(-0.111111111110991,0.,0.99380798999992));
#7777=DIRECTION('',(0.,-1.,0.));
#7778=DIRECTION('center_axis',(0.,-1.,0.));
#7779=DIRECTION('ref_axis',(-0.111111111110991,0.,0.99380798999992));
#7780=DIRECTION('',(0.,-1.,0.));
#7781=DIRECTION('center_axis',(0.,1.,0.));
#7782=DIRECTION('ref_axis',(-0.111111111110991,0.,0.99380798999992));
#7783=DIRECTION('',(1.,0.,0.));
#7784=DIRECTION('',(1.,0.,0.));
#7785=DIRECTION('',(1.,0.,0.));
#7786=DIRECTION('center_axis',(-1.,0.,0.));
#7787=DIRECTION('ref_axis',(0.,0.,1.));
#7788=DIRECTION('center_axis',(1.,0.,0.));
#7789=DIRECTION('ref_axis',(0.,0.,-1.));
#7790=DIRECTION('center_axis',(1.,0.,0.));
#7791=DIRECTION('ref_axis',(0.,0.,-1.));
#7792=DIRECTION('',(0.,0.,-1.));
#7793=DIRECTION('',(0.,-1.,0.));
#7794=DIRECTION('',(0.,0.,-1.));
#7795=DIRECTION('',(0.,1.,0.));
#7796=DIRECTION('',(0.,0.,1.));
#7797=DIRECTION('center_axis',(0.,1.,0.));
#7798=DIRECTION('ref_axis',(0.,0.,-1.));
#7799=DIRECTION('',(-1.,0.,0.));
#7800=DIRECTION('',(0.,0.,-1.));
#7801=DIRECTION('',(-1.,0.,0.));
#7802=DIRECTION('center_axis',(0.,0.,-1.));
#7803=DIRECTION('ref_axis',(0.,-1.,0.));
#7804=DIRECTION('',(0.,-1.,0.));
#7805=DIRECTION('',(-1.,0.,0.));
#7806=DIRECTION('center_axis',(0.,1.,0.));
#7807=DIRECTION('ref_axis',(0.,0.,-1.));
#7808=DIRECTION('',(0.,0.,-1.));
#7809=DIRECTION('',(-1.,0.,0.));
#7810=DIRECTION('center_axis',(0.,0.,1.));
#7811=DIRECTION('ref_axis',(0.,1.,0.));
#7812=DIRECTION('',(0.,1.,0.));
#7813=DIRECTION('',(-1.,0.,0.));
#7814=DIRECTION('',(-1.,0.,0.));
#7815=DIRECTION('',(-1.,0.,0.));
#7816=DIRECTION('center_axis',(0.,-1.,0.));
#7817=DIRECTION('ref_axis',(0.,0.,1.));
#7818=DIRECTION('',(0.,0.,1.));
#7819=DIRECTION('center_axis',(1.,0.,0.));
#7820=DIRECTION('ref_axis',(0.,0.,-1.));
#7821=DIRECTION('center_axis',(0.,-1.,0.));
#7822=DIRECTION('ref_axis',(-0.428571428571176,0.,0.903507902905371));
#7823=DIRECTION('',(0.,-1.,0.));
#7824=DIRECTION('center_axis',(0.,-1.,0.));
#7825=DIRECTION('ref_axis',(-0.428571428571176,0.,0.903507902905371));
#7826=DIRECTION('',(0.,-1.,0.));
#7827=DIRECTION('center_axis',(0.,1.,0.));
#7828=DIRECTION('ref_axis',(-0.428571428571176,0.,0.903507902905371));
#7829=DIRECTION('center_axis',(0.,1.,0.));
#7830=DIRECTION('ref_axis',(0.428571428571176,0.,0.903507902905371));
#7831=DIRECTION('',(0.,1.,0.));
#7832=DIRECTION('center_axis',(0.,1.,0.));
#7833=DIRECTION('ref_axis',(0.428571428571176,0.,0.903507902905371));
#7834=DIRECTION('',(0.,1.,0.));
#7835=DIRECTION('center_axis',(0.,-1.,0.));
#7836=DIRECTION('ref_axis',(0.428571428571176,0.,0.903507902905371));
#7837=DIRECTION('',(1.,0.,0.));
#7838=DIRECTION('',(1.,0.,0.));
#7839=DIRECTION('',(1.,0.,0.));
#7840=DIRECTION('center_axis',(-1.,0.,0.));
#7841=DIRECTION('ref_axis',(0.,0.,1.));
#7842=DIRECTION('center_axis',(1.,0.,0.));
#7843=DIRECTION('ref_axis',(0.,0.,-1.));
#7844=DIRECTION('center_axis',(1.,0.,0.));
#7845=DIRECTION('ref_axis',(0.,0.,-1.));
#7846=DIRECTION('',(0.,0.,1.));
#7847=DIRECTION('',(0.,1.,0.));
#7848=DIRECTION('',(0.,0.,-1.));
#7849=DIRECTION('',(0.,-1.,0.));
#7850=DIRECTION('',(0.,0.,-1.));
#7851=DIRECTION('center_axis',(1.,0.,0.));
#7852=DIRECTION('ref_axis',(0.,0.,-1.));
#7853=DIRECTION('',(0.,0.,-1.));
#7854=DIRECTION('',(0.,-1.,0.));
#7855=DIRECTION('',(0.,0.,-1.));
#7856=DIRECTION('',(0.,1.,0.));
#7857=DIRECTION('',(0.,0.,1.));
#7858=DIRECTION('',(-1.,0.,0.));
#7859=DIRECTION('',(-1.,0.,0.));
#7860=DIRECTION('',(-1.,0.,0.));
#7861=DIRECTION('center_axis',(0.,1.,0.));
#7862=DIRECTION('ref_axis',(0.,0.,-1.));
#7863=DIRECTION('',(-1.,0.,0.));
#7864=DIRECTION('center_axis',(0.,0.,-1.));
#7865=DIRECTION('ref_axis',(0.,-1.,0.));
#7866=DIRECTION('',(-1.,0.,0.));
#7867=DIRECTION('center_axis',(0.,-1.,0.));
#7868=DIRECTION('ref_axis',(0.,0.,1.));
#7869=DIRECTION('',(-1.,0.,0.));
#7870=DIRECTION('center_axis',(0.,0.,1.));
#7871=DIRECTION('ref_axis',(0.,1.,0.));
#7872=DIRECTION('',(-1.,0.,0.));
#7873=DIRECTION('center_axis',(0.,1.,0.));
#7874=DIRECTION('ref_axis',(0.,0.,-1.));
#7875=DIRECTION('center_axis',(-1.,0.,0.));
#7876=DIRECTION('ref_axis',(0.,-0.707106781186547,-0.707106781186547));
#7877=DIRECTION('center_axis',(-1.,0.,0.));
#7878=DIRECTION('ref_axis',(0.,0.,-1.));
#7879=DIRECTION('',(-1.,0.,0.));
#7880=DIRECTION('center_axis',(1.,0.,0.));
#7881=DIRECTION('ref_axis',(0.,-1.,0.));
#7882=DIRECTION('',(1.,0.,0.));
#7883=DIRECTION('center_axis',(0.,0.,-1.));
#7884=DIRECTION('ref_axis',(-0.707106781186548,-0.707106781186548,0.));
#7885=DIRECTION('center_axis',(0.,-1.,0.));
#7886=DIRECTION('ref_axis',(-1.,0.,0.));
#7887=DIRECTION('center_axis',(0.,0.,1.));
#7888=DIRECTION('ref_axis',(-0.707106781186547,-0.707106781186547,0.));
#7889=DIRECTION('center_axis',(0.,1.,0.));
#7890=DIRECTION('ref_axis',(-0.707106781186547,0.,-0.707106781186547));
#7891=DIRECTION('center_axis',(0.,-1.,0.));
#7892=DIRECTION('ref_axis',(-1.,0.,0.));
#7893=DIRECTION('',(0.,-1.,0.));
#7894=DIRECTION('',(0.,1.,0.));
#7895=DIRECTION('center_axis',(0.,0.,-1.));
#7896=DIRECTION('ref_axis',(-0.707106781186548,0.707106781186548,0.));
#7897=DIRECTION('center_axis',(-1.,0.,0.));
#7898=DIRECTION('ref_axis',(0.,1.,0.));
#7899=DIRECTION('center_axis',(0.,0.,1.));
#7900=DIRECTION('ref_axis',(-0.707106781186547,0.707106781186547,0.));
#7901=DIRECTION('center_axis',(1.,0.,0.));
#7902=DIRECTION('ref_axis',(0.,0.707106781186547,-0.707106781186547));
#7903=DIRECTION('center_axis',(-1.,0.,0.));
#7904=DIRECTION('ref_axis',(0.,1.,0.));
#7905=DIRECTION('',(-1.,0.,0.));
#7906=DIRECTION('',(1.,0.,0.));
#7907=DIRECTION('center_axis',(0.,0.,-1.));
#7908=DIRECTION('ref_axis',(0.707106781186548,0.707106781186548,0.));
#7909=DIRECTION('center_axis',(-5.551115123126E-15,1.,0.));
#7910=DIRECTION('ref_axis',(1.,5.551115123126E-15,0.));
#7911=DIRECTION('center_axis',(0.,0.,1.));
#7912=DIRECTION('ref_axis',(0.707106781186547,0.707106781186547,0.));
#7913=DIRECTION('center_axis',(-1.077886431675E-16,-1.,0.));
#7914=DIRECTION('ref_axis',(0.707106781186547,-7.62180805186363E-17,-0.707106781186547));
#7915=DIRECTION('center_axis',(0.,1.,0.));
#7916=DIRECTION('ref_axis',(1.,0.,0.));
#7917=DIRECTION('',(1.077886431675E-16,1.,0.));
#7918=DIRECTION('',(-1.077886431675E-16,-1.,0.));
#7919=DIRECTION('center_axis',(0.,0.,-1.));
#7920=DIRECTION('ref_axis',(0.707106781186548,-0.707106781186548,0.));
#7921=DIRECTION('center_axis',(0.,0.,1.));
#7922=DIRECTION('ref_axis',(0.707106781186547,-0.707106781186547,0.));
#7923=DIRECTION('center_axis',(0.,0.,-1.));
#7924=DIRECTION('ref_axis',(4.440892098501E-15,1.,0.));
#7925=DIRECTION('',(0.,0.,1.));
#7926=DIRECTION('center_axis',(0.,0.,1.));
#7927=DIRECTION('ref_axis',(4.440892098501E-15,1.,0.));
#7928=DIRECTION('',(0.,0.,1.));
#7929=DIRECTION('center_axis',(-1.,0.,0.));
#7930=DIRECTION('ref_axis',(0.,1.,0.));
#7931=DIRECTION('',(0.,0.,1.));
#7932=DIRECTION('',(0.,1.,0.));
#7933=DIRECTION('center_axis',(1.,0.,0.));
#7934=DIRECTION('ref_axis',(0.,-0.707106781186548,-0.707106781186548));
#7935=DIRECTION('',(0.,-1.,0.));
#7936=DIRECTION('',(0.,0.,1.));
#7937=DIRECTION('',(1.077886431675E-16,-1.,0.));
#7938=DIRECTION('center_axis',(0.,0.,-1.));
#7939=DIRECTION('ref_axis',(-1.,0.,0.));
#7940=DIRECTION('',(0.,0.,1.));
#7941=DIRECTION('center_axis',(0.,0.,1.));
#7942=DIRECTION('ref_axis',(-1.,-4.440892098501E-15,0.));
#7943=DIRECTION('center_axis',(0.,0.,1.));
#7944=DIRECTION('ref_axis',(-1.,0.,0.));
#7945=DIRECTION('',(0.,0.,-1.));
#7946=DIRECTION('center_axis',(0.,0.,-1.));
#7947=DIRECTION('ref_axis',(-1.,0.,0.));
#7948=DIRECTION('center_axis',(0.,-1.,0.));
#7949=DIRECTION('ref_axis',(-1.,0.,0.));
#7950=DIRECTION('',(0.,0.,-1.));
#7951=DIRECTION('',(1.,0.,0.));
#7952=DIRECTION('',(9.251858538543E-16,0.,1.));
#7953=DIRECTION('center_axis',(0.,1.,0.));
#7954=DIRECTION('ref_axis',(0.,0.,1.));
#7955=DIRECTION('',(1.,0.,0.));
#7956=DIRECTION('center_axis',(0.,1.,0.));
#7957=DIRECTION('ref_axis',(1.,0.,0.));
#7958=DIRECTION('',(9.251858538543E-16,0.,-1.));
#7959=DIRECTION('center_axis',(0.,1.,0.));
#7960=DIRECTION('ref_axis',(0.,0.,-1.));
#7961=DIRECTION('',(-1.,0.,0.));
#7962=DIRECTION('center_axis',(0.,1.,0.));
#7963=DIRECTION('ref_axis',(-1.,0.,0.));
#7964=DIRECTION('',(9.251840064879E-16,0.,1.));
#7965=DIRECTION('center_axis',(0.,1.,0.));
#7966=DIRECTION('ref_axis',(2.22044604925E-14,0.,1.));
#7967=DIRECTION('',(1.,0.,0.));
#7968=DIRECTION('center_axis',(0.,1.,0.));
#7969=DIRECTION('ref_axis',(1.,0.,0.));
#7970=DIRECTION('',(0.,0.,-1.));
#7971=DIRECTION('center_axis',(0.,1.,0.));
#7972=DIRECTION('ref_axis',(0.,0.,-1.));
#7973=DIRECTION('',(-1.,0.,0.));
#7974=DIRECTION('center_axis',(0.,1.,0.));
#7975=DIRECTION('ref_axis',(-1.,0.,0.));
#7976=DIRECTION('',(-1.,0.,7.401486830834E-15));
#7977=DIRECTION('center_axis',(0.,1.,0.));
#7978=DIRECTION('ref_axis',(-1.,0.,4.440892098501E-14));
#7979=DIRECTION('',(0.,0.,1.));
#7980=DIRECTION('center_axis',(0.,1.,0.));
#7981=DIRECTION('ref_axis',(0.,0.,1.));
#7982=DIRECTION('',(1.,0.,0.));
#7983=DIRECTION('center_axis',(0.,1.,0.));
#7984=DIRECTION('ref_axis',(1.,0.,-4.440892098501E-14));
#7985=DIRECTION('',(0.,0.,-1.));
#7986=DIRECTION('center_axis',(0.,1.,0.));
#7987=DIRECTION('ref_axis',(5.551115123126E-15,0.,-1.));
#7988=DIRECTION('',(-1.,0.,0.));
#7989=DIRECTION('center_axis',(0.,1.,0.));
#7990=DIRECTION('ref_axis',(-1.,0.,0.));
#7991=DIRECTION('',(9.251858538543E-16,0.,1.));
#7992=DIRECTION('center_axis',(0.,1.,0.));
#7993=DIRECTION('ref_axis',(0.,0.,1.));
#7994=DIRECTION('',(1.,0.,0.));
#7995=DIRECTION('center_axis',(0.,1.,0.));
#7996=DIRECTION('ref_axis',(1.,0.,-8.881784197001E-14));
#7997=DIRECTION('',(1.387778780781E-15,0.,-1.));
#7998=DIRECTION('center_axis',(0.,1.,0.));
#7999=DIRECTION('ref_axis',(-1.665334536938E-14,0.,-1.));
#8000=DIRECTION('center_axis',(0.,0.,-1.));
#8001=DIRECTION('ref_axis',(-1.,0.,0.));
#8002=DIRECTION('center_axis',(0.,0.,-1.));
#8003=DIRECTION('ref_axis',(-1.,0.,0.));
#8004=DIRECTION('',(-1.,0.,0.));
#8005=DIRECTION('center_axis',(0.,0.,1.));
#8006=DIRECTION('ref_axis',(2.22044604925E-14,1.,0.));
#8007=DIRECTION('',(1.077886431675E-16,-1.,0.));
#8008=DIRECTION('center_axis',(0.,0.,1.));
#8009=DIRECTION('ref_axis',(-1.,0.,0.));
#8010=DIRECTION('',(1.,0.,0.));
#8011=DIRECTION('center_axis',(0.,0.,1.));
#8012=DIRECTION('ref_axis',(0.,-1.,0.));
#8013=DIRECTION('',(0.,1.,0.));
#8014=DIRECTION('center_axis',(0.,0.,1.));
#8015=DIRECTION('ref_axis',(1.,2.22044604925E-14,0.));
#8016=DIRECTION('center_axis',(1.,-2.15577286335E-16,0.));
#8017=DIRECTION('ref_axis',(0.,0.,-1.));
#8018=DIRECTION('center_axis',(1.,-2.15577286335E-16,-1.232595164408E-32));
#8019=DIRECTION('ref_axis',(-1.52436161037273E-16,-0.707106781186548,-0.707106781186548));
#8020=DIRECTION('',(-2.15577286335E-16,-1.,0.));
#8021=DIRECTION('',(0.,0.,1.));
#8022=DIRECTION('',(2.15577286335E-16,1.,0.));
#8023=DIRECTION('center_axis',(-1.,2.15577286335E-16,0.));
#8024=DIRECTION('ref_axis',(-1.52436161037273E-16,-0.707106781186548,0.707106781186548));
#8025=DIRECTION('',(1.,-2.15577286335E-16,0.));
#8026=DIRECTION('center_axis',(-1.,1.077886431675E-16,6.162975822039E-33));
#8027=DIRECTION('ref_axis',(-7.62180805186363E-17,-0.707106781186548,-0.707106781186548));
#8028=DIRECTION('',(-1.,2.15577286335E-16,0.));
#8029=DIRECTION('center_axis',(1.,-1.077886431675E-16,0.));
#8030=DIRECTION('ref_axis',(-1.077886431675E-16,-1.,0.));
#8031=DIRECTION('',(0.,0.,1.));
#8032=DIRECTION('',(0.,1.,0.));
#8033=DIRECTION('',(0.,0.,1.));
#8034=DIRECTION('',(-2.15577286335E-16,-1.,0.));
#8035=DIRECTION('',(2.15577286335E-16,1.,0.));
#8036=DIRECTION('',(0.,0.,1.));
#8037=DIRECTION('center_axis',(0.,0.,-1.));
#8038=DIRECTION('ref_axis',(-2.15577286335E-16,-1.,0.));
#8039=DIRECTION('center_axis',(0.,0.,1.));
#8040=DIRECTION('ref_axis',(0.,-1.,0.));
#8041=DIRECTION('center_axis',(0.,0.,1.));
#8042=DIRECTION('ref_axis',(2.15577286335E-16,1.,0.));
#8043=DIRECTION('center_axis',(0.,0.,-1.));
#8044=DIRECTION('ref_axis',(0.,-1.,0.));
#8045=DIRECTION('center_axis',(0.,0.,-1.));
#8046=DIRECTION('ref_axis',(0.,-1.,0.));
#8047=DIRECTION('center_axis',(0.,0.,1.));
#8048=DIRECTION('ref_axis',(-4.440892098501E-15,-1.,0.));
#8049=DIRECTION('center_axis',(1.,0.,0.));
#8050=DIRECTION('ref_axis',(0.,0.,-1.));
#8051=DIRECTION('center_axis',(-1.,0.,0.));
#8052=DIRECTION('ref_axis',(0.,-0.707106781186548,-0.707106781186548));
#8053=DIRECTION('',(0.,1.,0.));
#8054=DIRECTION('',(0.,-1.,0.));
#8055=DIRECTION('center_axis',(1.,0.,0.));
#8056=DIRECTION('ref_axis',(0.,-0.707106781186548,-0.707106781186548));
#8057=DIRECTION('',(-1.,0.,0.));
#8058=DIRECTION('',(1.,0.,0.));
#8059=DIRECTION('center_axis',(0.,0.,1.));
#8060=DIRECTION('ref_axis',(0.,-1.,0.));
#8061=DIRECTION('center_axis',(0.,0.,-1.));
#8062=DIRECTION('ref_axis',(0.,1.,0.));
#8063=DIRECTION('center_axis',(0.,0.,1.));
#8064=DIRECTION('ref_axis',(-0.982403819972885,-0.186769201161978,0.));
#8065=DIRECTION('center_axis',(0.,0.,1.));
#8066=DIRECTION('ref_axis',(-0.982403819972885,-0.186769201161978,0.));
#8067=DIRECTION('',(0.,0.,-1.));
#8068=DIRECTION('center_axis',(0.,0.,-1.));
#8069=DIRECTION('ref_axis',(-0.982403819972885,-0.186769201161978,0.));
#8070=DIRECTION('',(0.,0.,1.));
#8071=DIRECTION('center_axis',(0.,0.,-1.));
#8072=DIRECTION('ref_axis',(-0.970435125613261,0.241362107581065,0.));
#8073=DIRECTION('',(0.,0.,1.));
#8074=DIRECTION('center_axis',(0.,0.,-1.));
#8075=DIRECTION('ref_axis',(-0.970435125613261,0.241362107581065,0.));
#8076=DIRECTION('',(0.,0.,1.));
#8077=DIRECTION('center_axis',(0.,0.,1.));
#8078=DIRECTION('ref_axis',(-0.970435125613261,0.241362107581065,0.));
#8079=DIRECTION('center_axis',(0.,-1.,0.));
#8080=DIRECTION('ref_axis',(0.707106781186548,0.,0.707106781186548));
#8081=DIRECTION('center_axis',(0.,1.,1.321694076935E-16));
#8082=DIRECTION('ref_axis',(0.707106781186548,-9.34578844454833E-17,0.707106781186548));
#8083=DIRECTION('',(0.,1.,0.));
#8084=DIRECTION('center_axis',(0.,-1.,0.));
#8085=DIRECTION('ref_axis',(0.707106781186548,0.,0.707106781186548));
#8086=DIRECTION('',(0.,-1.,0.));
#8087=DIRECTION('center_axis',(1.,0.,0.));
#8088=DIRECTION('ref_axis',(0.,0.,-1.));
#8089=DIRECTION('',(0.,1.321694076935E-16,-1.));
#8090=DIRECTION('center_axis',(1.,0.,0.));
#8091=DIRECTION('ref_axis',(0.,-1.,6.938893903907E-16));
#8092=DIRECTION('',(0.,1.,0.));
#8093=DIRECTION('',(0.,0.,1.));
#8094=DIRECTION('center_axis',(1.,0.,0.));
#8095=DIRECTION('ref_axis',(0.,-0.707106781186547,0.707106781186547));
#8096=DIRECTION('',(0.,1.,0.));
#8097=DIRECTION('center_axis',(1.,0.,0.));
#8098=DIRECTION('ref_axis',(0.,0.707106781186547,0.707106781186547));
#8099=DIRECTION('',(0.,0.,-1.));
#8100=DIRECTION('',(0.,1.,0.));
#8101=DIRECTION('center_axis',(1.,0.,0.));
#8102=DIRECTION('ref_axis',(0.,-6.071532165919E-16,-1.));
#8103=DIRECTION('',(0.,0.,1.));
#8104=DIRECTION('center_axis',(0.,-1.,-1.321694076935E-16));
#8105=DIRECTION('ref_axis',(0.,1.321694076935E-16,-1.));
#8106=DIRECTION('',(1.,0.,0.));
#8107=DIRECTION('',(0.,-1.321694076935E-16,1.));
#8108=DIRECTION('',(0.,-1.321694076935E-16,1.));
#8109=DIRECTION('',(1.,0.,0.));
#8110=DIRECTION('center_axis',(0.,0.,-1.));
#8111=DIRECTION('ref_axis',(0.975762320811071,-0.218833026039016,0.));
#8112=DIRECTION('',(0.,0.,1.));
#8113=DIRECTION('center_axis',(0.,0.,-1.));
#8114=DIRECTION('ref_axis',(0.975762320811071,-0.218833026039016,0.));
#8115=DIRECTION('',(0.,0.,1.));
#8116=DIRECTION('center_axis',(0.,0.,1.));
#8117=DIRECTION('ref_axis',(0.975762320811071,-0.218833026039016,0.));
#8118=DIRECTION('center_axis',(0.,0.,1.));
#8119=DIRECTION('ref_axis',(0.944000450196631,0.329944161985871,0.));
#8120=DIRECTION('center_axis',(0.,0.,1.));
#8121=DIRECTION('ref_axis',(0.944000450196631,0.329944161985871,0.));
#8122=DIRECTION('',(0.,0.,-1.));
#8123=DIRECTION('center_axis',(0.,0.,-1.));
#8124=DIRECTION('ref_axis',(0.944000450196631,0.329944161985871,0.));
#8125=DIRECTION('',(0.,0.,1.));
#8126=DIRECTION('center_axis',(0.,1.,0.));
#8127=DIRECTION('ref_axis',(-0.707106781186548,0.,0.707106781186548));
#8128=DIRECTION('center_axis',(0.,-1.,0.));
#8129=DIRECTION('ref_axis',(-0.707106781186548,0.,0.707106781186548));
#8130=DIRECTION('',(0.,-1.,0.));
#8131=DIRECTION('center_axis',(-6.038972438524E-15,1.,-3.944304526105E-31));
#8132=DIRECTION('ref_axis',(-0.707106781186548,-4.27019836267898E-15,0.707106781186548));
#8133=DIRECTION('',(0.,1.,0.));
#8134=DIRECTION('center_axis',(6.038972438524E-15,-1.,0.));
#8135=DIRECTION('ref_axis',(1.,6.038972438524E-15,0.));
#8136=DIRECTION('',(0.,0.,1.));
#8137=DIRECTION('',(-1.,0.,0.));
#8138=DIRECTION('',(0.,0.,1.));
#8139=DIRECTION('',(-1.,-6.038972438524E-15,0.));
#8140=DIRECTION('center_axis',(-1.,0.,0.));
#8141=DIRECTION('ref_axis',(0.,0.,1.));
#8142=DIRECTION('',(0.,0.,-1.));
#8143=DIRECTION('center_axis',(-1.,0.,0.));
#8144=DIRECTION('ref_axis',(0.,1.,-6.938893903907E-16));
#8145=DIRECTION('',(0.,-1.,0.));
#8146=DIRECTION('',(0.,0.,1.));
#8147=DIRECTION('center_axis',(-1.,0.,0.));
#8148=DIRECTION('ref_axis',(0.,0.707106781186547,0.707106781186547));
#8149=DIRECTION('',(0.,-1.,0.));
#8150=DIRECTION('center_axis',(-1.,0.,0.));
#8151=DIRECTION('ref_axis',(0.,-0.707106781186547,0.707106781186547));
#8152=DIRECTION('',(0.,0.,-1.));
#8153=DIRECTION('',(0.,-1.,0.));
#8154=DIRECTION('center_axis',(-1.,0.,0.));
#8155=DIRECTION('ref_axis',(0.,0.,-1.));
#8156=DIRECTION('center_axis',(1.,0.,0.));
#8157=DIRECTION('ref_axis',(0.,-0.707106781186547,0.707106781186547));
#8158=DIRECTION('',(-1.,0.,0.));
#8159=DIRECTION('',(1.,0.,0.));
#8160=DIRECTION('center_axis',(1.,0.,0.));
#8161=DIRECTION('ref_axis',(0.,-0.707106781186547,0.707106781186547));
#8162=DIRECTION('center_axis',(0.,0.,1.));
#8163=DIRECTION('ref_axis',(0.,-1.,0.));
#8164=DIRECTION('',(-1.,0.,0.));
#8165=DIRECTION('',(0.,1.,0.));
#8166=DIRECTION('center_axis',(1.,0.,0.));
#8167=DIRECTION('ref_axis',(0.,0.707106781186547,0.707106781186547));
#8168=DIRECTION('',(1.,0.,0.));
#8169=DIRECTION('center_axis',(1.,0.,0.));
#8170=DIRECTION('ref_axis',(0.,0.707106781186547,0.707106781186547));
#8171=DIRECTION('center_axis',(0.,1.,0.));
#8172=DIRECTION('ref_axis',(0.,0.,1.));
#8173=DIRECTION('',(-1.,0.,0.));
#8174=DIRECTION('',(0.,0.,-1.));
#8175=DIRECTION('center_axis',(0.,-1.,0.));
#8176=DIRECTION('ref_axis',(0.,0.,-1.));
#8177=DIRECTION('',(0.,0.,1.));
#8178=DIRECTION('',(1.,0.,0.));
#8179=DIRECTION('center_axis',(-1.,0.,0.));
#8180=DIRECTION('ref_axis',(0.,0.,1.));
#8181=DIRECTION('',(0.,-1.,0.));
#8182=DIRECTION('center_axis',(-1.,0.,0.));
#8183=DIRECTION('ref_axis',(0.,1.,-6.938893903907E-16));
#8184=DIRECTION('',(0.,0.,-1.));
#8185=DIRECTION('',(0.,-1.,0.));
#8186=DIRECTION('center_axis',(-1.,0.,0.));
#8187=DIRECTION('ref_axis',(0.,0.,-1.));
#8188=DIRECTION('',(0.,-1.,0.));
#8189=DIRECTION('center_axis',(0.,0.,-1.));
#8190=DIRECTION('ref_axis',(0.,-1.,0.));
#8191=DIRECTION('',(-1.,0.,0.));
#8192=DIRECTION('center_axis',(0.,0.,-1.));
#8193=DIRECTION('ref_axis',(0.,-1.,0.));
#8194=DIRECTION('',(-1.,0.,0.));
#8195=DIRECTION('center_axis',(-1.,0.,0.));
#8196=DIRECTION('ref_axis',(0.,1.,-6.938893903907E-16));
#8197=DIRECTION('',(-1.,0.,0.));
#8198=DIRECTION('center_axis',(-1.,0.,0.));
#8199=DIRECTION('ref_axis',(0.,0.,-1.));
#8200=DIRECTION('center_axis',(0.,0.,1.));
#8201=DIRECTION('ref_axis',(1.,0.,0.));
#8202=DIRECTION('',(1.,0.,0.));
#8203=DIRECTION('center_axis',(0.,0.,-1.));
#8204=DIRECTION('ref_axis',(1.,2.22044604925E-14,0.));
#8205=DIRECTION('',(0.,-1.,0.));
#8206=DIRECTION('center_axis',(0.,0.,-1.));
#8207=DIRECTION('ref_axis',(0.,-1.,0.));
#8208=DIRECTION('',(-1.,0.,0.));
#8209=DIRECTION('center_axis',(0.,0.,-1.));
#8210=DIRECTION('ref_axis',(-1.,0.,0.));
#8211=DIRECTION('',(-1.077886431675E-16,1.,0.));
#8212=DIRECTION('center_axis',(0.,0.,-1.));
#8213=DIRECTION('ref_axis',(2.22044604925E-14,1.,0.));
#8214=DIRECTION('',(0.,1.,0.));
#8215=DIRECTION('center_axis',(0.,0.,-1.));
#8216=DIRECTION('ref_axis',(-1.,-1.10683830469E-15,0.));
#8217=DIRECTION('',(-1.,0.,0.));
#8218=DIRECTION('center_axis',(0.,0.,-1.));
#8219=DIRECTION('ref_axis',(1.10683830469E-15,-1.,0.));
#8220=DIRECTION('',(0.,-1.,0.));
#8221=DIRECTION('',(1.,0.,0.));
#8222=DIRECTION('',(0.,-1.,0.));
#8223=DIRECTION('center_axis',(0.,0.,-1.));
#8224=DIRECTION('ref_axis',(1.,-2.21367660938E-15,0.));
#8225=DIRECTION('',(0.707106781186548,-0.707106781186548,0.));
#8226=DIRECTION('center_axis',(0.,0.,-1.));
#8227=DIRECTION('ref_axis',(0.707106781186548,0.707106781186548,0.));
#8228=DIRECTION('',(1.,-2.697641899021E-16,0.));
#8229=DIRECTION('center_axis',(0.,0.,-1.));
#8230=DIRECTION('ref_axis',(-2.21367660938E-15,1.,0.));
#8231=DIRECTION('',(0.707106781186548,0.707106781186548,0.));
#8232=DIRECTION('center_axis',(0.,0.,-1.));
#8233=DIRECTION('ref_axis',(-0.707106781186548,0.707106781186548,0.));
#8234=DIRECTION('',(-3.616070691018E-16,1.,0.));
#8235=DIRECTION('',(1.,0.,0.));
#8236=DIRECTION('',(0.,1.,0.));
#8237=DIRECTION('',(-3.08247090517E-8,1.,0.));
#8238=DIRECTION('center_axis',(1.,0.,0.));
#8239=DIRECTION('ref_axis',(0.,1.,0.));
#8240=DIRECTION('',(0.,1.,0.));
#8241=DIRECTION('',(0.,0.,1.));
#8242=DIRECTION('center_axis',(0.,0.,1.));
#8243=DIRECTION('ref_axis',(-1.,-1.10683830469E-15,0.));
#8244=DIRECTION('',(0.,0.,1.));
#8245=DIRECTION('center_axis',(0.,0.,-1.));
#8246=DIRECTION('ref_axis',(-1.,-1.10683830469E-15,0.));
#8247=DIRECTION('center_axis',(0.,1.,0.));
#8248=DIRECTION('ref_axis',(-1.,0.,0.));
#8249=DIRECTION('',(-1.,0.,0.));
#8250=DIRECTION('',(0.,0.,1.));
#8251=DIRECTION('center_axis',(0.,0.,1.));
#8252=DIRECTION('ref_axis',(1.10683830469E-15,-1.,0.));
#8253=DIRECTION('',(0.,0.,1.));
#8254=DIRECTION('center_axis',(0.,0.,-1.));
#8255=DIRECTION('ref_axis',(1.10683830469E-15,-1.,0.));
#8256=DIRECTION('center_axis',(-1.,0.,0.));
#8257=DIRECTION('ref_axis',(0.,-1.,0.));
#8258=DIRECTION('',(0.,-1.,0.));
#8259=DIRECTION('center_axis',(0.,1.,0.));
#8260=DIRECTION('ref_axis',(-1.,0.,0.));
#8261=DIRECTION('center_axis',(-1.,0.,0.));
#8262=DIRECTION('ref_axis',(0.,-1.,0.));
#8263=DIRECTION('',(0.,-1.,0.));
#8264=DIRECTION('',(0.,0.,1.));
#8265=DIRECTION('center_axis',(0.,0.,1.));
#8266=DIRECTION('ref_axis',(1.,-2.21367660938E-15,0.));
#8267=DIRECTION('',(0.,0.,1.));
#8268=DIRECTION('center_axis',(0.,0.,-1.));
#8269=DIRECTION('ref_axis',(1.,-2.21367660938E-15,0.));
#8270=DIRECTION('center_axis',(-0.707106781186548,-0.707106781186548,0.));
#8271=DIRECTION('ref_axis',(0.707106781186548,-0.707106781186548,0.));
#8272=DIRECTION('',(0.707106781186548,-0.707106781186548,0.));
#8273=DIRECTION('',(0.,0.,1.));
#8274=DIRECTION('center_axis',(0.,0.,1.));
#8275=DIRECTION('ref_axis',(0.707106781186548,0.707106781186548,0.));
#8276=DIRECTION('',(0.,0.,1.));
#8277=DIRECTION('center_axis',(0.,0.,-1.));
#8278=DIRECTION('ref_axis',(0.707106781186548,0.707106781186548,0.));
#8279=DIRECTION('center_axis',(-2.697641899021E-16,-1.,0.));
#8280=DIRECTION('ref_axis',(1.,-2.697641899021E-16,0.));
#8281=DIRECTION('',(1.,-2.697641899021E-16,0.));
#8282=DIRECTION('',(0.,0.,1.));
#8283=DIRECTION('center_axis',(0.,0.,1.));
#8284=DIRECTION('ref_axis',(-2.21367660938E-15,1.,0.));
#8285=DIRECTION('',(0.,0.,1.));
#8286=DIRECTION('center_axis',(0.,0.,-1.));
#8287=DIRECTION('ref_axis',(-2.21367660938E-15,1.,0.));
#8288=DIRECTION('center_axis',(0.707106781186548,-0.707106781186548,0.));
#8289=DIRECTION('ref_axis',(0.707106781186548,0.707106781186548,0.));
#8290=DIRECTION('',(0.707106781186548,0.707106781186548,0.));
#8291=DIRECTION('',(0.,0.,1.));
#8292=DIRECTION('center_axis',(0.,0.,1.));
#8293=DIRECTION('ref_axis',(-0.707106781186548,0.707106781186548,0.));
#8294=DIRECTION('',(0.,0.,1.));
#8295=DIRECTION('center_axis',(0.,0.,-1.));
#8296=DIRECTION('ref_axis',(-0.707106781186548,0.707106781186548,0.));
#8297=DIRECTION('center_axis',(1.,3.616070691018E-16,0.));
#8298=DIRECTION('ref_axis',(-3.616070691018E-16,1.,0.));
#8299=DIRECTION('',(-3.616070691018E-16,1.,0.));
#8300=DIRECTION('center_axis',(1.,3.08247090517E-8,0.));
#8301=DIRECTION('ref_axis',(-3.08247090517E-8,1.,0.));
#8302=DIRECTION('',(-3.08247090517E-8,1.,0.));
#8303=DIRECTION('center_axis',(0.,0.,1.));
#8304=DIRECTION('ref_axis',(1.,0.,0.));
#8305=DIRECTION('',(-1.,0.,0.));
#8306=DIRECTION('',(0.,-1.,0.));
#8307=DIRECTION('',(0.,-1.,0.));
#8308=DIRECTION('center_axis',(0.,1.,0.));
#8309=DIRECTION('ref_axis',(0.,0.,1.));
#8310=DIRECTION('',(0.,-1.,0.));
#8311=DIRECTION('center_axis',(0.,-1.,0.));
#8312=DIRECTION('ref_axis',(0.,0.,1.));
#8313=DIRECTION('center_axis',(-1.,0.,9.251858538543E-16));
#8314=DIRECTION('ref_axis',(9.251858538543E-16,0.,1.));
#8315=DIRECTION('',(-9.251858538543E-16,0.,-1.));
#8316=DIRECTION('',(0.,1.,0.));
#8317=DIRECTION('center_axis',(0.,1.,0.));
#8318=DIRECTION('ref_axis',(-1.,0.,0.));
#8319=DIRECTION('',(0.,-1.,0.));
#8320=DIRECTION('center_axis',(0.,-1.,0.));
#8321=DIRECTION('ref_axis',(-1.,0.,0.));
#8322=DIRECTION('center_axis',(0.,0.,-1.));
#8323=DIRECTION('ref_axis',(-1.,0.,0.));
#8324=DIRECTION('',(1.,0.,0.));
#8325=DIRECTION('',(0.,-1.,0.));
#8326=DIRECTION('center_axis',(0.,1.,0.));
#8327=DIRECTION('ref_axis',(-1.665334536938E-14,0.,-1.));
#8328=DIRECTION('',(0.,-1.,0.));
#8329=DIRECTION('center_axis',(0.,-1.,0.));
#8330=DIRECTION('ref_axis',(-1.665334536938E-14,0.,-1.));
#8331=DIRECTION('center_axis',(1.,0.,1.387778780781E-15));
#8332=DIRECTION('ref_axis',(1.387778780781E-15,0.,-1.));
#8333=DIRECTION('',(-1.387778780781E-15,0.,1.));
#8334=DIRECTION('',(0.,-1.,0.));
#8335=DIRECTION('center_axis',(0.,1.,0.));
#8336=DIRECTION('ref_axis',(1.,0.,-8.881784197001E-14));
#8337=DIRECTION('center_axis',(0.,-1.,0.));
#8338=DIRECTION('ref_axis',(1.,0.,-8.881784197001E-14));
#8339=DIRECTION('center_axis',(0.,0.,1.));
#8340=DIRECTION('ref_axis',(1.,0.,0.));
#8341=DIRECTION('',(-1.,0.,0.));
#8342=DIRECTION('',(0.,-1.,0.));
#8343=DIRECTION('',(0.,-1.,0.));
#8344=DIRECTION('center_axis',(0.,1.,0.));
#8345=DIRECTION('ref_axis',(0.,0.,1.));
#8346=DIRECTION('',(0.,-1.,0.));
#8347=DIRECTION('center_axis',(0.,-1.,0.));
#8348=DIRECTION('ref_axis',(0.,0.,1.));
#8349=DIRECTION('center_axis',(-1.,0.,0.));
#8350=DIRECTION('ref_axis',(0.,0.,1.));
#8351=DIRECTION('',(0.,0.,-1.));
#8352=DIRECTION('',(0.,1.,0.));
#8353=DIRECTION('center_axis',(0.,1.,0.));
#8354=DIRECTION('ref_axis',(-1.,0.,4.440892098501E-14));
#8355=DIRECTION('',(0.,-1.,0.));
#8356=DIRECTION('center_axis',(0.,-1.,0.));
#8357=DIRECTION('ref_axis',(-1.,0.,4.440892098501E-14));
#8358=DIRECTION('center_axis',(-7.401486830834E-15,0.,-1.));
#8359=DIRECTION('ref_axis',(-1.,0.,7.401486830834E-15));
#8360=DIRECTION('',(1.,0.,-7.401486830834E-15));
#8361=DIRECTION('',(0.,-1.,0.));
#8362=DIRECTION('center_axis',(0.,1.,0.));
#8363=DIRECTION('ref_axis',(5.551115123126E-15,0.,-1.));
#8364=DIRECTION('',(0.,-1.,0.));
#8365=DIRECTION('center_axis',(0.,-1.,0.));
#8366=DIRECTION('ref_axis',(5.551115123126E-15,0.,-1.));
#8367=DIRECTION('center_axis',(1.,0.,0.));
#8368=DIRECTION('ref_axis',(0.,0.,-1.));
#8369=DIRECTION('',(0.,0.,1.));
#8370=DIRECTION('',(0.,-1.,0.));
#8371=DIRECTION('center_axis',(0.,1.,0.));
#8372=DIRECTION('ref_axis',(1.,0.,-4.440892098501E-14));
#8373=DIRECTION('center_axis',(0.,-1.,0.));
#8374=DIRECTION('ref_axis',(1.,0.,-4.440892098501E-14));
#8375=DIRECTION('center_axis',(1.,0.,0.));
#8376=DIRECTION('ref_axis',(0.,0.,-1.));
#8377=DIRECTION('',(0.,0.,1.));
#8378=DIRECTION('',(0.,-1.,0.));
#8379=DIRECTION('',(0.,-1.,0.));
#8380=DIRECTION('center_axis',(0.,1.,0.));
#8381=DIRECTION('ref_axis',(1.,0.,0.));
#8382=DIRECTION('',(0.,-1.,0.));
#8383=DIRECTION('center_axis',(0.,-1.,0.));
#8384=DIRECTION('ref_axis',(1.,0.,0.));
#8385=DIRECTION('center_axis',(0.,0.,1.));
#8386=DIRECTION('ref_axis',(1.,0.,0.));
#8387=DIRECTION('',(-1.,0.,0.));
#8388=DIRECTION('',(0.,1.,0.));
#8389=DIRECTION('center_axis',(0.,1.,0.));
#8390=DIRECTION('ref_axis',(2.22044604925E-14,0.,1.));
#8391=DIRECTION('',(0.,-1.,0.));
#8392=DIRECTION('center_axis',(0.,-1.,0.));
#8393=DIRECTION('ref_axis',(2.22044604925E-14,0.,1.));
#8394=DIRECTION('center_axis',(-1.,0.,9.251840064879E-16));
#8395=DIRECTION('ref_axis',(9.251840064879E-16,0.,1.));
#8396=DIRECTION('',(-9.251840064879E-16,0.,-1.));
#8397=DIRECTION('',(0.,-1.,0.));
#8398=DIRECTION('center_axis',(0.,1.,0.));
#8399=DIRECTION('ref_axis',(-1.,0.,0.));
#8400=DIRECTION('',(0.,-1.,0.));
#8401=DIRECTION('center_axis',(0.,-1.,0.));
#8402=DIRECTION('ref_axis',(-1.,0.,0.));
#8403=DIRECTION('center_axis',(0.,0.,-1.));
#8404=DIRECTION('ref_axis',(-1.,0.,0.));
#8405=DIRECTION('',(1.,0.,0.));
#8406=DIRECTION('',(0.,-1.,0.));
#8407=DIRECTION('center_axis',(0.,1.,0.));
#8408=DIRECTION('ref_axis',(0.,0.,-1.));
#8409=DIRECTION('center_axis',(0.,-1.,0.));
#8410=DIRECTION('ref_axis',(0.,0.,-1.));
#8411=DIRECTION('center_axis',(1.,0.,9.251858538543E-16));
#8412=DIRECTION('ref_axis',(9.251858538543E-16,0.,-1.));
#8413=DIRECTION('',(-9.251858538543E-16,0.,1.));
#8414=DIRECTION('',(0.,-1.,0.));
#8415=DIRECTION('',(0.,-1.,0.));
#8416=DIRECTION('center_axis',(0.,1.,0.));
#8417=DIRECTION('ref_axis',(1.,0.,0.));
#8418=DIRECTION('',(0.,-1.,0.));
#8419=DIRECTION('center_axis',(0.,-1.,0.));
#8420=DIRECTION('ref_axis',(1.,0.,0.));
#8421=DIRECTION('center_axis',(0.,0.,1.));
#8422=DIRECTION('ref_axis',(1.,0.,0.));
#8423=DIRECTION('',(-1.,0.,0.));
#8424=DIRECTION('',(0.,1.,0.));
#8425=DIRECTION('center_axis',(0.,1.,0.));
#8426=DIRECTION('ref_axis',(0.,0.,1.));
#8427=DIRECTION('',(0.,-1.,0.));
#8428=DIRECTION('center_axis',(0.,-1.,0.));
#8429=DIRECTION('ref_axis',(0.,0.,1.));
#8430=DIRECTION('center_axis',(-1.,0.,9.251858538543E-16));
#8431=DIRECTION('ref_axis',(9.251858538543E-16,0.,1.));
#8432=DIRECTION('',(-9.251858538543E-16,0.,-1.));
#8433=DIRECTION('',(0.,-1.,0.));
#8434=DIRECTION('center_axis',(0.,1.,0.));
#8435=DIRECTION('ref_axis',(-1.,0.,0.));
#8436=DIRECTION('',(0.,-1.,0.));
#8437=DIRECTION('center_axis',(0.,-1.,0.));
#8438=DIRECTION('ref_axis',(-1.,0.,0.));
#8439=DIRECTION('center_axis',(0.,0.,-1.));
#8440=DIRECTION('ref_axis',(-1.,0.,0.));
#8441=DIRECTION('',(1.,0.,0.));
#8442=DIRECTION('',(0.,-1.,0.));
#8443=DIRECTION('center_axis',(0.,1.,0.));
#8444=DIRECTION('ref_axis',(0.,0.,-1.));
#8445=DIRECTION('center_axis',(0.,-1.,0.));
#8446=DIRECTION('ref_axis',(0.,0.,-1.));
#8447=DIRECTION('center_axis',(0.,-1.,0.));
#8448=DIRECTION('ref_axis',(-1.,0.,0.));
#8449=DIRECTION('',(0.,0.,-1.));
#8450=DIRECTION('',(0.,0.,-1.));
#8451=DIRECTION('center_axis',(0.,0.,-1.));
#8452=DIRECTION('ref_axis',(1.,2.22044604925E-14,0.));
#8453=DIRECTION('',(0.,0.,-1.));
#8454=DIRECTION('center_axis',(-1.,0.,0.));
#8455=DIRECTION('ref_axis',(0.,1.,0.));
#8456=DIRECTION('',(0.,0.,-1.));
#8457=DIRECTION('center_axis',(0.,0.,-1.));
#8458=DIRECTION('ref_axis',(0.,-1.,0.));
#8459=DIRECTION('',(0.,0.,-1.));
#8460=DIRECTION('center_axis',(0.,1.,0.));
#8461=DIRECTION('ref_axis',(1.,0.,0.));
#8462=DIRECTION('',(0.,0.,-1.));
#8463=DIRECTION('center_axis',(0.,0.,-1.));
#8464=DIRECTION('ref_axis',(-1.,0.,0.));
#8465=DIRECTION('',(0.,0.,-1.));
#8466=DIRECTION('center_axis',(1.,1.077886431675E-16,0.));
#8467=DIRECTION('ref_axis',(1.077886431675E-16,-1.,0.));
#8468=DIRECTION('',(0.,0.,-1.));
#8469=DIRECTION('center_axis',(0.,0.,-1.));
#8470=DIRECTION('ref_axis',(2.22044604925E-14,1.,0.));
#8471=DIRECTION('center_axis',(0.,0.,-1.));
#8472=DIRECTION('ref_axis',(1.,4.440892098501E-15,0.));
#8473=DIRECTION('',(0.,0.,1.));
#8474=DIRECTION('center_axis',(0.,0.,1.));
#8475=DIRECTION('ref_axis',(1.,4.440892098501E-15,0.));
#8476=DIRECTION('center_axis',(0.,1.,0.));
#8477=DIRECTION('ref_axis',(1.,0.,0.));
#8478=DIRECTION('',(-1.,0.,0.));
#8479=DIRECTION('center_axis',(1.,0.,0.));
#8480=DIRECTION('ref_axis',(0.,-0.707106781186547,0.707106781186547));
#8481=DIRECTION('',(-1.,0.,0.));
#8482=DIRECTION('center_axis',(-1.,0.,0.));
#8483=DIRECTION('ref_axis',(0.,-0.707106781186547,0.707106781186547));
#8484=DIRECTION('',(1.,0.,0.));
#8485=DIRECTION('center_axis',(0.,0.,-1.));
#8486=DIRECTION('ref_axis',(0.,1.,0.));
#8487=DIRECTION('',(0.,1.,0.));
#8488=DIRECTION('',(-1.,0.,0.));
#8489=DIRECTION('center_axis',(1.,0.,0.));
#8490=DIRECTION('ref_axis',(0.,0.707106781186547,0.707106781186547));
#8491=DIRECTION('center_axis',(-1.,0.,0.));
#8492=DIRECTION('ref_axis',(0.,0.707106781186547,0.707106781186547));
#8493=DIRECTION('',(1.,0.,0.));
#8494=DIRECTION('center_axis',(0.,-1.,0.));
#8495=DIRECTION('ref_axis',(0.,0.,-1.));
#8496=DIRECTION('',(0.,0.,-1.));
#8497=DIRECTION('',(1.,0.,0.));
#8498=DIRECTION('center_axis',(0.,0.,-1.));
#8499=DIRECTION('ref_axis',(0.,1.,0.));
#8500=DIRECTION('',(0.,-1.,0.));
#8501=DIRECTION('',(1.,0.,0.));
#8502=DIRECTION('',(1.,0.,0.));
#8503=DIRECTION('center_axis',(1.,0.,0.));
#8504=DIRECTION('ref_axis',(0.,-1.,6.938893903907E-16));
#8505=DIRECTION('center_axis',(1.,0.,0.));
#8506=DIRECTION('ref_axis',(0.,-1.,6.938893903907E-16));
#8507=DIRECTION('center_axis',(0.,0.,1.));
#8508=DIRECTION('ref_axis',(0.,-1.,0.));
#8509=DIRECTION('center_axis',(0.,1.,0.));
#8510=DIRECTION('ref_axis',(0.,0.,1.));
#8511=DIRECTION('',(1.,0.,0.));
#8512=DIRECTION('',(0.,0.,-1.));
#8513=DIRECTION('center_axis',(1.,0.,0.));
#8514=DIRECTION('ref_axis',(0.,-6.071532165919E-16,-1.));
#8515=DIRECTION('center_axis',(1.,0.,0.));
#8516=DIRECTION('ref_axis',(0.,-6.071532165919E-16,-1.));
#8517=DIRECTION('',(1.,0.,0.));
#8518=DIRECTION('center_axis',(0.,0.,-1.));
#8519=DIRECTION('ref_axis',(0.,1.,0.));
#8520=DIRECTION('',(0.,-1.,0.));
#8521=DIRECTION('center_axis',(0.,1.,0.));
#8522=DIRECTION('ref_axis',(0.,0.,1.));
#8523=DIRECTION('',(0.,0.,1.));
#8524=DIRECTION('center_axis',(1.,0.,0.));
#8525=DIRECTION('ref_axis',(0.,0.,-1.));
#8526=CARTESIAN_POINT('',(0.,0.,0.));
#8527=CARTESIAN_POINT('Origin',(-4.4,-1.449999964237,-5.049999901652));
#8528=CARTESIAN_POINT('',(-4.4,-1.449999964237,-5.199999901652));
#8529=CARTESIAN_POINT('',(-4.4,-1.599999964237,-5.049999901652));
#8530=CARTESIAN_POINT('Origin',(-4.4,-1.449999964237,-5.049999901652));
#8531=CARTESIAN_POINT('',(-4.9,-2.099999964237,-5.049999901652));
#8532=CARTESIAN_POINT('Origin',(-4.4,-2.099999964237,-5.049999901652));
#8533=CARTESIAN_POINT('',(-4.9,-1.449999964237,-5.699999901652));
#8534=CARTESIAN_POINT('Origin',(-4.9,-1.449999964237,-5.049999901652));
#8535=CARTESIAN_POINT('Origin',(-4.4,-1.449999964237,-5.699999901652));
#8536=CARTESIAN_POINT('Origin',(-4.4,-0.524999982119,-5.699999901652));
#8537=CARTESIAN_POINT('',(-4.9,-0.899999983236,-5.699999901652));
#8538=CARTESIAN_POINT('',(-4.9,-0.524999982119,-5.699999901652));
#8539=CARTESIAN_POINT('',(-4.4,-0.899999983236,-5.199999901652));
#8540=CARTESIAN_POINT('Origin',(-4.4,-0.899999983236,-5.699999901652));
#8541=CARTESIAN_POINT('',(-4.4,-0.749999983236,-5.199999901652));
#8542=CARTESIAN_POINT('Origin',(-4.4,-0.899999983236,-5.049999901652));
#8543=CARTESIAN_POINT('',(-4.4,-0.749999983236,-5.049999901652));
#8544=CARTESIAN_POINT('Origin',(-4.4,-0.899999983236,-5.049999901652));
#8545=CARTESIAN_POINT('',(-4.9,-0.249999983236,-5.049999901652));
#8546=CARTESIAN_POINT('Origin',(-4.9,-0.899999983236,-5.049999901652));
#8547=CARTESIAN_POINT('Origin',(-4.4,-0.249999983236,-5.049999901652));
#8548=CARTESIAN_POINT('Origin',(-4.4,-0.249999983236,-2.699999950826));
#8549=CARTESIAN_POINT('',(-4.9,-0.249999983236,-4.549999901652));
#8550=CARTESIAN_POINT('',(-4.9,-0.249999983236,-2.699999950826));
#8551=CARTESIAN_POINT('',(-4.4,-0.749999983236,-4.549999901652));
#8552=CARTESIAN_POINT('Origin',(-4.4,-0.249999983236,-4.549999901652));
#8553=CARTESIAN_POINT('',(-4.4,-0.749999983236,-4.399999901652));
#8554=CARTESIAN_POINT('Origin',(-4.4,-0.899999983236,-4.549999901652));
#8555=CARTESIAN_POINT('',(-4.4,-0.899999983236,-4.399999901652));
#8556=CARTESIAN_POINT('Origin',(-4.4,-0.899999983236,-4.549999901652));
#8557=CARTESIAN_POINT('',(-4.9,-0.899999983236,-3.899999901652));
#8558=CARTESIAN_POINT('Origin',(-4.9,-0.899999983236,-4.549999901652));
#8559=CARTESIAN_POINT('Origin',(-4.4,-0.899999983236,-3.899999901652));
#8560=CARTESIAN_POINT('Origin',(-4.4,-0.0999999916181,-3.899999901652));
#8561=CARTESIAN_POINT('',(-4.9,-1.449999964237,-3.899999901652));
#8562=CARTESIAN_POINT('',(-4.9,-0.0999999916181,-3.899999901652));
#8563=CARTESIAN_POINT('',(-4.4,-1.449999964237,-4.399999901652));
#8564=CARTESIAN_POINT('Origin',(-4.4,-1.449999964237,-3.899999901652));
#8565=CARTESIAN_POINT('',(-4.4,-1.599999964237,-4.399999901652));
#8566=CARTESIAN_POINT('Origin',(-4.4,-1.449999964237,-4.549999901652));
#8567=CARTESIAN_POINT('',(-4.4,-1.599999964237,-4.549999901652));
#8568=CARTESIAN_POINT('Origin',(-4.4,-1.449999964237,-4.549999901652));
#8569=CARTESIAN_POINT('',(-4.9,-2.099999964237,-4.549999901652));
#8570=CARTESIAN_POINT('Origin',(-4.9,-1.449999964237,-4.549999901652));
#8571=CARTESIAN_POINT('Origin',(-4.4,-2.099999964237,-4.549999901652));
#8572=CARTESIAN_POINT('Origin',(-4.4,-2.099999964237,-2.299999950826));
#8573=CARTESIAN_POINT('',(-4.9,-2.099999964237,-2.299999950826));
#8574=CARTESIAN_POINT('',(-4.4,-1.599999964237,-5.199999901652));
#8575=CARTESIAN_POINT('Origin',(-4.9,0.55,-0.2));
#8576=CARTESIAN_POINT('',(-4.9,-2.85,-12.2));
#8577=CARTESIAN_POINT('',(-4.9,0.55,-12.2));
#8578=CARTESIAN_POINT('',(-4.9,0.275,-12.2));
#8579=CARTESIAN_POINT('',(-4.9,0.55,-0.2));
#8580=CARTESIAN_POINT('',(-4.9,0.55,-0.2));
#8581=CARTESIAN_POINT('',(-4.9,-2.85,-0.2));
#8582=CARTESIAN_POINT('',(-4.9,-2.85,-0.2));
#8583=CARTESIAN_POINT('',(-4.9,-2.85,-0.2));
#8584=CARTESIAN_POINT('Origin',(-4.4,-1.174999973737,-4.799999901652));
#8585=CARTESIAN_POINT('Origin',(4.4,-0.238204909335,-2.25773963089));
#8586=CARTESIAN_POINT('',(4.9,-0.238204909335,-4.315479261779));
#8587=CARTESIAN_POINT('',(4.9,-0.238204909335,-4.714624496949));
#8588=CARTESIAN_POINT('',(4.9,-0.238204909335,-2.25773963089));
#8589=CARTESIAN_POINT('',(4.4,-0.738204909335,-4.714624496949));
#8590=CARTESIAN_POINT('Origin',(4.4,-0.238204909335,-4.714624496949));
#8591=CARTESIAN_POINT('',(4.4,-0.738204909335,-4.315479261779));
#8592=CARTESIAN_POINT('',(4.4,-0.738204909335,-4.714624496949));
#8593=CARTESIAN_POINT('Origin',(4.4,-0.238204909335,-4.315479261779));
#8594=CARTESIAN_POINT('Origin',(4.4,-0.888204909335,-4.315479261779));
#8595=CARTESIAN_POINT('',(4.9,-0.888204909335,-3.665479261779));
#8596=CARTESIAN_POINT('Origin',(4.9,-0.888204909335,-4.315479261779));
#8597=CARTESIAN_POINT('',(4.4,-0.888204909335,-4.165479261779));
#8598=CARTESIAN_POINT('Origin',(4.4,-0.888204909335,-4.315479261779));
#8599=CARTESIAN_POINT('Origin',(4.4,-0.888204909335,-3.665479261779));
#8600=CARTESIAN_POINT('Origin',(4.4,-2.16345356364,-3.665479261779));
#8601=CARTESIAN_POINT('',(4.9,-1.47690712728,-3.665479261779));
#8602=CARTESIAN_POINT('',(4.9,-2.16345356364,-3.665479261779));
#8603=CARTESIAN_POINT('',(4.4,-1.47690712728,-4.165479261779));
#8604=CARTESIAN_POINT('',(4.4,-0.888204909335,-4.165479261779));
#8605=CARTESIAN_POINT('Origin',(4.4,-1.47690712728,-3.665479261779));
#8606=CARTESIAN_POINT('Origin',(4.4,-1.47690712728,-4.315479261779));
#8607=CARTESIAN_POINT('',(4.9,-2.12690712728,-4.315479261779));
#8608=CARTESIAN_POINT('Origin',(4.9,-1.47690712728,-4.315479261779));
#8609=CARTESIAN_POINT('',(4.4,-1.62690712728,-4.315479261779));
#8610=CARTESIAN_POINT('Origin',(4.4,-1.47690712728,-4.315479261779));
#8611=CARTESIAN_POINT('Origin',(4.4,-2.12690712728,-4.315479261779));
#8612=CARTESIAN_POINT('Origin',(4.4,-2.12690712728,-2.457312248474));
#8613=CARTESIAN_POINT('',(4.9,-2.12690712728,-4.714624496949));
#8614=CARTESIAN_POINT('',(4.9,-2.12690712728,-2.457312248474));
#8615=CARTESIAN_POINT('',(4.4,-1.62690712728,-4.714624496949));
#8616=CARTESIAN_POINT('',(4.4,-1.62690712728,-4.315479261779));
#8617=CARTESIAN_POINT('Origin',(4.4,-2.12690712728,-4.714624496949));
#8618=CARTESIAN_POINT('Origin',(4.4,-1.47690712728,-4.714624496949));
#8619=CARTESIAN_POINT('',(4.9,-1.47690712728,-5.364624496949));
#8620=CARTESIAN_POINT('Origin',(4.9,-1.47690712728,-4.714624496949));
#8621=CARTESIAN_POINT('',(4.4,-1.47690712728,-4.864624496949));
#8622=CARTESIAN_POINT('Origin',(4.4,-1.47690712728,-4.714624496949));
#8623=CARTESIAN_POINT('Origin',(4.4,-1.47690712728,-5.364624496949));
#8624=CARTESIAN_POINT('Origin',(4.4,-1.869102454668,-5.364624496949));
#8625=CARTESIAN_POINT('',(4.9,-0.888204909335,-5.364624496949));
#8626=CARTESIAN_POINT('',(4.9,-1.869102454668,-5.364624496949));
#8627=CARTESIAN_POINT('',(4.4,-0.888204909335,-4.864624496949));
#8628=CARTESIAN_POINT('',(4.4,-1.47690712728,-4.864624496949));
#8629=CARTESIAN_POINT('Origin',(4.4,-0.888204909335,-5.364624496949));
#8630=CARTESIAN_POINT('Origin',(4.4,-0.888204909335,-4.714624496949));
#8631=CARTESIAN_POINT('Origin',(4.9,-0.888204909335,-4.714624496949));
#8632=CARTESIAN_POINT('Origin',(4.4,-0.888204909335,-4.714624496949));
#8633=CARTESIAN_POINT('Origin',(4.9,-2.85,-0.2));
#8634=CARTESIAN_POINT('',(4.9,0.55,-12.2));
#8635=CARTESIAN_POINT('',(4.9,-2.85,-12.2));
#8636=CARTESIAN_POINT('',(4.9,-1.425,-12.2));
#8637=CARTESIAN_POINT('',(4.9,-2.85,-0.2));
#8638=CARTESIAN_POINT('',(4.9,-2.85,-0.2));
#8639=CARTESIAN_POINT('',(4.9,0.55,-0.2));
#8640=CARTESIAN_POINT('',(4.9,-2.85,-0.2));
#8641=CARTESIAN_POINT('',(4.9,0.55,-0.2));
#8642=CARTESIAN_POINT('Origin',(4.4,-1.182556018307,-4.515051879364));
#8643=CARTESIAN_POINT('Ctrl Pts',(2.74955223585945,-1.54613897765926,-0.461361232218411));
#8644=CARTESIAN_POINT('Ctrl Pts',(2.75675524810273,-1.55182033554379,-0.328311610452263));
#8645=CARTESIAN_POINT('Ctrl Pts',(2.63598151789451,-1.45655001618996,-0.2));
#8646=CARTESIAN_POINT('Ctrl Pts',(2.5,-1.35,-0.2));
#8647=CARTESIAN_POINT('Ctrl Pts',(2.75080181193398,-1.56226483267551,-0.462227451079428));
#8648=CARTESIAN_POINT('Ctrl Pts',(2.75842336533816,-1.56861063419787,-0.318469042019926));
#8649=CARTESIAN_POINT('Ctrl Pts',(2.63043464979499,-1.46209688428818,-0.2));
#8650=CARTESIAN_POINT('Ctrl Pts',(2.5,-1.35,-0.2));
#8651=CARTESIAN_POINT('Ctrl Pts',(2.73781110095888,-1.59137479975963,-0.462996880360403));
#8652=CARTESIAN_POINT('Ctrl Pts',(2.7452254596259,-1.59893248529796,-0.309726262691675));
#8653=CARTESIAN_POINT('Ctrl Pts',(2.62062427802684,-1.47190725605633,-0.2));
#8654=CARTESIAN_POINT('Ctrl Pts',(2.5,-1.35,-0.2));
#8655=CARTESIAN_POINT('Ctrl Pts',(2.70850937386153,-1.60048387980186,-0.462017013430469));
#8656=CARTESIAN_POINT('Ctrl Pts',(2.71469989639593,-1.60800682378971,-0.320860177856188));
#8657=CARTESIAN_POINT('Ctrl Pts',(2.6108139062587,-1.48171762782448,-0.2));
#8658=CARTESIAN_POINT('Ctrl Pts',(2.5,-1.35,-0.2));
#8659=CARTESIAN_POINT('Ctrl Pts',(2.69614425113809,-1.59955696783562,-0.461364372789883));
#8660=CARTESIAN_POINT('Ctrl Pts',(2.70182591398023,-1.60676029874641,-0.328275925141055));
#8661=CARTESIAN_POINT('Ctrl Pts',(2.60655040259009,-1.48598113149447,-0.2));
#8662=CARTESIAN_POINT('Ctrl Pts',(2.5,-1.35,-0.2));
#8663=CARTESIAN_POINT('',(2.7,-1.6,-0.45));
#8664=CARTESIAN_POINT('',(2.75,-1.55,-0.45));
#8665=CARTESIAN_POINT('Origin',(2.7,-1.55,-0.45));
#8666=CARTESIAN_POINT('',(2.5,-1.35,-0.2));
#8667=CARTESIAN_POINT('Origin',(2.5,-1.35,-0.45));
#8668=CARTESIAN_POINT('Origin',(2.5,-1.35,-0.45));
#8669=CARTESIAN_POINT('Ctrl Pts',(-2.69613897765926,-1.59955223585945,-0.461361232218409));
#8670=CARTESIAN_POINT('Ctrl Pts',(-2.70182033554379,-1.60675524810272,-0.328311610452262));
#8671=CARTESIAN_POINT('Ctrl Pts',(-2.60655001618996,-1.48598151789451,-0.2));
#8672=CARTESIAN_POINT('Ctrl Pts',(-2.5,-1.35,-0.2));
#8673=CARTESIAN_POINT('Ctrl Pts',(-2.71226483267551,-1.60080181193398,-0.462227451079426));
#8674=CARTESIAN_POINT('Ctrl Pts',(-2.71861063419787,-1.60842336533816,-0.318469042019924));
#8675=CARTESIAN_POINT('Ctrl Pts',(-2.61209688428818,-1.48043464979499,-0.2));
#8676=CARTESIAN_POINT('Ctrl Pts',(-2.5,-1.35,-0.2));
#8677=CARTESIAN_POINT('Ctrl Pts',(-2.74137479976061,-1.58781110095844,-0.462996880360427));
#8678=CARTESIAN_POINT('Ctrl Pts',(-2.74893248529899,-1.59522545962546,-0.309726262691378));
#8679=CARTESIAN_POINT('Ctrl Pts',(-2.62190725605666,-1.47062427802651,-0.2));
#8680=CARTESIAN_POINT('Ctrl Pts',(-2.5,-1.35,-0.2));
#8681=CARTESIAN_POINT('Ctrl Pts',(-2.75048387980248,-1.55850937385955,-0.4620170134304));
#8682=CARTESIAN_POINT('Ctrl Pts',(-2.75800682379033,-1.56469989639386,-0.320860177856939));
#8683=CARTESIAN_POINT('Ctrl Pts',(-2.63171762782514,-1.46081390625803,-0.2));
#8684=CARTESIAN_POINT('Ctrl Pts',(-2.5,-1.35,-0.2));
#8685=CARTESIAN_POINT('Ctrl Pts',(-2.7495569678354,-1.5461442511352,-0.461364372789729));
#8686=CARTESIAN_POINT('Ctrl Pts',(-2.75676029874612,-1.55182591397722,-0.328275925142784));
#8687=CARTESIAN_POINT('Ctrl Pts',(-2.63598113149547,-1.4565504025891,-0.2));
#8688=CARTESIAN_POINT('Ctrl Pts',(-2.5,-1.35,-0.2));
#8689=CARTESIAN_POINT('',(-2.75,-1.55,-0.45));
#8690=CARTESIAN_POINT('',(-2.7,-1.6,-0.45));
#8691=CARTESIAN_POINT('Origin',(-2.7,-1.55,-0.45));
#8692=CARTESIAN_POINT('',(-2.5,-1.35,-0.2));
#8693=CARTESIAN_POINT('Origin',(-2.5,-1.35,-0.45));
#8694=CARTESIAN_POINT('Origin',(-2.5,-1.35,-0.45));
#8695=CARTESIAN_POINT('Ctrl Pts',(-2.74955223585945,1.54613897765926,-0.461361232218409));
#8696=CARTESIAN_POINT('Ctrl Pts',(-2.75675524810272,1.55182033554379,-0.328311610452261));
#8697=CARTESIAN_POINT('Ctrl Pts',(-2.63598151789451,1.45655001618996,-0.2));
#8698=CARTESIAN_POINT('Ctrl Pts',(-2.5,1.35,-0.2));
#8699=CARTESIAN_POINT('Ctrl Pts',(-2.75080181193398,1.56226483267551,-0.462227451079426));
#8700=CARTESIAN_POINT('Ctrl Pts',(-2.75842336533815,1.56861063419787,-0.318469042019924));
#8701=CARTESIAN_POINT('Ctrl Pts',(-2.63043464979499,1.46209688428818,-0.2));
#8702=CARTESIAN_POINT('Ctrl Pts',(-2.5,1.35,-0.2));
#8703=CARTESIAN_POINT('Ctrl Pts',(-2.73781110095888,1.59137479975963,-0.462996880360401));
#8704=CARTESIAN_POINT('Ctrl Pts',(-2.7452254596259,1.59893248529796,-0.309726262691674));
#8705=CARTESIAN_POINT('Ctrl Pts',(-2.62062427802684,1.47190725605633,-0.2));
#8706=CARTESIAN_POINT('Ctrl Pts',(-2.5,1.35,-0.2));
#8707=CARTESIAN_POINT('Ctrl Pts',(-2.70850937386153,1.60048387980186,-0.462017013430467));
#8708=CARTESIAN_POINT('Ctrl Pts',(-2.71469989639592,1.60800682378971,-0.320860177856187));
#8709=CARTESIAN_POINT('Ctrl Pts',(-2.61081390625869,1.48171762782447,-0.2));
#8710=CARTESIAN_POINT('Ctrl Pts',(-2.5,1.35,-0.2));
#8711=CARTESIAN_POINT('Ctrl Pts',(-2.69614425113808,1.59955696783562,-0.461364372789881));
#8712=CARTESIAN_POINT('Ctrl Pts',(-2.70182591398022,1.60676029874641,-0.328275925141053));
#8713=CARTESIAN_POINT('Ctrl Pts',(-2.60655040259009,1.48598113149447,-0.2));
#8714=CARTESIAN_POINT('Ctrl Pts',(-2.5,1.35,-0.2));
#8715=CARTESIAN_POINT('',(-2.7,1.6,-0.45));
#8716=CARTESIAN_POINT('',(-2.75,1.55,-0.45));
#8717=CARTESIAN_POINT('Origin',(-2.7,1.55,-0.45));
#8718=CARTESIAN_POINT('',(-2.5,1.35,-0.2));
#8719=CARTESIAN_POINT('Origin',(-2.5,1.35,-0.45));
#8720=CARTESIAN_POINT('Origin',(-2.5,1.35,-0.45));
#8721=CARTESIAN_POINT('Ctrl Pts',(2.69613897765926,1.59955223585945,-0.461361232218409));
#8722=CARTESIAN_POINT('Ctrl Pts',(2.70182033554379,1.60675524810272,-0.328311610452262));
#8723=CARTESIAN_POINT('Ctrl Pts',(2.60655001618996,1.48598151789451,-0.2));
#8724=CARTESIAN_POINT('Ctrl Pts',(2.5,1.35,-0.2));
#8725=CARTESIAN_POINT('Ctrl Pts',(2.71226483267551,1.60080181193398,-0.462227451079426));
#8726=CARTESIAN_POINT('Ctrl Pts',(2.71861063419787,1.60842336533816,-0.318469042019924));
#8727=CARTESIAN_POINT('Ctrl Pts',(2.61209688428818,1.48043464979499,-0.2));
#8728=CARTESIAN_POINT('Ctrl Pts',(2.5,1.35,-0.2));
#8729=CARTESIAN_POINT('Ctrl Pts',(2.74137479976061,1.58781110095844,-0.462996880360427));
#8730=CARTESIAN_POINT('Ctrl Pts',(2.74893248529899,1.59522545962546,-0.309726262691378));
#8731=CARTESIAN_POINT('Ctrl Pts',(2.62190725605666,1.47062427802651,-0.2));
#8732=CARTESIAN_POINT('Ctrl Pts',(2.5,1.35,-0.2));
#8733=CARTESIAN_POINT('Ctrl Pts',(2.75048387980248,1.55850937385955,-0.4620170134304));
#8734=CARTESIAN_POINT('Ctrl Pts',(2.75800682379033,1.56469989639386,-0.320860177856939));
#8735=CARTESIAN_POINT('Ctrl Pts',(2.63171762782514,1.46081390625803,-0.2));
#8736=CARTESIAN_POINT('Ctrl Pts',(2.5,1.35,-0.2));
#8737=CARTESIAN_POINT('Ctrl Pts',(2.7495569678354,1.5461442511352,-0.461364372789729));
#8738=CARTESIAN_POINT('Ctrl Pts',(2.75676029874612,1.55182591397722,-0.328275925142784));
#8739=CARTESIAN_POINT('Ctrl Pts',(2.63598113149547,1.4565504025891,-0.2));
#8740=CARTESIAN_POINT('Ctrl Pts',(2.5,1.35,-0.2));
#8741=CARTESIAN_POINT('',(2.75,1.55,-0.45));
#8742=CARTESIAN_POINT('',(2.7,1.6,-0.45));
#8743=CARTESIAN_POINT('Origin',(2.7,1.55,-0.45));
#8744=CARTESIAN_POINT('',(2.5,1.35,-0.2));
#8745=CARTESIAN_POINT('Origin',(2.5,1.35,-0.45));
#8746=CARTESIAN_POINT('Origin',(2.5,1.35,-0.45));
#8747=CARTESIAN_POINT('Origin',(2.5,0.775,-0.45));
#8748=CARTESIAN_POINT('',(2.75,0.775,-0.45));
#8749=CARTESIAN_POINT('',(2.5,0.775,-0.2));
#8750=CARTESIAN_POINT('Origin',(-1.35,1.35,-0.45));
#8751=CARTESIAN_POINT('',(-1.35,1.35,-0.2));
#8752=CARTESIAN_POINT('',(-1.35,1.6,-0.45));
#8753=CARTESIAN_POINT('Origin',(-2.5,-0.775,-0.45));
#8754=CARTESIAN_POINT('',(-2.5,-0.775,-0.2));
#8755=CARTESIAN_POINT('',(-2.75,-0.775,-0.45));
#8756=CARTESIAN_POINT('Origin',(1.35,-1.35,-0.45));
#8757=CARTESIAN_POINT('',(1.35,-1.35,-0.2));
#8758=CARTESIAN_POINT('',(1.35,-1.6,-0.45));
#8759=CARTESIAN_POINT('Origin',(-2.75,-1.55,-0.2));
#8760=CARTESIAN_POINT('',(-2.75,1.55,-12.2));
#8761=CARTESIAN_POINT('',(-2.75,1.55,-0.2));
#8762=CARTESIAN_POINT('',(-2.75,-1.55,-12.2));
#8763=CARTESIAN_POINT('',(-2.75,-0.775,-12.2));
#8764=CARTESIAN_POINT('',(-2.75,-1.55,-0.2));
#8765=CARTESIAN_POINT('Origin',(-2.7,1.55,-0.2));
#8766=CARTESIAN_POINT('',(-2.7,1.6,-12.2));
#8767=CARTESIAN_POINT('',(-2.7,1.6,-0.2));
#8768=CARTESIAN_POINT('Origin',(-2.7,1.55,-12.2));
#8769=CARTESIAN_POINT('Origin',(-2.7,1.6,-0.2));
#8770=CARTESIAN_POINT('',(2.7,1.6,-12.2));
#8771=CARTESIAN_POINT('',(2.7,1.6,-0.2));
#8772=CARTESIAN_POINT('',(1.75,1.6,-12.2));
#8773=CARTESIAN_POINT('',(-1.35,1.6,-12.2));
#8774=CARTESIAN_POINT('',(1.75,1.6,-2.2));
#8775=CARTESIAN_POINT('',(1.75,1.6,-2.2));
#8776=CARTESIAN_POINT('',(0.75,1.6,-2.2));
#8777=CARTESIAN_POINT('',(-2.7,1.6,-2.2));
#8778=CARTESIAN_POINT('',(0.75,1.6,-12.2));
#8779=CARTESIAN_POINT('',(0.75,1.6,-2.2));
#8780=CARTESIAN_POINT('',(-0.75,1.6,-12.2));
#8781=CARTESIAN_POINT('',(-1.35,1.6,-12.2));
#8782=CARTESIAN_POINT('',(-0.75,1.6,-2.2));
#8783=CARTESIAN_POINT('',(-0.75,1.6,-2.2));
#8784=CARTESIAN_POINT('',(-1.75,1.6,-2.2));
#8785=CARTESIAN_POINT('',(-2.7,1.6,-2.2));
#8786=CARTESIAN_POINT('',(-1.75,1.6,-12.2));
#8787=CARTESIAN_POINT('',(-1.75,1.6,-2.2));
#8788=CARTESIAN_POINT('',(-1.35,1.6,-12.2));
#8789=CARTESIAN_POINT('Origin',(2.7,1.55,-0.2));
#8790=CARTESIAN_POINT('',(2.75,1.55,-12.2));
#8791=CARTESIAN_POINT('',(2.75,1.55,-0.2));
#8792=CARTESIAN_POINT('Origin',(2.7,1.55,-12.2));
#8793=CARTESIAN_POINT('Origin',(0.,-2.775557561563E-16,-0.2));
#8794=CARTESIAN_POINT('Origin',(-1.1,-5.15,-15.75));
#8795=CARTESIAN_POINT('',(-1.1,2.85,-15.8));
#8796=CARTESIAN_POINT('',(-1.1,-5.15,-15.8));
#8797=CARTESIAN_POINT('',(-1.1,-5.15,-15.8));
#8798=CARTESIAN_POINT('',(-1.05,-5.15,-15.75));
#8799=CARTESIAN_POINT('Origin',(-1.1,-5.15,-15.75));
#8800=CARTESIAN_POINT('',(-1.05,2.85,-15.75));
#8801=CARTESIAN_POINT('',(-1.05,-5.15,-15.75));
#8802=CARTESIAN_POINT('Origin',(-1.1,2.85,-15.75));
#8803=CARTESIAN_POINT('Origin',(-1.4,-5.15,-15.4));
#8804=CARTESIAN_POINT('',(-1.4,-1.35,-15.4));
#8805=CARTESIAN_POINT('',(-1.1,-1.35,-15.4));
#8806=CARTESIAN_POINT('',(-1.075,-1.35,-15.4));
#8807=CARTESIAN_POINT('',(-1.4,1.35,-15.4));
#8808=CARTESIAN_POINT('',(-1.4,-5.15,-15.4));
#8809=CARTESIAN_POINT('',(-1.1,1.35,-15.4));
#8810=CARTESIAN_POINT('',(-1.575,1.35,-15.4));
#8811=CARTESIAN_POINT('',(-1.1,-5.15,-15.4));
#8812=CARTESIAN_POINT('Origin',(-1.4,-5.15,-15.4));
#8813=CARTESIAN_POINT('',(-1.4,-5.15,-15.4));
#8814=CARTESIAN_POINT('',(-1.1,-5.15,-15.4));
#8815=CARTESIAN_POINT('',(2.225,-5.15,-15.4));
#8816=CARTESIAN_POINT('',(-1.4,-2.85,-15.4));
#8817=CARTESIAN_POINT('',(-1.4,-5.15,-15.4));
#8818=CARTESIAN_POINT('',(-1.1,-2.85,-15.4));
#8819=CARTESIAN_POINT('',(-1.075,-2.85,-15.4));
#8820=CARTESIAN_POINT('',(-1.1,-5.15,-15.4));
#8821=CARTESIAN_POINT('Origin',(-1.4,-5.15,-15.45));
#8822=CARTESIAN_POINT('',(-1.45,-1.35,-15.45));
#8823=CARTESIAN_POINT('Origin',(-1.4,-1.35,-15.45));
#8824=CARTESIAN_POINT('',(-1.45,1.35,-15.45));
#8825=CARTESIAN_POINT('',(-1.45,-5.15,-15.45));
#8826=CARTESIAN_POINT('Origin',(-1.4,1.35,-15.45));
#8827=CARTESIAN_POINT('Origin',(-1.1,-5.15,-15.45));
#8828=CARTESIAN_POINT('',(-1.05,1.35,-15.45));
#8829=CARTESIAN_POINT('',(-1.05,-1.35,-15.45));
#8830=CARTESIAN_POINT('',(-1.05,-5.15,-15.45));
#8831=CARTESIAN_POINT('Origin',(-1.1,-1.35,-15.45));
#8832=CARTESIAN_POINT('Origin',(-1.1,1.35,-15.45));
#8833=CARTESIAN_POINT('Origin',(-1.1,-5.15,-15.45));
#8834=CARTESIAN_POINT('',(-1.05,-2.85,-15.45));
#8835=CARTESIAN_POINT('',(-1.05,-5.15,-15.45));
#8836=CARTESIAN_POINT('',(-1.05,-5.15,-15.45));
#8837=CARTESIAN_POINT('Origin',(-1.1,-5.15,-15.45));
#8838=CARTESIAN_POINT('Origin',(-1.1,-2.85,-15.45));
#8839=CARTESIAN_POINT('Origin',(-1.05,-5.15,-15.45));
#8840=CARTESIAN_POINT('',(-1.05,-5.15,-7.825));
#8841=CARTESIAN_POINT('',(-1.05,-2.85,-15.7));
#8842=CARTESIAN_POINT('',(-1.05,-2.85,-13.825));
#8843=CARTESIAN_POINT('',(-1.05,-1.35,-15.7));
#8844=CARTESIAN_POINT('',(-1.05,-3.625,-15.7));
#8845=CARTESIAN_POINT('',(-1.05,-1.35,-8.825));
#8846=CARTESIAN_POINT('',(-1.05,1.35,-15.7));
#8847=CARTESIAN_POINT('',(-1.05,1.35,-8.825));
#8848=CARTESIAN_POINT('',(-1.05,2.85,-15.7));
#8849=CARTESIAN_POINT('',(-1.05,-1.525,-15.7));
#8850=CARTESIAN_POINT('',(-1.05,2.85,-15.45));
#8851=CARTESIAN_POINT('Origin',(-1.1,-5.15,-15.8));
#8852=CARTESIAN_POINT('',(-1.4,-5.15,-15.8));
#8853=CARTESIAN_POINT('',(2.375,-5.15,-15.8));
#8854=CARTESIAN_POINT('',(-1.4,2.85,-15.8));
#8855=CARTESIAN_POINT('',(-1.1,2.85,-15.8));
#8856=CARTESIAN_POINT('',(-1.4,-5.15,-15.8));
#8857=CARTESIAN_POINT('Origin',(-1.4,-5.15,-15.45));
#8858=CARTESIAN_POINT('',(-1.45,-5.15,-15.45));
#8859=CARTESIAN_POINT('Origin',(-1.4,-5.15,-15.45));
#8860=CARTESIAN_POINT('',(-1.45,-2.85,-15.45));
#8861=CARTESIAN_POINT('',(-1.45,-5.15,-15.45));
#8862=CARTESIAN_POINT('Origin',(-1.4,-2.85,-15.45));
#8863=CARTESIAN_POINT('Origin',(-1.45,-5.15,-15.75));
#8864=CARTESIAN_POINT('',(-1.45,-5.15,-15.75));
#8865=CARTESIAN_POINT('',(-1.45,-5.15,-7.975));
#8866=CARTESIAN_POINT('',(-1.45,2.85,-15.75));
#8867=CARTESIAN_POINT('',(-1.45,-5.15,-15.75));
#8868=CARTESIAN_POINT('',(-1.45,2.85,-15.7));
#8869=CARTESIAN_POINT('',(-1.45,2.85,-15.75));
#8870=CARTESIAN_POINT('',(-1.45,1.35,-15.7));
#8871=CARTESIAN_POINT('',(-1.45,-1.525,-15.7));
#8872=CARTESIAN_POINT('',(-1.45,1.35,-8.975));
#8873=CARTESIAN_POINT('',(-1.45,-1.35,-15.7));
#8874=CARTESIAN_POINT('',(-1.45,-1.35,-8.975));
#8875=CARTESIAN_POINT('',(-1.45,-2.85,-15.7));
#8876=CARTESIAN_POINT('',(-1.45,-3.625,-15.7));
#8877=CARTESIAN_POINT('',(-1.45,-2.85,-13.975));
#8878=CARTESIAN_POINT('Origin',(-1.4,-5.15,-15.75));
#8879=CARTESIAN_POINT('Origin',(-1.4,-5.15,-15.75));
#8880=CARTESIAN_POINT('Origin',(-1.4,2.85,-15.75));
#8881=CARTESIAN_POINT('Origin',(1.4,-5.15,-15.75));
#8882=CARTESIAN_POINT('',(1.4,2.85,-15.8));
#8883=CARTESIAN_POINT('',(1.4,-5.15,-15.8));
#8884=CARTESIAN_POINT('',(1.4,-5.15,-15.8));
#8885=CARTESIAN_POINT('',(1.45,-5.15,-15.75));
#8886=CARTESIAN_POINT('Origin',(1.4,-5.15,-15.75));
#8887=CARTESIAN_POINT('',(1.45,2.85,-15.75));
#8888=CARTESIAN_POINT('',(1.45,-5.15,-15.75));
#8889=CARTESIAN_POINT('Origin',(1.4,2.85,-15.75));
#8890=CARTESIAN_POINT('Origin',(1.1,-5.15,-15.4));
#8891=CARTESIAN_POINT('',(1.1,-1.35,-15.4));
#8892=CARTESIAN_POINT('',(1.4,-1.35,-15.4));
#8893=CARTESIAN_POINT('',(1.425,-1.35,-15.4));
#8894=CARTESIAN_POINT('',(1.1,1.35,-15.4));
#8895=CARTESIAN_POINT('',(1.1,-5.15,-15.4));
#8896=CARTESIAN_POINT('',(1.4,1.35,-15.4));
#8897=CARTESIAN_POINT('',(0.925,1.35,-15.4));
#8898=CARTESIAN_POINT('',(1.4,-5.15,-15.4));
#8899=CARTESIAN_POINT('Origin',(1.1,-5.15,-15.4));
#8900=CARTESIAN_POINT('',(1.1,-5.15,-15.4));
#8901=CARTESIAN_POINT('',(1.4,-5.15,-15.4));
#8902=CARTESIAN_POINT('',(3.475,-5.15,-15.4));
#8903=CARTESIAN_POINT('',(1.1,-2.85,-15.4));
#8904=CARTESIAN_POINT('',(1.1,-5.15,-15.4));
#8905=CARTESIAN_POINT('',(1.4,-2.85,-15.4));
#8906=CARTESIAN_POINT('',(1.425,-2.85,-15.4));
#8907=CARTESIAN_POINT('',(1.4,-5.15,-15.4));
#8908=CARTESIAN_POINT('Origin',(1.1,-5.15,-15.45));
#8909=CARTESIAN_POINT('',(1.05,-1.35,-15.45));
#8910=CARTESIAN_POINT('Origin',(1.1,-1.35,-15.45));
#8911=CARTESIAN_POINT('',(1.05,1.35,-15.45));
#8912=CARTESIAN_POINT('',(1.05,-5.15,-15.45));
#8913=CARTESIAN_POINT('Origin',(1.1,1.35,-15.45));
#8914=CARTESIAN_POINT('Origin',(1.4,-5.15,-15.45));
#8915=CARTESIAN_POINT('',(1.45,1.35,-15.45));
#8916=CARTESIAN_POINT('',(1.45,-1.35,-15.45));
#8917=CARTESIAN_POINT('',(1.45,-5.15,-15.45));
#8918=CARTESIAN_POINT('Origin',(1.4,-1.35,-15.45));
#8919=CARTESIAN_POINT('Origin',(1.4,1.35,-15.45));
#8920=CARTESIAN_POINT('Origin',(1.4,-5.15,-15.45));
#8921=CARTESIAN_POINT('',(1.45,-2.85,-15.45));
#8922=CARTESIAN_POINT('',(1.45,-5.15,-15.45));
#8923=CARTESIAN_POINT('',(1.45,-5.15,-15.45));
#8924=CARTESIAN_POINT('Origin',(1.4,-5.15,-15.45));
#8925=CARTESIAN_POINT('Origin',(1.4,-2.85,-15.45));
#8926=CARTESIAN_POINT('Origin',(1.45,-5.15,-15.45));
#8927=CARTESIAN_POINT('',(1.45,-5.15,-7.825));
#8928=CARTESIAN_POINT('',(1.45,-2.85,-15.7));
#8929=CARTESIAN_POINT('',(1.45,-2.85,-13.825));
#8930=CARTESIAN_POINT('',(1.45,-1.35,-15.7));
#8931=CARTESIAN_POINT('',(1.45,-3.625,-15.7));
#8932=CARTESIAN_POINT('',(1.45,-1.35,-8.825));
#8933=CARTESIAN_POINT('',(1.45,1.35,-15.7));
#8934=CARTESIAN_POINT('',(1.45,1.35,-8.825));
#8935=CARTESIAN_POINT('',(1.45,2.85,-15.7));
#8936=CARTESIAN_POINT('',(1.45,-1.525,-15.7));
#8937=CARTESIAN_POINT('',(1.45,2.85,-15.45));
#8938=CARTESIAN_POINT('Origin',(1.4,-5.15,-15.8));
#8939=CARTESIAN_POINT('',(1.1,-5.15,-15.8));
#8940=CARTESIAN_POINT('',(3.625,-5.15,-15.8));
#8941=CARTESIAN_POINT('',(1.1,2.85,-15.8));
#8942=CARTESIAN_POINT('',(1.4,2.85,-15.8));
#8943=CARTESIAN_POINT('',(1.1,-5.15,-15.8));
#8944=CARTESIAN_POINT('Origin',(1.1,-5.15,-15.45));
#8945=CARTESIAN_POINT('',(1.05,-5.15,-15.45));
#8946=CARTESIAN_POINT('Origin',(1.1,-5.15,-15.45));
#8947=CARTESIAN_POINT('',(1.05,-2.85,-15.45));
#8948=CARTESIAN_POINT('',(1.05,-5.15,-15.45));
#8949=CARTESIAN_POINT('Origin',(1.1,-2.85,-15.45));
#8950=CARTESIAN_POINT('Origin',(1.05,-5.15,-15.75));
#8951=CARTESIAN_POINT('',(1.05,-5.15,-15.75));
#8952=CARTESIAN_POINT('',(1.05,-5.15,-7.975));
#8953=CARTESIAN_POINT('',(1.05,2.85,-15.75));
#8954=CARTESIAN_POINT('',(1.05,-5.15,-15.75));
#8955=CARTESIAN_POINT('',(1.05,2.85,-15.7));
#8956=CARTESIAN_POINT('',(1.05,2.85,-15.75));
#8957=CARTESIAN_POINT('',(1.05,1.35,-15.7));
#8958=CARTESIAN_POINT('',(1.05,-1.525,-15.7));
#8959=CARTESIAN_POINT('',(1.05,1.35,-8.975));
#8960=CARTESIAN_POINT('',(1.05,-1.35,-15.7));
#8961=CARTESIAN_POINT('',(1.05,-1.35,-8.975));
#8962=CARTESIAN_POINT('',(1.05,-2.85,-15.7));
#8963=CARTESIAN_POINT('',(1.05,-3.625,-15.7));
#8964=CARTESIAN_POINT('',(1.05,-2.85,-13.975));
#8965=CARTESIAN_POINT('Origin',(1.1,-5.15,-15.75));
#8966=CARTESIAN_POINT('Origin',(1.1,-5.15,-15.75));
#8967=CARTESIAN_POINT('Origin',(1.1,2.85,-15.75));
#8968=CARTESIAN_POINT('Origin',(-1.05,-5.15,-13.44999970048));
#8969=CARTESIAN_POINT('',(-1.05,1.35,-13.75000029951));
#8970=CARTESIAN_POINT('',(-1.05,1.35,-13.44999970048));
#8971=CARTESIAN_POINT('',(-1.05,1.35,-7.824999850243));
#8972=CARTESIAN_POINT('',(-1.05,-1.35,-13.75000029951));
#8973=CARTESIAN_POINT('',(-1.05,-5.15,-13.75000029951));
#8974=CARTESIAN_POINT('',(-1.05,-1.35,-13.44999970048));
#8975=CARTESIAN_POINT('',(-1.05,-1.35,-7.824999850243));
#8976=CARTESIAN_POINT('',(-1.05,-5.15,-13.44999970048));
#8977=CARTESIAN_POINT('Origin',(-1.05,-5.15,-13.44999970048));
#8978=CARTESIAN_POINT('',(-1.05,-2.85,-13.75000029951));
#8979=CARTESIAN_POINT('',(-1.05,-2.85,-13.44999970048));
#8980=CARTESIAN_POINT('',(-1.05,-2.85,-12.82499985024));
#8981=CARTESIAN_POINT('',(-1.05,-5.15,-13.75000029951));
#8982=CARTESIAN_POINT('',(-1.05,-5.15,-13.75000029951));
#8983=CARTESIAN_POINT('',(-1.05,-5.15,-13.44999970048));
#8984=CARTESIAN_POINT('',(-1.05,-5.15,-6.824999850243));
#8985=CARTESIAN_POINT('',(-1.05,-5.15,-13.44999970048));
#8986=CARTESIAN_POINT('Origin',(-1.1,-5.15,-13.44999970048));
#8987=CARTESIAN_POINT('',(-1.1,1.35,-13.39999970048));
#8988=CARTESIAN_POINT('',(-1.1,-1.35,-13.39999970048));
#8989=CARTESIAN_POINT('',(-1.1,-5.15,-13.39999970048));
#8990=CARTESIAN_POINT('Origin',(-1.1,1.35,-13.44999970048));
#8991=CARTESIAN_POINT('Origin',(-1.1,-1.35,-13.44999970048));
#8992=CARTESIAN_POINT('Origin',(-1.1,-5.15,-13.44999970048));
#8993=CARTESIAN_POINT('',(-1.1,-2.85,-13.39999970048));
#8994=CARTESIAN_POINT('',(-1.1,-5.15,-13.39999970048));
#8995=CARTESIAN_POINT('',(-1.1,-5.15,-13.39999970048));
#8996=CARTESIAN_POINT('Origin',(-1.1,-2.85,-13.44999970048));
#8997=CARTESIAN_POINT('Origin',(-1.1,-5.15,-13.44999970048));
#8998=CARTESIAN_POINT('Origin',(-1.1,-5.15,-13.75000029951));
#8999=CARTESIAN_POINT('',(-1.1,1.35,-13.80000029951));
#9000=CARTESIAN_POINT('Origin',(-1.1,1.35,-13.75000029951));
#9001=CARTESIAN_POINT('',(-1.1,-1.35,-13.80000029951));
#9002=CARTESIAN_POINT('',(-1.1,-5.15,-13.80000029951));
#9003=CARTESIAN_POINT('Origin',(-1.1,-1.35,-13.75000029951));
#9004=CARTESIAN_POINT('Origin',(-1.4,-5.15,-13.39999970048));
#9005=CARTESIAN_POINT('',(-1.4,1.35,-13.39999970048));
#9006=CARTESIAN_POINT('',(-1.575,1.35,-13.39999970048));
#9007=CARTESIAN_POINT('',(-1.4,-1.35,-13.39999970048));
#9008=CARTESIAN_POINT('',(-1.075,-1.35,-13.39999970048));
#9009=CARTESIAN_POINT('',(-1.4,-5.15,-13.39999970048));
#9010=CARTESIAN_POINT('Origin',(-1.4,-5.15,-13.39999970048));
#9011=CARTESIAN_POINT('',(-1.4,-2.85,-13.39999970048));
#9012=CARTESIAN_POINT('',(-1.075,-2.85,-13.39999970048));
#9013=CARTESIAN_POINT('',(-1.4,-5.15,-13.39999970048));
#9014=CARTESIAN_POINT('',(2.225,-5.15,-13.39999970048));
#9015=CARTESIAN_POINT('',(-1.4,-5.15,-13.39999970048));
#9016=CARTESIAN_POINT('Origin',(-1.1,-5.15,-13.80000029951));
#9017=CARTESIAN_POINT('',(-1.4,1.35,-13.80000029951));
#9018=CARTESIAN_POINT('',(-1.425,1.35,-13.80000029951));
#9019=CARTESIAN_POINT('',(-1.4,-1.35,-13.80000029951));
#9020=CARTESIAN_POINT('',(-1.4,-5.15,-13.80000029951));
#9021=CARTESIAN_POINT('',(-0.925,-1.35,-13.80000029951));
#9022=CARTESIAN_POINT('Origin',(-1.4,-5.15,-13.44999970048));
#9023=CARTESIAN_POINT('',(-1.45,1.35,-13.44999970048));
#9024=CARTESIAN_POINT('',(-1.45,-1.35,-13.44999970048));
#9025=CARTESIAN_POINT('',(-1.45,-5.15,-13.44999970048));
#9026=CARTESIAN_POINT('Origin',(-1.4,1.35,-13.44999970048));
#9027=CARTESIAN_POINT('Origin',(-1.4,-1.35,-13.44999970048));
#9028=CARTESIAN_POINT('Origin',(-1.4,-5.15,-13.44999970048));
#9029=CARTESIAN_POINT('',(-1.45,-2.85,-13.44999970048));
#9030=CARTESIAN_POINT('',(-1.45,-5.15,-13.44999970048));
#9031=CARTESIAN_POINT('',(-1.45,-5.15,-13.44999970048));
#9032=CARTESIAN_POINT('Origin',(-1.4,-2.85,-13.44999970048));
#9033=CARTESIAN_POINT('Origin',(-1.4,-5.15,-13.44999970048));
#9034=CARTESIAN_POINT('Origin',(-1.4,-5.15,-13.75000029951));
#9035=CARTESIAN_POINT('',(-1.45,1.35,-13.75000029951));
#9036=CARTESIAN_POINT('Origin',(-1.4,1.35,-13.75000029951));
#9037=CARTESIAN_POINT('',(-1.45,-1.35,-13.75000029951));
#9038=CARTESIAN_POINT('',(-1.45,-5.15,-13.75000029951));
#9039=CARTESIAN_POINT('Origin',(-1.4,-1.35,-13.75000029951));
#9040=CARTESIAN_POINT('Origin',(-1.45,-5.15,-13.75000029951));
#9041=CARTESIAN_POINT('',(-1.45,1.35,-7.975000149757));
#9042=CARTESIAN_POINT('',(-1.45,-1.35,-7.975000149757));
#9043=CARTESIAN_POINT('Origin',(-1.45,-5.15,-13.75000029951));
#9044=CARTESIAN_POINT('',(-1.45,-2.85,-13.75000029951));
#9045=CARTESIAN_POINT('',(-1.45,-2.85,-12.97500014975));
#9046=CARTESIAN_POINT('',(-1.45,-5.15,-13.75000029951));
#9047=CARTESIAN_POINT('',(-1.45,-5.15,-6.975000149757));
#9048=CARTESIAN_POINT('',(-1.45,-5.15,-13.75000029951));
#9049=CARTESIAN_POINT('Origin',(-1.4,-5.15,-13.75000029951));
#9050=CARTESIAN_POINT('',(-1.4,-2.85,-13.80000029951));
#9051=CARTESIAN_POINT('',(-1.4,-5.15,-13.80000029951));
#9052=CARTESIAN_POINT('',(-1.4,-5.15,-13.80000029951));
#9053=CARTESIAN_POINT('Origin',(-1.4,-2.85,-13.75000029951));
#9054=CARTESIAN_POINT('Origin',(-1.4,-5.15,-13.75000029951));
#9055=CARTESIAN_POINT('Origin',(-1.1,-5.15,-13.80000029951));
#9056=CARTESIAN_POINT('',(-1.1,-2.85,-13.80000029951));
#9057=CARTESIAN_POINT('',(-0.925,-2.85,-13.80000029951));
#9058=CARTESIAN_POINT('',(-1.1,-5.15,-13.80000029951));
#9059=CARTESIAN_POINT('',(2.375,-5.15,-13.80000029951));
#9060=CARTESIAN_POINT('',(-1.1,-5.15,-13.80000029951));
#9061=CARTESIAN_POINT('Origin',(-1.1,-5.15,-13.75000029951));
#9062=CARTESIAN_POINT('Origin',(-1.1,-2.85,-13.75000029951));
#9063=CARTESIAN_POINT('Origin',(-1.1,-5.15,-13.75000029951));
#9064=CARTESIAN_POINT('Origin',(1.45,-5.15,-13.45));
#9065=CARTESIAN_POINT('',(1.45,1.35,-13.75));
#9066=CARTESIAN_POINT('',(1.45,1.35,-13.45));
#9067=CARTESIAN_POINT('',(1.45,1.35,-7.825));
#9068=CARTESIAN_POINT('',(1.45,-1.35,-13.75));
#9069=CARTESIAN_POINT('',(1.45,-5.15,-13.75));
#9070=CARTESIAN_POINT('',(1.45,-1.35,-13.45));
#9071=CARTESIAN_POINT('',(1.45,-1.35,-7.825));
#9072=CARTESIAN_POINT('',(1.45,-5.15,-13.45));
#9073=CARTESIAN_POINT('Origin',(1.45,-5.15,-13.45));
#9074=CARTESIAN_POINT('',(1.45,-2.85,-13.75));
#9075=CARTESIAN_POINT('',(1.45,-2.85,-13.45));
#9076=CARTESIAN_POINT('',(1.45,-2.85,-12.825));
#9077=CARTESIAN_POINT('',(1.45,-5.15,-13.75));
#9078=CARTESIAN_POINT('',(1.45,-5.15,-13.75));
#9079=CARTESIAN_POINT('',(1.45,-5.15,-13.45));
#9080=CARTESIAN_POINT('',(1.45,-5.15,-6.825));
#9081=CARTESIAN_POINT('',(1.45,-5.15,-13.45));
#9082=CARTESIAN_POINT('Origin',(1.4,-5.15,-13.45));
#9083=CARTESIAN_POINT('',(1.4,1.35,-13.4));
#9084=CARTESIAN_POINT('',(1.4,-1.35,-13.4));
#9085=CARTESIAN_POINT('',(1.4,-5.15,-13.4));
#9086=CARTESIAN_POINT('Origin',(1.4,1.35,-13.45));
#9087=CARTESIAN_POINT('Origin',(1.4,-1.35,-13.45));
#9088=CARTESIAN_POINT('Origin',(1.4,-5.15,-13.45));
#9089=CARTESIAN_POINT('',(1.4,-2.85,-13.4));
#9090=CARTESIAN_POINT('',(1.4,-5.15,-13.4));
#9091=CARTESIAN_POINT('',(1.4,-5.15,-13.4));
#9092=CARTESIAN_POINT('Origin',(1.4,-2.85,-13.45));
#9093=CARTESIAN_POINT('Origin',(1.4,-5.15,-13.45));
#9094=CARTESIAN_POINT('Origin',(1.4,-5.15,-13.75));
#9095=CARTESIAN_POINT('',(1.4,1.35,-13.8));
#9096=CARTESIAN_POINT('Origin',(1.4,1.35,-13.75));
#9097=CARTESIAN_POINT('',(1.4,-1.35,-13.8));
#9098=CARTESIAN_POINT('',(1.4,-5.15,-13.8));
#9099=CARTESIAN_POINT('Origin',(1.4,-1.35,-13.75));
#9100=CARTESIAN_POINT('Origin',(1.1,-5.15,-13.4));
#9101=CARTESIAN_POINT('',(1.1,1.35,-13.4));
#9102=CARTESIAN_POINT('',(0.925,1.35,-13.4));
#9103=CARTESIAN_POINT('',(1.1,-1.35,-13.4));
#9104=CARTESIAN_POINT('',(1.425,-1.35,-13.4));
#9105=CARTESIAN_POINT('',(1.1,-5.15,-13.4));
#9106=CARTESIAN_POINT('Origin',(1.1,-5.15,-13.4));
#9107=CARTESIAN_POINT('',(1.1,-2.85,-13.4));
#9108=CARTESIAN_POINT('',(1.425,-2.85,-13.4));
#9109=CARTESIAN_POINT('',(1.1,-5.15,-13.4));
#9110=CARTESIAN_POINT('',(3.475,-5.15,-13.4));
#9111=CARTESIAN_POINT('',(1.1,-5.15,-13.4));
#9112=CARTESIAN_POINT('Origin',(1.4,-5.15,-13.8));
#9113=CARTESIAN_POINT('',(1.1,1.35,-13.8));
#9114=CARTESIAN_POINT('',(1.075,1.35,-13.8));
#9115=CARTESIAN_POINT('',(1.1,-1.35,-13.8));
#9116=CARTESIAN_POINT('',(1.1,-5.15,-13.8));
#9117=CARTESIAN_POINT('',(1.575,-1.35,-13.8));
#9118=CARTESIAN_POINT('Origin',(1.1,-5.15,-13.45));
#9119=CARTESIAN_POINT('',(1.05,1.35,-13.45));
#9120=CARTESIAN_POINT('',(1.05,-1.35,-13.45));
#9121=CARTESIAN_POINT('',(1.05,-5.15,-13.45));
#9122=CARTESIAN_POINT('Origin',(1.1,1.35,-13.45));
#9123=CARTESIAN_POINT('Origin',(1.1,-1.35,-13.45));
#9124=CARTESIAN_POINT('Origin',(1.1,-5.15,-13.45));
#9125=CARTESIAN_POINT('',(1.05,-2.85,-13.45));
#9126=CARTESIAN_POINT('',(1.05,-5.15,-13.45));
#9127=CARTESIAN_POINT('',(1.05,-5.15,-13.45));
#9128=CARTESIAN_POINT('Origin',(1.1,-2.85,-13.45));
#9129=CARTESIAN_POINT('Origin',(1.1,-5.15,-13.45));
#9130=CARTESIAN_POINT('Origin',(1.1,-5.15,-13.75));
#9131=CARTESIAN_POINT('',(1.05,1.35,-13.75));
#9132=CARTESIAN_POINT('Origin',(1.1,1.35,-13.75));
#9133=CARTESIAN_POINT('',(1.05,-1.35,-13.75));
#9134=CARTESIAN_POINT('',(1.05,-5.15,-13.75));
#9135=CARTESIAN_POINT('Origin',(1.1,-1.35,-13.75));
#9136=CARTESIAN_POINT('Origin',(1.05,-5.15,-13.75));
#9137=CARTESIAN_POINT('',(1.05,1.35,-7.975));
#9138=CARTESIAN_POINT('',(1.05,-1.35,-7.975));
#9139=CARTESIAN_POINT('Origin',(1.05,-5.15,-13.75));
#9140=CARTESIAN_POINT('',(1.05,-2.85,-13.75));
#9141=CARTESIAN_POINT('',(1.05,-2.85,-12.975));
#9142=CARTESIAN_POINT('',(1.05,-5.15,-13.75));
#9143=CARTESIAN_POINT('',(1.05,-5.15,-6.975));
#9144=CARTESIAN_POINT('',(1.05,-5.15,-13.75));
#9145=CARTESIAN_POINT('Origin',(1.1,-5.15,-13.75));
#9146=CARTESIAN_POINT('',(1.1,-2.85,-13.8));
#9147=CARTESIAN_POINT('',(1.1,-5.15,-13.8));
#9148=CARTESIAN_POINT('',(1.1,-5.15,-13.8));
#9149=CARTESIAN_POINT('Origin',(1.1,-2.85,-13.75));
#9150=CARTESIAN_POINT('Origin',(1.1,-5.15,-13.75));
#9151=CARTESIAN_POINT('Origin',(1.4,-5.15,-13.8));
#9152=CARTESIAN_POINT('',(1.4,-2.85,-13.8));
#9153=CARTESIAN_POINT('',(1.575,-2.85,-13.8));
#9154=CARTESIAN_POINT('',(1.4,-5.15,-13.8));
#9155=CARTESIAN_POINT('',(3.625,-5.15,-13.8));
#9156=CARTESIAN_POINT('',(1.4,-5.15,-13.8));
#9157=CARTESIAN_POINT('Origin',(1.4,-5.15,-13.75));
#9158=CARTESIAN_POINT('Origin',(1.4,-2.85,-13.75));
#9159=CARTESIAN_POINT('Origin',(1.4,-5.15,-13.75));
#9160=CARTESIAN_POINT('Origin',(-1.25,-2.1,-15.7));
#9161=CARTESIAN_POINT('',(-0.75,-2.85,-15.7));
#9162=CARTESIAN_POINT('',(-0.75,-2.85,-15.7));
#9163=CARTESIAN_POINT('',(-0.75,-1.35,-15.7));
#9164=CARTESIAN_POINT('',(-0.75,-1.35,-15.7));
#9165=CARTESIAN_POINT('',(-1.75,-1.35,-15.7));
#9166=CARTESIAN_POINT('Origin',(-1.25,2.1,-15.7));
#9167=CARTESIAN_POINT('',(-0.75,1.35,-15.7));
#9168=CARTESIAN_POINT('',(-1.75,1.35,-15.7));
#9169=CARTESIAN_POINT('',(-0.75,2.85,-15.7));
#9170=CARTESIAN_POINT('',(-0.75,1.35,-15.7));
#9171=CARTESIAN_POINT('',(-0.75,2.85,-15.7));
#9172=CARTESIAN_POINT('Origin',(-1.25,2.1,-15.7));
#9173=CARTESIAN_POINT('',(-1.75,2.85,-15.7));
#9174=CARTESIAN_POINT('',(-0.75,2.85,-15.7));
#9175=CARTESIAN_POINT('',(-1.75,1.35,-15.7));
#9176=CARTESIAN_POINT('',(-1.75,2.85,-15.7));
#9177=CARTESIAN_POINT('',(-1.75,1.35,-15.7));
#9178=CARTESIAN_POINT('Origin',(1.25,-2.1,-15.7));
#9179=CARTESIAN_POINT('',(1.75,-2.85,-15.7));
#9180=CARTESIAN_POINT('',(1.75,-2.85,-15.7));
#9181=CARTESIAN_POINT('',(1.75,-1.35,-15.7));
#9182=CARTESIAN_POINT('',(1.75,-1.35,-15.7));
#9183=CARTESIAN_POINT('',(0.75,-1.35,-15.7));
#9184=CARTESIAN_POINT('Origin',(1.25,2.1,-15.7));
#9185=CARTESIAN_POINT('',(1.75,1.35,-15.7));
#9186=CARTESIAN_POINT('',(0.75,1.35,-15.7));
#9187=CARTESIAN_POINT('',(1.75,2.85,-15.7));
#9188=CARTESIAN_POINT('',(1.75,1.35,-15.7));
#9189=CARTESIAN_POINT('',(1.75,2.85,-15.7));
#9190=CARTESIAN_POINT('Origin',(1.25,2.1,-15.7));
#9191=CARTESIAN_POINT('',(0.75,2.85,-15.7));
#9192=CARTESIAN_POINT('',(1.75,2.85,-15.7));
#9193=CARTESIAN_POINT('',(0.75,1.35,-15.7));
#9194=CARTESIAN_POINT('',(0.75,2.85,-15.7));
#9195=CARTESIAN_POINT('',(0.75,1.35,-15.7));
#9196=CARTESIAN_POINT('Origin',(-1.75,2.85,-12.2));
#9197=CARTESIAN_POINT('',(-0.75,2.85,-12.2));
#9198=CARTESIAN_POINT('',(-0.75,2.85,-12.2));
#9199=CARTESIAN_POINT('',(-1.75,2.85,-12.2));
#9200=CARTESIAN_POINT('',(-0.875,2.85,-12.2));
#9201=CARTESIAN_POINT('',(-1.75,2.85,-12.2));
#9202=CARTESIAN_POINT('Origin',(-0.75,-1.35,-2.2));
#9203=CARTESIAN_POINT('',(-0.75,-1.35,-2.2));
#9204=CARTESIAN_POINT('',(-0.75,-1.35,-2.2));
#9205=CARTESIAN_POINT('',(-1.75,-1.35,-2.2));
#9206=CARTESIAN_POINT('',(-0.375,-1.35,-2.2));
#9207=CARTESIAN_POINT('',(-1.75,-1.35,-15.7));
#9208=CARTESIAN_POINT('',(-1.75,-1.35,-2.2));
#9209=CARTESIAN_POINT('',(-1.75,-1.35,-15.7));
#9210=CARTESIAN_POINT('Origin',(0.75,2.85,-12.2));
#9211=CARTESIAN_POINT('',(1.75,2.85,-12.2));
#9212=CARTESIAN_POINT('',(1.75,2.85,-12.2));
#9213=CARTESIAN_POINT('',(0.75,2.85,-12.2));
#9214=CARTESIAN_POINT('',(0.375,2.85,-12.2));
#9215=CARTESIAN_POINT('',(0.75,2.85,-12.2));
#9216=CARTESIAN_POINT('Origin',(1.75,-1.35,-2.2));
#9217=CARTESIAN_POINT('',(1.75,-1.35,-2.2));
#9218=CARTESIAN_POINT('',(1.75,-1.35,-2.2));
#9219=CARTESIAN_POINT('',(0.75,-1.35,-2.2));
#9220=CARTESIAN_POINT('',(0.875,-1.35,-2.2));
#9221=CARTESIAN_POINT('',(0.75,-1.35,-15.7));
#9222=CARTESIAN_POINT('',(0.75,-1.35,-2.2));
#9223=CARTESIAN_POINT('',(0.75,-1.35,-15.7));
#9224=CARTESIAN_POINT('Origin',(-0.75,-2.85,-12.2));
#9225=CARTESIAN_POINT('',(-1.75,-2.85,-15.7));
#9226=CARTESIAN_POINT('',(-0.75,-2.85,-15.7));
#9227=CARTESIAN_POINT('',(-1.75,-2.85,-12.2));
#9228=CARTESIAN_POINT('',(-1.75,-2.85,-12.2));
#9229=CARTESIAN_POINT('',(-0.75,-2.85,-12.2));
#9230=CARTESIAN_POINT('',(-0.375,-2.85,-12.2));
#9231=CARTESIAN_POINT('',(-0.75,-2.85,-12.2));
#9232=CARTESIAN_POINT('Origin',(-1.25,-2.1,-15.7));
#9233=CARTESIAN_POINT('',(-1.75,-2.85,-15.7));
#9234=CARTESIAN_POINT('Origin',(1.75,-2.85,-12.2));
#9235=CARTESIAN_POINT('',(0.75,-2.85,-15.7));
#9236=CARTESIAN_POINT('',(1.75,-2.85,-15.7));
#9237=CARTESIAN_POINT('',(0.75,-2.85,-12.2));
#9238=CARTESIAN_POINT('',(0.75,-2.85,-12.2));
#9239=CARTESIAN_POINT('',(1.75,-2.85,-12.2));
#9240=CARTESIAN_POINT('',(0.875,-2.85,-12.2));
#9241=CARTESIAN_POINT('',(1.75,-2.85,-12.2));
#9242=CARTESIAN_POINT('Origin',(1.25,-2.1,-15.7));
#9243=CARTESIAN_POINT('',(0.75,-2.85,-15.7));
#9244=CARTESIAN_POINT('Origin',(0.,5.551115123126E-16,-12.2));
#9245=CARTESIAN_POINT('',(4.85,0.6,-12.2));
#9246=CARTESIAN_POINT('Origin',(4.85,0.55,-12.2));
#9247=CARTESIAN_POINT('',(4.65,0.6,-12.2));
#9248=CARTESIAN_POINT('',(2.425,0.6,-12.2));
#9249=CARTESIAN_POINT('',(4.6,0.65,-12.2));
#9250=CARTESIAN_POINT('Origin',(4.65,0.65,-12.2));
#9251=CARTESIAN_POINT('',(4.6,2.386648634762,-12.2));
#9252=CARTESIAN_POINT('',(4.6,0.325,-12.2));
#9253=CARTESIAN_POINT('',(4.526776695297,2.563425330059,-12.2));
#9254=CARTESIAN_POINT('Origin',(4.35,2.386648634762,-12.2));
#9255=CARTESIAN_POINT('',(3.263425330059,3.826776695297,-12.2));
#9256=CARTESIAN_POINT('',(4.035938853987,3.054263171368,-12.2));
#9257=CARTESIAN_POINT('',(3.086648634762,3.9,-12.2));
#9258=CARTESIAN_POINT('Origin',(3.086648634762,3.65,-12.2));
#9259=CARTESIAN_POINT('',(-3.086648634762,3.9,-12.2));
#9260=CARTESIAN_POINT('',(1.543324317381,3.9,-12.2));
#9261=CARTESIAN_POINT('',(-3.263425330059,3.826776695297,-12.2));
#9262=CARTESIAN_POINT('Origin',(-3.086648634762,3.65,-12.2));
#9263=CARTESIAN_POINT('',(-4.526776695297,2.563425330059,-12.2));
#9264=CARTESIAN_POINT('',(-3.404263171368,3.685938853987,-12.2));
#9265=CARTESIAN_POINT('',(-4.6,2.386648634762,-12.2));
#9266=CARTESIAN_POINT('Origin',(-4.35,2.386648634762,-12.2));
#9267=CARTESIAN_POINT('',(-4.6,0.65,-12.2));
#9268=CARTESIAN_POINT('',(-4.6,1.193324317381,-12.2));
#9269=CARTESIAN_POINT('',(-4.65,0.6,-12.2));
#9270=CARTESIAN_POINT('Origin',(-4.65,0.65,-12.2));
#9271=CARTESIAN_POINT('',(-4.85,0.6,-12.2));
#9272=CARTESIAN_POINT('',(-2.325,0.6,-12.2));
#9273=CARTESIAN_POINT('Origin',(-4.85,0.55,-12.2));
#9274=CARTESIAN_POINT('',(-4.85,-2.9,-12.2));
#9275=CARTESIAN_POINT('Origin',(-4.85,-2.85,-12.2));
#9276=CARTESIAN_POINT('',(-4.65,-2.9,-12.2));
#9277=CARTESIAN_POINT('',(-2.425,-2.9,-12.2));
#9278=CARTESIAN_POINT('',(-4.6,-2.95,-12.2));
#9279=CARTESIAN_POINT('Origin',(-4.65,-2.95,-12.2));
#9280=CARTESIAN_POINT('',(-4.6,-3.65,-12.2));
#9281=CARTESIAN_POINT('',(-4.6,-1.475,-12.2));
#9282=CARTESIAN_POINT('',(-4.35,-3.9,-12.2));
#9283=CARTESIAN_POINT('Origin',(-4.35,-3.65,-12.2));
#9284=CARTESIAN_POINT('',(4.35,-3.9,-12.2));
#9285=CARTESIAN_POINT('',(-2.175,-3.9,-12.2));
#9286=CARTESIAN_POINT('',(4.6,-3.65,-12.2));
#9287=CARTESIAN_POINT('Origin',(4.35,-3.65,-12.2));
#9288=CARTESIAN_POINT('',(4.6,-2.95,-12.2));
#9289=CARTESIAN_POINT('',(4.6,-1.825,-12.2));
#9290=CARTESIAN_POINT('',(4.65,-2.9,-12.2));
#9291=CARTESIAN_POINT('Origin',(4.65,-2.95,-12.2));
#9292=CARTESIAN_POINT('',(4.85,-2.9,-12.2));
#9293=CARTESIAN_POINT('',(2.325,-2.9,-12.2));
#9294=CARTESIAN_POINT('Origin',(4.85,-2.85,-12.2));
#9295=CARTESIAN_POINT('',(-0.75,-1.6,-12.2));
#9296=CARTESIAN_POINT('',(-0.75,-0.675,-12.2));
#9297=CARTESIAN_POINT('',(-1.75,-1.6,-12.2));
#9298=CARTESIAN_POINT('',(-1.75,-1.425,-12.2));
#9299=CARTESIAN_POINT('',(-2.7,-1.6,-12.2));
#9300=CARTESIAN_POINT('',(1.35,-1.6,-12.2));
#9301=CARTESIAN_POINT('Origin',(-2.7,-1.55,-12.2));
#9302=CARTESIAN_POINT('',(-1.75,0.675,-12.2));
#9303=CARTESIAN_POINT('',(-0.75,1.425,-12.2));
#9304=CARTESIAN_POINT('',(0.75,0.675,-12.2));
#9305=CARTESIAN_POINT('',(1.75,1.425,-12.2));
#9306=CARTESIAN_POINT('',(2.75,-1.55,-12.2));
#9307=CARTESIAN_POINT('',(2.75,0.775,-12.2));
#9308=CARTESIAN_POINT('',(2.7,-1.6,-12.2));
#9309=CARTESIAN_POINT('Origin',(2.7,-1.55,-12.2));
#9310=CARTESIAN_POINT('',(1.75,-1.6,-12.2));
#9311=CARTESIAN_POINT('',(1.35,-1.6,-12.2));
#9312=CARTESIAN_POINT('',(1.75,-0.675,-12.2));
#9313=CARTESIAN_POINT('',(0.75,-1.6,-12.2));
#9314=CARTESIAN_POINT('',(0.75,-1.425,-12.2));
#9315=CARTESIAN_POINT('',(1.35,-1.6,-12.2));
#9316=CARTESIAN_POINT('Origin',(2.75,1.55,-0.2));
#9317=CARTESIAN_POINT('',(2.75,-1.55,-0.2));
#9318=CARTESIAN_POINT('Origin',(1.75,1.35,-2.2));
#9319=CARTESIAN_POINT('',(1.75,1.35,-2.2));
#9320=CARTESIAN_POINT('',(1.75,1.35,-12.2));
#9321=CARTESIAN_POINT('',(1.75,0.675,-2.2));
#9322=CARTESIAN_POINT('Origin',(0.75,1.35,-2.2));
#9323=CARTESIAN_POINT('',(0.75,1.35,-2.2));
#9324=CARTESIAN_POINT('',(0.75,1.35,-12.2));
#9325=CARTESIAN_POINT('',(0.375,1.35,-2.2));
#9326=CARTESIAN_POINT('Origin',(0.75,1.6,-2.2));
#9327=CARTESIAN_POINT('',(0.75,0.8,-2.2));
#9328=CARTESIAN_POINT('Origin',(-0.75,1.35,-2.2));
#9329=CARTESIAN_POINT('',(-0.75,1.35,-2.2));
#9330=CARTESIAN_POINT('',(-0.75,1.35,-12.2));
#9331=CARTESIAN_POINT('',(-0.75,0.675,-2.2));
#9332=CARTESIAN_POINT('Origin',(-1.75,1.35,-2.2));
#9333=CARTESIAN_POINT('',(-1.75,1.35,-2.2));
#9334=CARTESIAN_POINT('',(-1.75,1.35,-12.2));
#9335=CARTESIAN_POINT('',(-0.875,1.35,-2.2));
#9336=CARTESIAN_POINT('Origin',(-1.75,1.6,-2.2));
#9337=CARTESIAN_POINT('',(-1.75,0.8,-2.2));
#9338=CARTESIAN_POINT('Origin',(-1.75,-1.35,-2.2));
#9339=CARTESIAN_POINT('',(-1.75,-1.6,-2.2));
#9340=CARTESIAN_POINT('',(-1.75,-0.675,-2.2));
#9341=CARTESIAN_POINT('',(-1.75,-1.6,-2.2));
#9342=CARTESIAN_POINT('Origin',(-0.75,-1.6,-2.2));
#9343=CARTESIAN_POINT('',(-0.75,-1.6,-2.2));
#9344=CARTESIAN_POINT('',(-0.75,-1.6,-2.2));
#9345=CARTESIAN_POINT('',(-0.75,-0.8,-2.2));
#9346=CARTESIAN_POINT('Origin',(0.75,-1.35,-2.2));
#9347=CARTESIAN_POINT('',(0.75,-1.6,-2.2));
#9348=CARTESIAN_POINT('',(0.75,-0.675,-2.2));
#9349=CARTESIAN_POINT('',(0.75,-1.6,-2.2));
#9350=CARTESIAN_POINT('Origin',(1.75,-1.6,-2.2));
#9351=CARTESIAN_POINT('',(1.75,-1.6,-2.2));
#9352=CARTESIAN_POINT('',(1.75,-1.6,-2.2));
#9353=CARTESIAN_POINT('',(1.75,-0.8,-2.2));
#9354=CARTESIAN_POINT('Origin',(0.,-2.775557561563E-16,-2.2));
#9355=CARTESIAN_POINT('Origin',(0.,-2.775557561563E-16,-2.2));
#9356=CARTESIAN_POINT('',(2.7,-1.6,-2.2));
#9357=CARTESIAN_POINT('Origin',(0.,-2.775557561563E-16,-2.2));
#9358=CARTESIAN_POINT('',(2.7,-1.6,-2.2));
#9359=CARTESIAN_POINT('Origin',(0.,-2.775557561563E-16,-2.2));
#9360=CARTESIAN_POINT('Origin',(-2.7,-1.55,-0.2));
#9361=CARTESIAN_POINT('',(-2.7,-1.6,-0.2));
#9362=CARTESIAN_POINT('Origin',(2.7,-1.6,-0.2));
#9363=CARTESIAN_POINT('',(2.7,-1.6,-0.2));
#9364=CARTESIAN_POINT('Origin',(2.7,-1.55,-0.2));
#9365=CARTESIAN_POINT('Origin',(-4.85,0.55,-0.2));
#9366=CARTESIAN_POINT('',(-4.85,0.6,-0.2));
#9367=CARTESIAN_POINT('',(-4.85,0.6,-0.2));
#9368=CARTESIAN_POINT('Origin',(-4.85,0.55,-0.2));
#9369=CARTESIAN_POINT('Origin',(-4.65,0.6,-0.2));
#9370=CARTESIAN_POINT('',(-4.65,0.6,-0.2));
#9371=CARTESIAN_POINT('',(-4.65,0.6,-0.2));
#9372=CARTESIAN_POINT('',(-4.85,0.6,-0.2));
#9373=CARTESIAN_POINT('Origin',(-4.65,0.65,-0.2));
#9374=CARTESIAN_POINT('',(-4.6,0.65,-0.2));
#9375=CARTESIAN_POINT('',(-4.6,0.65,-0.2));
#9376=CARTESIAN_POINT('Origin',(-4.65,0.65,-0.2));
#9377=CARTESIAN_POINT('Origin',(-4.6,2.386648634762,-0.2));
#9378=CARTESIAN_POINT('',(-4.6,2.386648634762,-0.2));
#9379=CARTESIAN_POINT('',(-4.6,2.386648634762,-0.2));
#9380=CARTESIAN_POINT('',(-4.6,0.65,-0.2));
#9381=CARTESIAN_POINT('Origin',(-4.35,2.386648634762,-0.2));
#9382=CARTESIAN_POINT('',(-4.526776695297,2.563425330059,-0.2));
#9383=CARTESIAN_POINT('',(-4.526776695297,2.563425330059,-0.2));
#9384=CARTESIAN_POINT('Origin',(-4.35,2.386648634762,-0.2));
#9385=CARTESIAN_POINT('Origin',(-3.263425330059,3.826776695297,-0.2));
#9386=CARTESIAN_POINT('',(-3.263425330059,3.826776695297,-0.2));
#9387=CARTESIAN_POINT('',(-3.263425330059,3.826776695297,-0.2));
#9388=CARTESIAN_POINT('',(-3.263425330059,3.826776695297,-0.2));
#9389=CARTESIAN_POINT('Origin',(-3.086648634762,3.65,-0.2));
#9390=CARTESIAN_POINT('',(-3.086648634762,3.9,-0.2));
#9391=CARTESIAN_POINT('',(-3.086648634762,3.9,-0.2));
#9392=CARTESIAN_POINT('Origin',(-3.086648634762,3.65,-0.2));
#9393=CARTESIAN_POINT('Origin',(3.086648634762,3.9,-0.2));
#9394=CARTESIAN_POINT('',(3.086648634762,3.9,-0.2));
#9395=CARTESIAN_POINT('',(3.086648634762,3.9,-0.2));
#9396=CARTESIAN_POINT('',(-3.086648634762,3.9,-0.2));
#9397=CARTESIAN_POINT('Origin',(3.086648634762,3.65,-0.2));
#9398=CARTESIAN_POINT('',(3.263425330059,3.826776695297,-0.2));
#9399=CARTESIAN_POINT('',(3.263425330059,3.826776695297,-0.2));
#9400=CARTESIAN_POINT('Origin',(3.086648634762,3.65,-0.2));
#9401=CARTESIAN_POINT('Origin',(4.526776695297,2.563425330059,-0.2));
#9402=CARTESIAN_POINT('',(4.526776695297,2.563425330059,-0.2));
#9403=CARTESIAN_POINT('',(4.526776695297,2.563425330059,-0.2));
#9404=CARTESIAN_POINT('',(3.263425330059,3.826776695297,-0.2));
#9405=CARTESIAN_POINT('Origin',(4.35,2.386648634762,-0.2));
#9406=CARTESIAN_POINT('',(4.6,2.386648634762,-0.2));
#9407=CARTESIAN_POINT('',(4.6,2.386648634762,-0.2));
#9408=CARTESIAN_POINT('Origin',(4.35,2.386648634762,-0.2));
#9409=CARTESIAN_POINT('Origin',(4.6,0.65,-0.2));
#9410=CARTESIAN_POINT('',(4.6,0.65,-0.2));
#9411=CARTESIAN_POINT('',(4.6,0.65,-0.2));
#9412=CARTESIAN_POINT('',(4.6,2.386648634762,-0.2));
#9413=CARTESIAN_POINT('Origin',(4.65,0.65,-0.2));
#9414=CARTESIAN_POINT('',(4.65,0.6,-0.2));
#9415=CARTESIAN_POINT('',(4.65,0.6,-0.2));
#9416=CARTESIAN_POINT('Origin',(4.65,0.65,-0.2));
#9417=CARTESIAN_POINT('Origin',(4.85,0.6,-0.2));
#9418=CARTESIAN_POINT('',(4.85,0.6,-0.2));
#9419=CARTESIAN_POINT('',(4.85,0.6,-0.2));
#9420=CARTESIAN_POINT('',(4.85,0.6,-0.2));
#9421=CARTESIAN_POINT('Origin',(4.85,0.55,-0.2));
#9422=CARTESIAN_POINT('Origin',(4.85,0.55,-0.2));
#9423=CARTESIAN_POINT('Origin',(4.85,-2.85,-0.2));
#9424=CARTESIAN_POINT('',(4.85,-2.9,-0.2));
#9425=CARTESIAN_POINT('',(4.85,-2.9,-0.2));
#9426=CARTESIAN_POINT('Origin',(4.85,-2.85,-0.2));
#9427=CARTESIAN_POINT('Origin',(4.65,-2.9,-0.2));
#9428=CARTESIAN_POINT('',(4.65,-2.9,-0.2));
#9429=CARTESIAN_POINT('',(4.65,-2.9,-0.2));
#9430=CARTESIAN_POINT('',(4.65,-2.9,-0.2));
#9431=CARTESIAN_POINT('Origin',(4.65,-2.95,-0.2));
#9432=CARTESIAN_POINT('',(4.6,-2.95,-0.2));
#9433=CARTESIAN_POINT('',(4.6,-2.95,-0.2));
#9434=CARTESIAN_POINT('Origin',(4.65,-2.95,-0.2));
#9435=CARTESIAN_POINT('Origin',(4.6,-3.65,-0.2));
#9436=CARTESIAN_POINT('',(4.6,-3.65,-0.2));
#9437=CARTESIAN_POINT('',(4.6,-3.65,-0.2));
#9438=CARTESIAN_POINT('',(4.6,-2.95,-0.2));
#9439=CARTESIAN_POINT('Origin',(4.35,-3.65,-0.2));
#9440=CARTESIAN_POINT('',(4.35,-3.9,-0.2));
#9441=CARTESIAN_POINT('',(4.35,-3.9,-0.2));
#9442=CARTESIAN_POINT('Origin',(4.35,-3.65,-0.2));
#9443=CARTESIAN_POINT('Origin',(-4.35,-3.9,-0.2));
#9444=CARTESIAN_POINT('',(-4.35,-3.9,-0.2));
#9445=CARTESIAN_POINT('',(-4.35,-3.9,-0.2));
#9446=CARTESIAN_POINT('',(4.35,-3.9,-0.2));
#9447=CARTESIAN_POINT('Origin',(-4.35,-3.65,-0.2));
#9448=CARTESIAN_POINT('',(-4.6,-3.65,-0.2));
#9449=CARTESIAN_POINT('',(-4.6,-3.65,-0.2));
#9450=CARTESIAN_POINT('Origin',(-4.35,-3.65,-0.2));
#9451=CARTESIAN_POINT('Origin',(-4.6,-2.95,-0.2));
#9452=CARTESIAN_POINT('',(-4.6,-2.95,-0.2));
#9453=CARTESIAN_POINT('',(-4.6,-2.95,-0.2));
#9454=CARTESIAN_POINT('',(-4.6,-3.9,-0.2));
#9455=CARTESIAN_POINT('Origin',(-4.65,-2.95,-0.2));
#9456=CARTESIAN_POINT('',(-4.65,-2.9,-0.2));
#9457=CARTESIAN_POINT('',(-4.65,-2.9,-0.2));
#9458=CARTESIAN_POINT('Origin',(-4.65,-2.95,-0.2));
#9459=CARTESIAN_POINT('Origin',(-4.85,-2.9,-0.2));
#9460=CARTESIAN_POINT('',(-4.85,-2.9,-0.2));
#9461=CARTESIAN_POINT('',(-4.85,-2.9,-0.2));
#9462=CARTESIAN_POINT('',(-4.65,-2.9,-0.2));
#9463=CARTESIAN_POINT('Origin',(-4.85,-2.85,-0.2));
#9464=CARTESIAN_POINT('Origin',(-4.85,-2.85,-0.2));
#9465=CARTESIAN_POINT('Origin',(-5.85,-5.15,-0.2));
#9466=CARTESIAN_POINT('',(-5.85,-5.15,-0.2));
#9467=CARTESIAN_POINT('',(-5.85,5.15,-0.2));
#9468=CARTESIAN_POINT('',(-5.85,-5.15,-0.2));
#9469=CARTESIAN_POINT('',(-5.85,5.15,-16.1));
#9470=CARTESIAN_POINT('',(-5.85,5.15,-0.2));
#9471=CARTESIAN_POINT('',(-5.85,-5.15,-16.1));
#9472=CARTESIAN_POINT('',(-5.85,-5.15,-16.1));
#9473=CARTESIAN_POINT('',(-5.85,-5.15,-0.2));
#9474=CARTESIAN_POINT('Origin',(5.85,-5.15,-0.2));
#9475=CARTESIAN_POINT('',(5.85,-5.15,-0.2));
#9476=CARTESIAN_POINT('',(5.85,-5.15,-0.2));
#9477=CARTESIAN_POINT('',(5.85,-5.15,-16.1));
#9478=CARTESIAN_POINT('',(5.85,-5.15,-16.1));
#9479=CARTESIAN_POINT('',(5.85,-5.15,-0.2));
#9480=CARTESIAN_POINT('Origin',(5.85,5.15,-0.2));
#9481=CARTESIAN_POINT('',(5.85,5.15,-0.2));
#9482=CARTESIAN_POINT('',(5.85,5.15,-0.2));
#9483=CARTESIAN_POINT('',(5.85,5.15,-16.1));
#9484=CARTESIAN_POINT('',(5.85,5.15,-16.1));
#9485=CARTESIAN_POINT('',(5.85,5.15,-0.2));
#9486=CARTESIAN_POINT('Origin',(-5.85,5.15,-0.2));
#9487=CARTESIAN_POINT('',(-5.85,5.15,-0.2));
#9488=CARTESIAN_POINT('',(-5.85,5.15,-16.1));
#9489=CARTESIAN_POINT('Origin',(0.,0.,-0.2));
#9490=CARTESIAN_POINT('Origin',(0.,0.,-16.1));
#9491=CARTESIAN_POINT('Origin',(1.655,1.399999968708,-12.32360652729));
#9492=CARTESIAN_POINT('',(1.63,1.399999968708,-12.09999972954));
#9493=CARTESIAN_POINT('',(1.63,1.699999962002,-12.09999972954));
#9494=CARTESIAN_POINT('',(1.63,1.399999968708,-12.09999972954));
#9495=CARTESIAN_POINT('',(1.43,1.399999968708,-12.32360652729));
#9496=CARTESIAN_POINT('Origin',(1.655,1.399999968708,-12.32360652729));
#9497=CARTESIAN_POINT('',(1.43,1.699999962002,-12.32360652729));
#9498=CARTESIAN_POINT('',(1.43,1.399999968708,-12.32360652729));
#9499=CARTESIAN_POINT('Origin',(1.655,1.699999962002,-12.32360652729));
#9500=CARTESIAN_POINT('Origin',(0.845,1.699999962002,-12.32360652729));
#9501=CARTESIAN_POINT('',(0.87,1.699999962002,-12.09999972954));
#9502=CARTESIAN_POINT('',(0.87,1.399999968708,-12.09999972954));
#9503=CARTESIAN_POINT('',(0.87,1.699999962002,-12.09999972954));
#9504=CARTESIAN_POINT('',(1.07,1.699999962002,-12.32360652729));
#9505=CARTESIAN_POINT('Origin',(0.845,1.699999962002,-12.32360652729));
#9506=CARTESIAN_POINT('',(1.07,1.399999968708,-12.32360652729));
#9507=CARTESIAN_POINT('',(1.07,1.699999962002,-12.32360652729));
#9508=CARTESIAN_POINT('Origin',(0.845,1.399999968708,-12.32360652729));
#9509=CARTESIAN_POINT('Ctrl Pts',(1.07,1.399999968708,-12.09999972954));
#9510=CARTESIAN_POINT('Ctrl Pts',(0.83,1.399999968708,-12.09999972954));
#9511=CARTESIAN_POINT('Ctrl Pts',(1.07,1.855970569769,-10.65888667036));
#9512=CARTESIAN_POINT('Ctrl Pts',(0.83,1.855970569769,-10.65888667036));
#9513=CARTESIAN_POINT('Ctrl Pts',(1.07,1.924480133059,-9.245410183156));
#9514=CARTESIAN_POINT('Ctrl Pts',(0.83,1.924480133059,-9.245410183156));
#9515=CARTESIAN_POINT('Ctrl Pts',(1.07,1.844631601147,-6.193182678811));
#9516=CARTESIAN_POINT('Ctrl Pts',(0.83,1.844631601147,-6.193182678811));
#9517=CARTESIAN_POINT('Ctrl Pts',(1.07,1.475206373113,-4.146593682623));
#9518=CARTESIAN_POINT('Ctrl Pts',(0.83,1.475206373113,-4.146593682623));
#9519=CARTESIAN_POINT('Ctrl Pts',(1.07,1.493208643588,-2.743605433746));
#9520=CARTESIAN_POINT('Ctrl Pts',(0.83,1.493208643588,-2.743605433746));
#9521=CARTESIAN_POINT('',(1.07,1.493208643588,-2.743605433746));
#9522=CARTESIAN_POINT('',(1.07,1.399999968708,-12.09999972954));
#9523=CARTESIAN_POINT('Ctrl Pts',(1.07,1.493208643588,-2.743605433746));
#9524=CARTESIAN_POINT('Ctrl Pts',(1.07,1.475206373113,-4.146593682623));
#9525=CARTESIAN_POINT('Ctrl Pts',(1.07,1.844631601147,-6.193182678811));
#9526=CARTESIAN_POINT('Ctrl Pts',(1.07,1.924480133059,-9.245410183156));
#9527=CARTESIAN_POINT('Ctrl Pts',(1.07,1.855970569769,-10.65888667036));
#9528=CARTESIAN_POINT('Ctrl Pts',(1.07,1.399999968708,-12.09999972954));
#9529=CARTESIAN_POINT('',(0.87,1.493208643588,-2.743605433746));
#9530=CARTESIAN_POINT('',(1.07,1.493208643588,-2.743605433746));
#9531=CARTESIAN_POINT('Ctrl Pts',(0.87,1.399999968708,-12.09999972954));
#9532=CARTESIAN_POINT('Ctrl Pts',(0.87,1.855970569769,-10.65888667036));
#9533=CARTESIAN_POINT('Ctrl Pts',(0.87,1.924480133059,-9.245410183156));
#9534=CARTESIAN_POINT('Ctrl Pts',(0.87,1.844631601147,-6.193182678811));
#9535=CARTESIAN_POINT('Ctrl Pts',(0.87,1.475206373113,-4.146593682623));
#9536=CARTESIAN_POINT('Ctrl Pts',(0.87,1.493208643588,-2.743605433746));
#9537=CARTESIAN_POINT('',(1.07,1.399999968708,-12.09999972954));
#9538=CARTESIAN_POINT('Ctrl Pts',(1.07,1.493208643588,-2.743605433746));
#9539=CARTESIAN_POINT('Ctrl Pts',(0.83,1.493208643588,-2.743605433746));
#9540=CARTESIAN_POINT('Ctrl Pts',(1.07,1.543938601946,-2.885371558737));
#9541=CARTESIAN_POINT('Ctrl Pts',(0.83,1.543938601946,-2.885371558737));
#9542=CARTESIAN_POINT('Ctrl Pts',(1.07,1.600655910087,-3.159164729233));
#9543=CARTESIAN_POINT('Ctrl Pts',(0.83,1.600655910087,-3.159164729233));
#9544=CARTESIAN_POINT('Ctrl Pts',(1.07,1.757236959105,-3.964514980929));
#9545=CARTESIAN_POINT('Ctrl Pts',(0.83,1.757236959105,-3.964514980929));
#9546=CARTESIAN_POINT('Ctrl Pts',(1.07,2.060315517616,-5.738619866405));
#9547=CARTESIAN_POINT('Ctrl Pts',(0.83,2.060315517616,-5.738619866405));
#9548=CARTESIAN_POINT('Ctrl Pts',(1.07,2.197834377478,-8.868100275529));
#9549=CARTESIAN_POINT('Ctrl Pts',(0.83,2.197834377478,-8.868100275529));
#9550=CARTESIAN_POINT('Ctrl Pts',(1.07,2.149767270699,-10.5233345522));
#9551=CARTESIAN_POINT('Ctrl Pts',(0.83,2.149767270699,-10.5233345522));
#9552=CARTESIAN_POINT('Ctrl Pts',(1.07,1.699999962002,-12.09999972954));
#9553=CARTESIAN_POINT('Ctrl Pts',(0.83,1.699999962002,-12.09999972954));
#9554=CARTESIAN_POINT('',(1.07,1.699999962002,-12.09999972954));
#9555=CARTESIAN_POINT('Ctrl Pts',(1.07,1.699999962002,-12.09999972954));
#9556=CARTESIAN_POINT('Ctrl Pts',(1.07,1.752050688269,-11.91753522851));
#9557=CARTESIAN_POINT('Ctrl Pts',(1.07,1.848969819668,-11.5445861411));
#9558=CARTESIAN_POINT('Ctrl Pts',(1.07,1.972809086141,-10.96112233745));
#9559=CARTESIAN_POINT('Ctrl Pts',(1.07,2.094074761449,-10.13412365146));
#9560=CARTESIAN_POINT('Ctrl Pts',(1.07,2.169764720641,-9.020261688557));
#9561=CARTESIAN_POINT('Ctrl Pts',(1.07,2.168035239284,-7.8371928265));
#9562=CARTESIAN_POINT('Ctrl Pts',(1.07,2.095028595478,-6.620869034151));
#9563=CARTESIAN_POINT('Ctrl Pts',(1.07,1.965106315561,-5.429907820035));
#9564=CARTESIAN_POINT('Ctrl Pts',(1.07,1.82011567144,-4.39383135138));
#9565=CARTESIAN_POINT('Ctrl Pts',(1.07,1.686503507542,-3.582050358471));
#9566=CARTESIAN_POINT('Ctrl Pts',(1.07,1.59692386135,-3.126658497798));
#9567=CARTESIAN_POINT('Ctrl Pts',(1.07,1.540844102948,-2.893672705057));
#9568=CARTESIAN_POINT('Ctrl Pts',(1.07,1.508281869954,-2.785727938124));
#9569=CARTESIAN_POINT('Ctrl Pts',(1.07,1.493208643588,-2.743605433746));
#9570=CARTESIAN_POINT('',(1.07,1.699999962002,-12.09999972954));
#9571=CARTESIAN_POINT('Ctrl Pts',(0.87,1.493208643588,-2.743605433746));
#9572=CARTESIAN_POINT('Ctrl Pts',(0.87,1.543938601946,-2.885371558737));
#9573=CARTESIAN_POINT('Ctrl Pts',(0.87,1.600655910087,-3.159164729233));
#9574=CARTESIAN_POINT('Ctrl Pts',(0.87,1.757236959105,-3.964514980929));
#9575=CARTESIAN_POINT('Ctrl Pts',(0.87,2.060315517616,-5.738619866405));
#9576=CARTESIAN_POINT('Ctrl Pts',(0.87,2.197834377478,-8.868100275529));
#9577=CARTESIAN_POINT('Ctrl Pts',(0.87,2.149767270699,-10.5233345522));
#9578=CARTESIAN_POINT('Ctrl Pts',(0.87,1.699999962002,-12.09999972954));
#9579=CARTESIAN_POINT('Origin',(0.87,1.796916903655,-7.421802581645));
#9580=CARTESIAN_POINT('Origin',(1.63,1.784882344674,-7.421802581645));
#9581=CARTESIAN_POINT('',(1.63,1.493208643588,-2.743605433746));
#9582=CARTESIAN_POINT('Ctrl Pts',(1.63,1.493208643588,-2.743605433746));
#9583=CARTESIAN_POINT('Ctrl Pts',(1.63,1.491850714536,-2.84943422382));
#9584=CARTESIAN_POINT('Ctrl Pts',(1.63,1.492719219109,-3.074297862532));
#9585=CARTESIAN_POINT('Ctrl Pts',(1.63,1.504789805527,-3.451235894102));
#9586=CARTESIAN_POINT('Ctrl Pts',(1.63,1.542646392014,-4.034198456855));
#9587=CARTESIAN_POINT('Ctrl Pts',(1.63,1.625018803628,-4.899786650192));
#9588=CARTESIAN_POINT('Ctrl Pts',(1.63,1.73222051465,-5.892046191861));
#9589=CARTESIAN_POINT('Ctrl Pts',(1.63,1.844068530084,-6.984064809244));
#9590=CARTESIAN_POINT('Ctrl Pts',(1.63,1.911727639166,-8.097543265484));
#9591=CARTESIAN_POINT('Ctrl Pts',(1.63,1.908889554084,-9.183933831073));
#9592=CARTESIAN_POINT('Ctrl Pts',(1.63,1.825992281272,-10.22015006091));
#9593=CARTESIAN_POINT('Ctrl Pts',(1.63,1.694712609772,-11.00180314392));
#9594=CARTESIAN_POINT('Ctrl Pts',(1.63,1.560889641906,-11.56118575002));
#9595=CARTESIAN_POINT('Ctrl Pts',(1.63,1.45620749504,-11.92235362685));
#9596=CARTESIAN_POINT('Ctrl Pts',(1.63,1.399999968708,-12.09999972954));
#9597=CARTESIAN_POINT('Ctrl Pts',(1.63,1.699999962002,-12.09999972954));
#9598=CARTESIAN_POINT('Ctrl Pts',(1.63,1.752050688269,-11.91753522851));
#9599=CARTESIAN_POINT('Ctrl Pts',(1.63,1.848969819668,-11.5445861411));
#9600=CARTESIAN_POINT('Ctrl Pts',(1.63,1.972809086141,-10.96112233745));
#9601=CARTESIAN_POINT('Ctrl Pts',(1.63,2.094074761449,-10.13412365146));
#9602=CARTESIAN_POINT('Ctrl Pts',(1.63,2.169764720641,-9.020261688557));
#9603=CARTESIAN_POINT('Ctrl Pts',(1.63,2.168035239284,-7.8371928265));
#9604=CARTESIAN_POINT('Ctrl Pts',(1.63,2.095028595478,-6.620869034151));
#9605=CARTESIAN_POINT('Ctrl Pts',(1.63,1.965106315561,-5.429907820035));
#9606=CARTESIAN_POINT('Ctrl Pts',(1.63,1.82011567144,-4.39383135138));
#9607=CARTESIAN_POINT('Ctrl Pts',(1.63,1.686503507542,-3.582050358471));
#9608=CARTESIAN_POINT('Ctrl Pts',(1.63,1.59692386135,-3.126658497798));
#9609=CARTESIAN_POINT('Ctrl Pts',(1.63,1.540844102948,-2.893672705057));
#9610=CARTESIAN_POINT('Ctrl Pts',(1.63,1.508281869954,-2.785727938124));
#9611=CARTESIAN_POINT('Ctrl Pts',(1.63,1.493208643588,-2.743605433746));
#9612=CARTESIAN_POINT('Origin',(1.07,-3.11511763968,-9.221802716873));
#9613=CARTESIAN_POINT('',(1.07,1.699999962002,-15.7));
#9614=CARTESIAN_POINT('',(1.07,1.699999962002,-12.46090135843));
#9615=CARTESIAN_POINT('',(1.07,-8.4,-15.6999998247732));
#9616=CARTESIAN_POINT('',(1.07,-5.75755881984,-15.7));
#9617=CARTESIAN_POINT('',(1.07,-8.4,-15.45));
#9618=CARTESIAN_POINT('',(1.07,-8.4,-12.33590135843));
#9619=CARTESIAN_POINT('',(1.07,1.399999968708,-15.45));
#9620=CARTESIAN_POINT('',(1.07,-0.857558835486,-15.45));
#9621=CARTESIAN_POINT('',(1.07,1.399999968708,-10.6609012232));
#9622=CARTESIAN_POINT('Origin',(1.05,1.399999968708,-12.09999972954));
#9623=CARTESIAN_POINT('',(1.43,1.399999968708,-15.45));
#9624=CARTESIAN_POINT('',(1.05,1.399999968708,-15.45));
#9625=CARTESIAN_POINT('',(1.43,1.399999968708,-15.45));
#9626=CARTESIAN_POINT('',(1.05,1.399999968708,-12.09999972954));
#9627=CARTESIAN_POINT('Origin',(1.05,1.399999968708,-15.45));
#9628=CARTESIAN_POINT('',(1.43,-8.4,-15.45));
#9629=CARTESIAN_POINT('',(1.05,-8.4,-15.45));
#9630=CARTESIAN_POINT('',(1.43,-2.85,-15.45));
#9631=CARTESIAN_POINT('Origin',(1.05,-8.4,-15.45));
#9632=CARTESIAN_POINT('',(1.43,-8.4,-15.6999998247732));
#9633=CARTESIAN_POINT('',(1.05,-8.4,-15.69999964907));
#9634=CARTESIAN_POINT('',(1.43,-8.4,-15.69999964907));
#9635=CARTESIAN_POINT('Origin',(1.05,-8.4,-15.7));
#9636=CARTESIAN_POINT('',(1.43,1.699999962002,-15.7));
#9637=CARTESIAN_POINT('',(1.05,1.699999962002,-15.7));
#9638=CARTESIAN_POINT('',(1.43,-2.85,-15.7));
#9639=CARTESIAN_POINT('Ctrl Pts',(1.07,1.493208643588,-2.743605433746));
#9640=CARTESIAN_POINT('Ctrl Pts',(1.742,1.493208643588,-2.743605433746));
#9641=CARTESIAN_POINT('Ctrl Pts',(1.07,1.491850714536,-2.84943422382));
#9642=CARTESIAN_POINT('Ctrl Pts',(1.742,1.491850714536,-2.84943422382));
#9643=CARTESIAN_POINT('Ctrl Pts',(1.07,1.492719219109,-3.074297862532));
#9644=CARTESIAN_POINT('Ctrl Pts',(1.742,1.492719219109,-3.074297862532));
#9645=CARTESIAN_POINT('Ctrl Pts',(1.07,1.504789805527,-3.451235894102));
#9646=CARTESIAN_POINT('Ctrl Pts',(1.742,1.504789805527,-3.451235894102));
#9647=CARTESIAN_POINT('Ctrl Pts',(1.07,1.542646392014,-4.034198456855));
#9648=CARTESIAN_POINT('Ctrl Pts',(1.742,1.542646392014,-4.034198456855));
#9649=CARTESIAN_POINT('Ctrl Pts',(1.07,1.625018803628,-4.899786650192));
#9650=CARTESIAN_POINT('Ctrl Pts',(1.742,1.625018803628,-4.899786650192));
#9651=CARTESIAN_POINT('Ctrl Pts',(1.07,1.73222051465,-5.892046191861));
#9652=CARTESIAN_POINT('Ctrl Pts',(1.742,1.73222051465,-5.892046191861));
#9653=CARTESIAN_POINT('Ctrl Pts',(1.07,1.844068530084,-6.984064809244));
#9654=CARTESIAN_POINT('Ctrl Pts',(1.742,1.844068530084,-6.984064809244));
#9655=CARTESIAN_POINT('Ctrl Pts',(1.07,1.911727639166,-8.097543265484));
#9656=CARTESIAN_POINT('Ctrl Pts',(1.742,1.911727639166,-8.097543265484));
#9657=CARTESIAN_POINT('Ctrl Pts',(1.07,1.908889554084,-9.183933831073));
#9658=CARTESIAN_POINT('Ctrl Pts',(1.742,1.908889554084,-9.183933831073));
#9659=CARTESIAN_POINT('Ctrl Pts',(1.07,1.825992281272,-10.22015006091));
#9660=CARTESIAN_POINT('Ctrl Pts',(1.742,1.825992281272,-10.22015006091));
#9661=CARTESIAN_POINT('Ctrl Pts',(1.07,1.694712609772,-11.00180314392));
#9662=CARTESIAN_POINT('Ctrl Pts',(1.742,1.694712609772,-11.00180314392));
#9663=CARTESIAN_POINT('Ctrl Pts',(1.07,1.560889641906,-11.56118575002));
#9664=CARTESIAN_POINT('Ctrl Pts',(1.742,1.560889641906,-11.56118575002));
#9665=CARTESIAN_POINT('Ctrl Pts',(1.07,1.45620749504,-11.92235362685));
#9666=CARTESIAN_POINT('Ctrl Pts',(1.742,1.45620749504,-11.92235362685));
#9667=CARTESIAN_POINT('Ctrl Pts',(1.07,1.399999968708,-12.09999972954));
#9668=CARTESIAN_POINT('Ctrl Pts',(1.742,1.399999968708,-12.09999972954));
#9669=CARTESIAN_POINT('',(1.05,1.493208643588,-2.743605433746));
#9670=CARTESIAN_POINT('Ctrl Pts',(1.07,1.699999962002,-12.09999972954));
#9671=CARTESIAN_POINT('Ctrl Pts',(1.742,1.699999962002,-12.09999972954));
#9672=CARTESIAN_POINT('Ctrl Pts',(1.07,1.752050688269,-11.91753522851));
#9673=CARTESIAN_POINT('Ctrl Pts',(1.742,1.752050688269,-11.91753522851));
#9674=CARTESIAN_POINT('Ctrl Pts',(1.07,1.848969819668,-11.5445861411));
#9675=CARTESIAN_POINT('Ctrl Pts',(1.742,1.848969819668,-11.5445861411));
#9676=CARTESIAN_POINT('Ctrl Pts',(1.07,1.972809086141,-10.96112233745));
#9677=CARTESIAN_POINT('Ctrl Pts',(1.742,1.972809086141,-10.96112233745));
#9678=CARTESIAN_POINT('Ctrl Pts',(1.07,2.094074761449,-10.13412365146));
#9679=CARTESIAN_POINT('Ctrl Pts',(1.742,2.094074761449,-10.13412365146));
#9680=CARTESIAN_POINT('Ctrl Pts',(1.07,2.169764720641,-9.020261688557));
#9681=CARTESIAN_POINT('Ctrl Pts',(1.742,2.169764720641,-9.020261688557));
#9682=CARTESIAN_POINT('Ctrl Pts',(1.07,2.168035239284,-7.8371928265));
#9683=CARTESIAN_POINT('Ctrl Pts',(1.742,2.168035239284,-7.8371928265));
#9684=CARTESIAN_POINT('Ctrl Pts',(1.07,2.095028595478,-6.620869034151));
#9685=CARTESIAN_POINT('Ctrl Pts',(1.742,2.095028595478,-6.620869034151));
#9686=CARTESIAN_POINT('Ctrl Pts',(1.07,1.965106315561,-5.429907820035));
#9687=CARTESIAN_POINT('Ctrl Pts',(1.742,1.965106315561,-5.429907820035));
#9688=CARTESIAN_POINT('Ctrl Pts',(1.07,1.82011567144,-4.39383135138));
#9689=CARTESIAN_POINT('Ctrl Pts',(1.742,1.82011567144,-4.39383135138));
#9690=CARTESIAN_POINT('Ctrl Pts',(1.07,1.686503507542,-3.582050358471));
#9691=CARTESIAN_POINT('Ctrl Pts',(1.742,1.686503507542,-3.582050358471));
#9692=CARTESIAN_POINT('Ctrl Pts',(1.07,1.59692386135,-3.126658497798));
#9693=CARTESIAN_POINT('Ctrl Pts',(1.742,1.59692386135,-3.126658497798));
#9694=CARTESIAN_POINT('Ctrl Pts',(1.07,1.540844102948,-2.893672705057));
#9695=CARTESIAN_POINT('Ctrl Pts',(1.742,1.540844102948,-2.893672705057));
#9696=CARTESIAN_POINT('Ctrl Pts',(1.07,1.508281869954,-2.785727938124));
#9697=CARTESIAN_POINT('Ctrl Pts',(1.742,1.508281869954,-2.785727938124));
#9698=CARTESIAN_POINT('Ctrl Pts',(1.07,1.493208643588,-2.743605433746));
#9699=CARTESIAN_POINT('Ctrl Pts',(1.742,1.493208643588,-2.743605433746));
#9700=CARTESIAN_POINT('',(1.05,1.699999962002,-12.09999972954));
#9701=CARTESIAN_POINT('Origin',(1.05,1.699999962002,-15.7));
#9702=CARTESIAN_POINT('',(1.43,1.699999962002,-15.7));
#9703=CARTESIAN_POINT('Origin',(1.43,-3.11511763968,-9.221802716873));
#9704=CARTESIAN_POINT('Origin',(0.72,-1.39471942691,-12.41622749556));
#9705=CARTESIAN_POINT('',(0.87,-1.39471942691,-12.09999972954));
#9706=CARTESIAN_POINT('',(0.87,-1.64471942691,-12.09999972954));
#9707=CARTESIAN_POINT('',(0.87,-1.39471942691,-12.09999972954));
#9708=CARTESIAN_POINT('',(1.07,-1.39471942691,-12.41622749556));
#9709=CARTESIAN_POINT('Origin',(0.72,-1.39471942691,-12.41622749556));
#9710=CARTESIAN_POINT('',(1.07,-1.64471942691,-12.41622749556));
#9711=CARTESIAN_POINT('',(1.07,-1.39471942691,-12.41622749556));
#9712=CARTESIAN_POINT('Origin',(0.72,-1.64471942691,-12.41622749556));
#9713=CARTESIAN_POINT('Origin',(1.78,-1.64471942691,-12.41622749556));
#9714=CARTESIAN_POINT('',(1.63,-1.64471942691,-12.09999972954));
#9715=CARTESIAN_POINT('',(1.63,-1.39471942691,-12.09999972954));
#9716=CARTESIAN_POINT('',(1.63,-1.64471942691,-12.09999972954));
#9717=CARTESIAN_POINT('',(1.43,-1.64471942691,-12.41622749556));
#9718=CARTESIAN_POINT('Origin',(1.78,-1.64471942691,-12.41622749556));
#9719=CARTESIAN_POINT('',(1.43,-1.39471942691,-12.41622749556));
#9720=CARTESIAN_POINT('',(1.43,-1.64471942691,-12.41622749556));
#9721=CARTESIAN_POINT('Origin',(1.78,-1.39471942691,-12.41622749556));
#9722=CARTESIAN_POINT('Ctrl Pts',(1.07,-1.64471942691,-12.09999972954));
#9723=CARTESIAN_POINT('Ctrl Pts',(0.83,-1.64471942691,-12.09999972954));
#9724=CARTESIAN_POINT('Ctrl Pts',(1.07,-2.085786976156,-9.914678917784));
#9725=CARTESIAN_POINT('Ctrl Pts',(0.83,-2.085786976156,-9.914678917784));
#9726=CARTESIAN_POINT('Ctrl Pts',(1.07,-2.112885371163,-8.311496956769));
#9727=CARTESIAN_POINT('Ctrl Pts',(0.83,-2.112885371163,-8.311496956769));
#9728=CARTESIAN_POINT('Ctrl Pts',(1.07,-2.086713754336,-6.662701118322));
#9729=CARTESIAN_POINT('Ctrl Pts',(0.83,-2.086713754336,-6.662701118322));
#9730=CARTESIAN_POINT('Ctrl Pts',(1.07,-2.008360215748,-5.056925796418));
#9731=CARTESIAN_POINT('Ctrl Pts',(0.83,-2.008360215748,-5.056925796418));
#9732=CARTESIAN_POINT('Ctrl Pts',(1.07,-1.499257783051,-2.852571241374));
#9733=CARTESIAN_POINT('Ctrl Pts',(0.83,-1.499257783051,-2.852571241374));
#9734=CARTESIAN_POINT('',(1.07,-1.499257783051,-2.852571241374));
#9735=CARTESIAN_POINT('',(1.07,-1.64471942691,-12.09999972954));
#9736=CARTESIAN_POINT('Ctrl Pts',(1.07,-1.499257783051,-2.852571241374));
#9737=CARTESIAN_POINT('Ctrl Pts',(1.07,-1.542163585628,-3.038348395978));
#9738=CARTESIAN_POINT('Ctrl Pts',(1.07,-1.624486803157,-3.409830438362));
#9739=CARTESIAN_POINT('Ctrl Pts',(1.07,-1.737506809428,-3.966836708566));
#9740=CARTESIAN_POINT('Ctrl Pts',(1.07,-1.866923214748,-4.709070954029));
#9741=CARTESIAN_POINT('Ctrl Pts',(1.07,-1.990821561249,-5.63607918613));
#9742=CARTESIAN_POINT('Ctrl Pts',(1.07,-2.073447972606,-6.562232412413));
#9743=CARTESIAN_POINT('Ctrl Pts',(1.07,-2.11141050771,-7.487460364076));
#9744=CARTESIAN_POINT('Ctrl Pts',(1.07,-2.102814161207,-8.411723783436));
#9745=CARTESIAN_POINT('Ctrl Pts',(1.07,-2.049447133991,-9.335059715572));
#9746=CARTESIAN_POINT('Ctrl Pts',(1.07,-1.9546652314,-10.25753768068));
#9747=CARTESIAN_POINT('Ctrl Pts',(1.07,-1.848414616216,-10.99488975444));
#9748=CARTESIAN_POINT('Ctrl Pts',(1.07,-1.752698563251,-11.54757176545));
#9749=CARTESIAN_POINT('Ctrl Pts',(1.07,-1.681880413579,-11.91588127038));
#9750=CARTESIAN_POINT('Ctrl Pts',(1.07,-1.64471942691,-12.09999972954));
#9751=CARTESIAN_POINT('',(0.87,-1.499257783051,-2.852571241374));
#9752=CARTESIAN_POINT('',(1.07,-1.499257783051,-2.852571241374));
#9753=CARTESIAN_POINT('Ctrl Pts',(0.87,-1.64471942691,-12.09999972954));
#9754=CARTESIAN_POINT('Ctrl Pts',(0.87,-2.085786976156,-9.914678917784));
#9755=CARTESIAN_POINT('Ctrl Pts',(0.87,-2.112885371163,-8.311496956769));
#9756=CARTESIAN_POINT('Ctrl Pts',(0.87,-2.086713754336,-6.662701118322));
#9757=CARTESIAN_POINT('Ctrl Pts',(0.87,-2.008360215748,-5.056925796418));
#9758=CARTESIAN_POINT('Ctrl Pts',(0.87,-1.499257783051,-2.852571241374));
#9759=CARTESIAN_POINT('',(1.07,-1.64471942691,-12.09999972954));
#9760=CARTESIAN_POINT('Ctrl Pts',(1.07,-1.499257783051,-2.852571241374));
#9761=CARTESIAN_POINT('Ctrl Pts',(0.83,-1.499257783051,-2.852571241374));
#9762=CARTESIAN_POINT('Ctrl Pts',(1.07,-1.704915179233,-4.575272111392));
#9763=CARTESIAN_POINT('Ctrl Pts',(0.83,-1.704915179233,-4.575272111392));
#9764=CARTESIAN_POINT('Ctrl Pts',(1.07,-1.781418999492,-6.117050211564));
#9765=CARTESIAN_POINT('Ctrl Pts',(0.83,-1.781418999492,-6.117050211564));
#9766=CARTESIAN_POINT('Ctrl Pts',(1.07,-1.750608112086,-8.841999625183));
#9767=CARTESIAN_POINT('Ctrl Pts',(0.83,-1.750608112086,-8.841999625183));
#9768=CARTESIAN_POINT('Ctrl Pts',(1.07,-1.639218587302,-10.38198095483));
#9769=CARTESIAN_POINT('Ctrl Pts',(0.83,-1.639218587302,-10.38198095483));
#9770=CARTESIAN_POINT('Ctrl Pts',(1.07,-1.39471942691,-12.09999972954));
#9771=CARTESIAN_POINT('Ctrl Pts',(0.83,-1.39471942691,-12.09999972954));
#9772=CARTESIAN_POINT('',(1.07,-1.39471942691,-12.09999972954));
#9773=CARTESIAN_POINT('Ctrl Pts',(1.07,-1.39471942691,-12.09999972954));
#9774=CARTESIAN_POINT('Ctrl Pts',(1.07,-1.421006995784,-11.91528524302));
#9775=CARTESIAN_POINT('Ctrl Pts',(1.07,-1.471469112863,-11.54583582831));
#9776=CARTESIAN_POINT('Ctrl Pts',(1.07,-1.540823421114,-10.99160038317));
#9777=CARTESIAN_POINT('Ctrl Pts',(1.07,-1.620407842085,-10.25249510943));
#9778=CARTESIAN_POINT('Ctrl Pts',(1.07,-1.696950523719,-9.32839161334));
#9779=CARTESIAN_POINT('Ctrl Pts',(1.07,-1.748505175158,-8.404046379552));
#9780=CARTESIAN_POINT('Ctrl Pts',(1.07,-1.773032187627,-7.479439676609));
#9781=CARTESIAN_POINT('Ctrl Pts',(1.07,-1.769417378279,-6.554560725752));
#9782=CARTESIAN_POINT('Ctrl Pts',(1.07,-1.738773162513,-5.629420288644));
#9783=CARTESIAN_POINT('Ctrl Pts',(1.07,-1.683138551163,-4.704038090961));
#9784=CARTESIAN_POINT('Ctrl Pts',(1.07,-1.620278478764,-3.963554789298));
#9785=CARTESIAN_POINT('Ctrl Pts',(1.07,-1.563466267133,-3.408098791621));
#9786=CARTESIAN_POINT('Ctrl Pts',(1.07,-1.521365036447,-3.037753906166));
#9787=CARTESIAN_POINT('Ctrl Pts',(1.07,-1.499257783051,-2.852571241374));
#9788=CARTESIAN_POINT('',(1.07,-1.39471942691,-12.09999972954));
#9789=CARTESIAN_POINT('Ctrl Pts',(0.87,-1.499257783051,-2.852571241374));
#9790=CARTESIAN_POINT('Ctrl Pts',(0.87,-1.704915179233,-4.575272111392));
#9791=CARTESIAN_POINT('Ctrl Pts',(0.87,-1.781418999492,-6.117050211564));
#9792=CARTESIAN_POINT('Ctrl Pts',(0.87,-1.750608112086,-8.841999625183));
#9793=CARTESIAN_POINT('Ctrl Pts',(0.87,-1.639218587302,-10.38198095483));
#9794=CARTESIAN_POINT('Ctrl Pts',(0.87,-1.39471942691,-12.09999972954));
#9795=CARTESIAN_POINT('Origin',(0.87,-1.753977295604,-7.476285485459));
#9796=CARTESIAN_POINT('Origin',(1.63,-1.75306496731,-7.476285485459));
#9797=CARTESIAN_POINT('',(1.63,-1.499257783051,-2.852571241374));
#9798=CARTESIAN_POINT('Ctrl Pts',(1.63,-1.39471942691,-12.09999972954));
#9799=CARTESIAN_POINT('Ctrl Pts',(1.63,-1.421006995784,-11.91528524302));
#9800=CARTESIAN_POINT('Ctrl Pts',(1.63,-1.471469112863,-11.54583582831));
#9801=CARTESIAN_POINT('Ctrl Pts',(1.63,-1.540823421114,-10.99160038317));
#9802=CARTESIAN_POINT('Ctrl Pts',(1.63,-1.620407842085,-10.25249510943));
#9803=CARTESIAN_POINT('Ctrl Pts',(1.63,-1.696950523719,-9.32839161334));
#9804=CARTESIAN_POINT('Ctrl Pts',(1.63,-1.748505175158,-8.404046379552));
#9805=CARTESIAN_POINT('Ctrl Pts',(1.63,-1.773032187627,-7.479439676609));
#9806=CARTESIAN_POINT('Ctrl Pts',(1.63,-1.769417378279,-6.554560725752));
#9807=CARTESIAN_POINT('Ctrl Pts',(1.63,-1.738773162513,-5.629420288644));
#9808=CARTESIAN_POINT('Ctrl Pts',(1.63,-1.683138551163,-4.704038090961));
#9809=CARTESIAN_POINT('Ctrl Pts',(1.63,-1.620278478764,-3.963554789298));
#9810=CARTESIAN_POINT('Ctrl Pts',(1.63,-1.563466267133,-3.408098791621));
#9811=CARTESIAN_POINT('Ctrl Pts',(1.63,-1.521365036447,-3.037753906166));
#9812=CARTESIAN_POINT('Ctrl Pts',(1.63,-1.499257783051,-2.852571241374));
#9813=CARTESIAN_POINT('Ctrl Pts',(1.63,-1.499257783051,-2.852571241374));
#9814=CARTESIAN_POINT('Ctrl Pts',(1.63,-1.542163585628,-3.038348395978));
#9815=CARTESIAN_POINT('Ctrl Pts',(1.63,-1.624486803157,-3.409830438362));
#9816=CARTESIAN_POINT('Ctrl Pts',(1.63,-1.737506809428,-3.966836708566));
#9817=CARTESIAN_POINT('Ctrl Pts',(1.63,-1.866923214748,-4.709070954029));
#9818=CARTESIAN_POINT('Ctrl Pts',(1.63,-1.990821561249,-5.63607918613));
#9819=CARTESIAN_POINT('Ctrl Pts',(1.63,-2.073447972606,-6.562232412413));
#9820=CARTESIAN_POINT('Ctrl Pts',(1.63,-2.11141050771,-7.487460364076));
#9821=CARTESIAN_POINT('Ctrl Pts',(1.63,-2.102814161207,-8.411723783436));
#9822=CARTESIAN_POINT('Ctrl Pts',(1.63,-2.049447133991,-9.335059715572));
#9823=CARTESIAN_POINT('Ctrl Pts',(1.63,-1.9546652314,-10.25753768068));
#9824=CARTESIAN_POINT('Ctrl Pts',(1.63,-1.848414616216,-10.99488975444));
#9825=CARTESIAN_POINT('Ctrl Pts',(1.63,-1.752698563251,-11.54757176545));
#9826=CARTESIAN_POINT('Ctrl Pts',(1.63,-1.681880413579,-11.91588127038));
#9827=CARTESIAN_POINT('Ctrl Pts',(1.63,-1.64471942691,-12.09999972954));
#9828=CARTESIAN_POINT('Origin',(1.43,-4.897359653105,-8.276285620687));
#9829=CARTESIAN_POINT('',(1.43,-1.64471942691,-13.45));
#9830=CARTESIAN_POINT('',(1.43,-1.64471942691,-13.45));
#9831=CARTESIAN_POINT('',(1.43,-8.399999879301,-13.45));
#9832=CARTESIAN_POINT('',(1.43,-1.64471942691,-13.45));
#9833=CARTESIAN_POINT('',(1.43,-8.399999879301,-13.7));
#9834=CARTESIAN_POINT('',(1.43,-8.399999879301,-13.45));
#9835=CARTESIAN_POINT('',(1.43,-1.39471942691,-13.7));
#9836=CARTESIAN_POINT('',(1.43,-8.399999879301,-13.7));
#9837=CARTESIAN_POINT('',(1.43,-1.39471942691,-13.7));
#9838=CARTESIAN_POINT('Origin',(1.07,-4.897359653105,-8.276285620687));
#9839=CARTESIAN_POINT('',(1.07,-1.39471942691,-13.7));
#9840=CARTESIAN_POINT('',(1.07,-1.39471942691,-10.98814281034));
#9841=CARTESIAN_POINT('',(1.07,-8.399999879301,-13.7));
#9842=CARTESIAN_POINT('',(1.07,-6.648679766203,-13.7));
#9843=CARTESIAN_POINT('',(1.07,-8.399999879301,-13.45));
#9844=CARTESIAN_POINT('',(1.07,-8.399999879301,-10.86314281034));
#9845=CARTESIAN_POINT('',(1.07,-1.64471942691,-13.45));
#9846=CARTESIAN_POINT('',(1.07,-3.271039540008,-13.45));
#9847=CARTESIAN_POINT('',(1.07,-1.64471942691,-10.18814267511));
#9848=CARTESIAN_POINT('Ctrl Pts',(1.07,-1.39471942691,-12.09999972954));
#9849=CARTESIAN_POINT('Ctrl Pts',(1.742,-1.39471942691,-12.09999972954));
#9850=CARTESIAN_POINT('Ctrl Pts',(1.07,-1.421006995784,-11.91528524302));
#9851=CARTESIAN_POINT('Ctrl Pts',(1.742,-1.421006995784,-11.91528524302));
#9852=CARTESIAN_POINT('Ctrl Pts',(1.07,-1.471469112863,-11.54583582831));
#9853=CARTESIAN_POINT('Ctrl Pts',(1.742,-1.471469112863,-11.54583582831));
#9854=CARTESIAN_POINT('Ctrl Pts',(1.07,-1.540823421114,-10.99160038317));
#9855=CARTESIAN_POINT('Ctrl Pts',(1.742,-1.540823421114,-10.99160038317));
#9856=CARTESIAN_POINT('Ctrl Pts',(1.07,-1.620407842085,-10.25249510943));
#9857=CARTESIAN_POINT('Ctrl Pts',(1.742,-1.620407842085,-10.25249510943));
#9858=CARTESIAN_POINT('Ctrl Pts',(1.07,-1.696950523719,-9.32839161334));
#9859=CARTESIAN_POINT('Ctrl Pts',(1.742,-1.696950523719,-9.32839161334));
#9860=CARTESIAN_POINT('Ctrl Pts',(1.07,-1.748505175158,-8.404046379552));
#9861=CARTESIAN_POINT('Ctrl Pts',(1.742,-1.748505175158,-8.404046379552));
#9862=CARTESIAN_POINT('Ctrl Pts',(1.07,-1.773032187627,-7.479439676609));
#9863=CARTESIAN_POINT('Ctrl Pts',(1.742,-1.773032187627,-7.479439676609));
#9864=CARTESIAN_POINT('Ctrl Pts',(1.07,-1.769417378279,-6.554560725752));
#9865=CARTESIAN_POINT('Ctrl Pts',(1.742,-1.769417378279,-6.554560725752));
#9866=CARTESIAN_POINT('Ctrl Pts',(1.07,-1.738773162513,-5.629420288644));
#9867=CARTESIAN_POINT('Ctrl Pts',(1.742,-1.738773162513,-5.629420288644));
#9868=CARTESIAN_POINT('Ctrl Pts',(1.07,-1.683138551163,-4.704038090961));
#9869=CARTESIAN_POINT('Ctrl Pts',(1.742,-1.683138551163,-4.704038090961));
#9870=CARTESIAN_POINT('Ctrl Pts',(1.07,-1.620278478764,-3.963554789298));
#9871=CARTESIAN_POINT('Ctrl Pts',(1.742,-1.620278478764,-3.963554789298));
#9872=CARTESIAN_POINT('Ctrl Pts',(1.07,-1.563466267133,-3.408098791621));
#9873=CARTESIAN_POINT('Ctrl Pts',(1.742,-1.563466267133,-3.408098791621));
#9874=CARTESIAN_POINT('Ctrl Pts',(1.07,-1.521365036447,-3.037753906166));
#9875=CARTESIAN_POINT('Ctrl Pts',(1.742,-1.521365036447,-3.037753906166));
#9876=CARTESIAN_POINT('Ctrl Pts',(1.07,-1.499257783051,-2.852571241374));
#9877=CARTESIAN_POINT('Ctrl Pts',(1.742,-1.499257783051,-2.852571241374));
#9878=CARTESIAN_POINT('',(1.05,-1.499257783051,-2.852571241374));
#9879=CARTESIAN_POINT('',(1.05,-1.39471942691,-12.09999972954));
#9880=CARTESIAN_POINT('Ctrl Pts',(1.07,-1.499257783051,-2.852571241374));
#9881=CARTESIAN_POINT('Ctrl Pts',(1.742,-1.499257783051,-2.852571241374));
#9882=CARTESIAN_POINT('Ctrl Pts',(1.07,-1.542163585628,-3.038348395978));
#9883=CARTESIAN_POINT('Ctrl Pts',(1.742,-1.542163585628,-3.038348395978));
#9884=CARTESIAN_POINT('Ctrl Pts',(1.07,-1.624486803157,-3.409830438362));
#9885=CARTESIAN_POINT('Ctrl Pts',(1.742,-1.624486803157,-3.409830438362));
#9886=CARTESIAN_POINT('Ctrl Pts',(1.07,-1.737506809428,-3.966836708566));
#9887=CARTESIAN_POINT('Ctrl Pts',(1.742,-1.737506809428,-3.966836708566));
#9888=CARTESIAN_POINT('Ctrl Pts',(1.07,-1.866923214748,-4.709070954029));
#9889=CARTESIAN_POINT('Ctrl Pts',(1.742,-1.866923214748,-4.709070954029));
#9890=CARTESIAN_POINT('Ctrl Pts',(1.07,-1.990821561249,-5.63607918613));
#9891=CARTESIAN_POINT('Ctrl Pts',(1.742,-1.990821561249,-5.63607918613));
#9892=CARTESIAN_POINT('Ctrl Pts',(1.07,-2.073447972606,-6.562232412413));
#9893=CARTESIAN_POINT('Ctrl Pts',(1.742,-2.073447972606,-6.562232412413));
#9894=CARTESIAN_POINT('Ctrl Pts',(1.07,-2.11141050771,-7.487460364076));
#9895=CARTESIAN_POINT('Ctrl Pts',(1.742,-2.11141050771,-7.487460364076));
#9896=CARTESIAN_POINT('Ctrl Pts',(1.07,-2.102814161207,-8.411723783436));
#9897=CARTESIAN_POINT('Ctrl Pts',(1.742,-2.102814161207,-8.411723783436));
#9898=CARTESIAN_POINT('Ctrl Pts',(1.07,-2.049447133991,-9.335059715572));
#9899=CARTESIAN_POINT('Ctrl Pts',(1.742,-2.049447133991,-9.335059715572));
#9900=CARTESIAN_POINT('Ctrl Pts',(1.07,-1.9546652314,-10.25753768068));
#9901=CARTESIAN_POINT('Ctrl Pts',(1.742,-1.9546652314,-10.25753768068));
#9902=CARTESIAN_POINT('Ctrl Pts',(1.07,-1.848414616216,-10.99488975444));
#9903=CARTESIAN_POINT('Ctrl Pts',(1.742,-1.848414616216,-10.99488975444));
#9904=CARTESIAN_POINT('Ctrl Pts',(1.07,-1.752698563251,-11.54757176545));
#9905=CARTESIAN_POINT('Ctrl Pts',(1.742,-1.752698563251,-11.54757176545));
#9906=CARTESIAN_POINT('Ctrl Pts',(1.07,-1.681880413579,-11.91588127038));
#9907=CARTESIAN_POINT('Ctrl Pts',(1.742,-1.681880413579,-11.91588127038));
#9908=CARTESIAN_POINT('Ctrl Pts',(1.07,-1.64471942691,-12.09999972954));
#9909=CARTESIAN_POINT('Ctrl Pts',(1.742,-1.64471942691,-12.09999972954));
#9910=CARTESIAN_POINT('',(1.05,-1.64471942691,-12.09999972954));
#9911=CARTESIAN_POINT('Origin',(1.05,-1.64471942691,-12.09999972954));
#9912=CARTESIAN_POINT('',(1.05,-1.64471942691,-13.45));
#9913=CARTESIAN_POINT('Origin',(1.05,-1.64471942691,-13.45));
#9914=CARTESIAN_POINT('',(1.05,-8.399999879301,-13.45));
#9915=CARTESIAN_POINT('Origin',(1.05,-1.39471942691,-13.7));
#9916=CARTESIAN_POINT('',(1.05,-1.39471942691,-13.7));
#9917=CARTESIAN_POINT('Origin',(1.05,-8.399999879301,-13.7));
#9918=CARTESIAN_POINT('',(1.05,-8.399999879301,-13.7));
#9919=CARTESIAN_POINT('Origin',(1.05,-8.399999879301,-13.45));
#9920=CARTESIAN_POINT('Origin',(-1.655,1.399999968708,-12.32360652729));
#9921=CARTESIAN_POINT('',(-1.43,1.399999968708,-12.32360652729));
#9922=CARTESIAN_POINT('',(-1.43,1.699999962002,-12.32360652729));
#9923=CARTESIAN_POINT('',(-1.43,1.399999968708,-12.32360652729));
#9924=CARTESIAN_POINT('',(-1.63,1.399999968708,-12.09999972954));
#9925=CARTESIAN_POINT('Origin',(-1.655,1.399999968708,-12.32360652729));
#9926=CARTESIAN_POINT('',(-1.63,1.699999962002,-12.09999972954));
#9927=CARTESIAN_POINT('',(-1.63,1.399999968708,-12.09999972954));
#9928=CARTESIAN_POINT('Origin',(-1.655,1.699999962002,-12.32360652729));
#9929=CARTESIAN_POINT('Origin',(-0.845,1.699999962002,-12.32360652729));
#9930=CARTESIAN_POINT('',(-1.07,1.699999962002,-12.32360652729));
#9931=CARTESIAN_POINT('',(-1.07,1.399999968708,-12.32360652729));
#9932=CARTESIAN_POINT('',(-1.07,1.699999962002,-12.32360652729));
#9933=CARTESIAN_POINT('',(-0.87,1.699999962002,-12.09999972954));
#9934=CARTESIAN_POINT('Origin',(-0.845,1.699999962002,-12.32360652729));
#9935=CARTESIAN_POINT('',(-0.87,1.399999968708,-12.09999972954));
#9936=CARTESIAN_POINT('',(-0.87,1.699999962002,-12.09999972954));
#9937=CARTESIAN_POINT('Origin',(-0.845,1.399999968708,-12.32360652729));
#9938=CARTESIAN_POINT('Ctrl Pts',(-1.07,1.399999968708,-12.09999972954));
#9939=CARTESIAN_POINT('Ctrl Pts',(-0.83,1.399999968708,-12.09999972954));
#9940=CARTESIAN_POINT('Ctrl Pts',(-1.07,1.855970569769,-10.65888667036));
#9941=CARTESIAN_POINT('Ctrl Pts',(-0.83,1.855970569769,-10.65888667036));
#9942=CARTESIAN_POINT('Ctrl Pts',(-1.07,1.924480133059,-9.245410183156));
#9943=CARTESIAN_POINT('Ctrl Pts',(-0.83,1.924480133059,-9.245410183156));
#9944=CARTESIAN_POINT('Ctrl Pts',(-1.07,1.844631601147,-6.193182678811));
#9945=CARTESIAN_POINT('Ctrl Pts',(-0.83,1.844631601147,-6.193182678811));
#9946=CARTESIAN_POINT('Ctrl Pts',(-1.07,1.475206373113,-4.146593682623));
#9947=CARTESIAN_POINT('Ctrl Pts',(-0.83,1.475206373113,-4.146593682623));
#9948=CARTESIAN_POINT('Ctrl Pts',(-1.07,1.493208643588,-2.743605433746));
#9949=CARTESIAN_POINT('Ctrl Pts',(-0.83,1.493208643588,-2.743605433746));
#9950=CARTESIAN_POINT('',(-1.07,1.493208643588,-2.743605433746));
#9951=CARTESIAN_POINT('',(-0.87,1.493208643588,-2.743605433746));
#9952=CARTESIAN_POINT('',(-1.07,1.493208643588,-2.743605433746));
#9953=CARTESIAN_POINT('',(-1.07,1.399999968708,-12.09999972954));
#9954=CARTESIAN_POINT('Ctrl Pts',(-1.07,1.493208643588,-2.743605433746));
#9955=CARTESIAN_POINT('Ctrl Pts',(-1.07,1.475206373113,-4.146593682623));
#9956=CARTESIAN_POINT('Ctrl Pts',(-1.07,1.844631601147,-6.193182678811));
#9957=CARTESIAN_POINT('Ctrl Pts',(-1.07,1.924480133059,-9.245410183156));
#9958=CARTESIAN_POINT('Ctrl Pts',(-1.07,1.855970569769,-10.65888667036));
#9959=CARTESIAN_POINT('Ctrl Pts',(-1.07,1.399999968708,-12.09999972954));
#9960=CARTESIAN_POINT('',(-1.07,1.399999968708,-12.09999972954));
#9961=CARTESIAN_POINT('Ctrl Pts',(-0.87,1.399999968708,-12.09999972954));
#9962=CARTESIAN_POINT('Ctrl Pts',(-0.87,1.855970569769,-10.65888667036));
#9963=CARTESIAN_POINT('Ctrl Pts',(-0.87,1.924480133059,-9.245410183156));
#9964=CARTESIAN_POINT('Ctrl Pts',(-0.87,1.844631601147,-6.193182678811));
#9965=CARTESIAN_POINT('Ctrl Pts',(-0.87,1.475206373113,-4.146593682623));
#9966=CARTESIAN_POINT('Ctrl Pts',(-0.87,1.493208643588,-2.743605433746));
#9967=CARTESIAN_POINT('Ctrl Pts',(-1.07,1.493208643588,-2.743605433746));
#9968=CARTESIAN_POINT('Ctrl Pts',(-0.83,1.493208643588,-2.743605433746));
#9969=CARTESIAN_POINT('Ctrl Pts',(-1.07,1.543938601946,-2.885371558737));
#9970=CARTESIAN_POINT('Ctrl Pts',(-0.83,1.543938601946,-2.885371558737));
#9971=CARTESIAN_POINT('Ctrl Pts',(-1.07,1.600655910087,-3.159164729233));
#9972=CARTESIAN_POINT('Ctrl Pts',(-0.83,1.600655910087,-3.159164729233));
#9973=CARTESIAN_POINT('Ctrl Pts',(-1.07,1.757236959105,-3.964514980929));
#9974=CARTESIAN_POINT('Ctrl Pts',(-0.83,1.757236959105,-3.964514980929));
#9975=CARTESIAN_POINT('Ctrl Pts',(-1.07,2.060315517616,-5.738619866405));
#9976=CARTESIAN_POINT('Ctrl Pts',(-0.83,2.060315517616,-5.738619866405));
#9977=CARTESIAN_POINT('Ctrl Pts',(-1.07,2.197834377478,-8.868100275529));
#9978=CARTESIAN_POINT('Ctrl Pts',(-0.83,2.197834377478,-8.868100275529));
#9979=CARTESIAN_POINT('Ctrl Pts',(-1.07,2.149767270699,-10.5233345522));
#9980=CARTESIAN_POINT('Ctrl Pts',(-0.83,2.149767270699,-10.5233345522));
#9981=CARTESIAN_POINT('Ctrl Pts',(-1.07,1.699999962002,-12.09999972954));
#9982=CARTESIAN_POINT('Ctrl Pts',(-0.83,1.699999962002,-12.09999972954));
#9983=CARTESIAN_POINT('',(-1.07,1.699999962002,-12.09999972954));
#9984=CARTESIAN_POINT('',(-1.07,1.699999962002,-12.09999972954));
#9985=CARTESIAN_POINT('Ctrl Pts',(-1.07,1.699999962002,-12.09999972954));
#9986=CARTESIAN_POINT('Ctrl Pts',(-1.07,1.752050688269,-11.91753522851));
#9987=CARTESIAN_POINT('Ctrl Pts',(-1.07,1.848969819668,-11.5445861411));
#9988=CARTESIAN_POINT('Ctrl Pts',(-1.07,1.972809086141,-10.96112233745));
#9989=CARTESIAN_POINT('Ctrl Pts',(-1.07,2.094074761449,-10.13412365146));
#9990=CARTESIAN_POINT('Ctrl Pts',(-1.07,2.169764720641,-9.020261688557));
#9991=CARTESIAN_POINT('Ctrl Pts',(-1.07,2.168035239284,-7.8371928265));
#9992=CARTESIAN_POINT('Ctrl Pts',(-1.07,2.095028595478,-6.620869034151));
#9993=CARTESIAN_POINT('Ctrl Pts',(-1.07,1.965106315561,-5.429907820035));
#9994=CARTESIAN_POINT('Ctrl Pts',(-1.07,1.82011567144,-4.39383135138));
#9995=CARTESIAN_POINT('Ctrl Pts',(-1.07,1.686503507542,-3.582050358471));
#9996=CARTESIAN_POINT('Ctrl Pts',(-1.07,1.59692386135,-3.126658497798));
#9997=CARTESIAN_POINT('Ctrl Pts',(-1.07,1.540844102948,-2.893672705057));
#9998=CARTESIAN_POINT('Ctrl Pts',(-1.07,1.508281869954,-2.785727938124));
#9999=CARTESIAN_POINT('Ctrl Pts',(-1.07,1.493208643588,-2.743605433746));
#10000=CARTESIAN_POINT('Ctrl Pts',(-0.87,1.493208643588,-2.743605433746));
#10001=CARTESIAN_POINT('Ctrl Pts',(-0.87,1.543938601946,-2.885371558737));
#10002=CARTESIAN_POINT('Ctrl Pts',(-0.87,1.600655910087,-3.159164729233));
#10003=CARTESIAN_POINT('Ctrl Pts',(-0.87,1.757236959105,-3.964514980929));
#10004=CARTESIAN_POINT('Ctrl Pts',(-0.87,2.060315517616,-5.738619866405));
#10005=CARTESIAN_POINT('Ctrl Pts',(-0.87,2.197834377478,-8.868100275529));
#10006=CARTESIAN_POINT('Ctrl Pts',(-0.87,2.149767270699,-10.5233345522));
#10007=CARTESIAN_POINT('Ctrl Pts',(-0.87,1.699999962002,-12.09999972954));
#10008=CARTESIAN_POINT('Origin',(-0.87,1.796916903655,-7.421802581645));
#10009=CARTESIAN_POINT('Origin',(-1.63,1.784882344674,-7.421802581645));
#10010=CARTESIAN_POINT('',(-1.63,1.493208643588,-2.743605433746));
#10011=CARTESIAN_POINT('Ctrl Pts',(-1.63,1.493208643588,-2.743605433746));
#10012=CARTESIAN_POINT('Ctrl Pts',(-1.63,1.491850714536,-2.84943422382));
#10013=CARTESIAN_POINT('Ctrl Pts',(-1.63,1.492719219109,-3.074297862532));
#10014=CARTESIAN_POINT('Ctrl Pts',(-1.63,1.504789805527,-3.451235894102));
#10015=CARTESIAN_POINT('Ctrl Pts',(-1.63,1.542646392014,-4.034198456855));
#10016=CARTESIAN_POINT('Ctrl Pts',(-1.63,1.625018803628,-4.899786650192));
#10017=CARTESIAN_POINT('Ctrl Pts',(-1.63,1.73222051465,-5.892046191861));
#10018=CARTESIAN_POINT('Ctrl Pts',(-1.63,1.844068530084,-6.984064809244));
#10019=CARTESIAN_POINT('Ctrl Pts',(-1.63,1.911727639166,-8.097543265484));
#10020=CARTESIAN_POINT('Ctrl Pts',(-1.63,1.908889554084,-9.183933831073));
#10021=CARTESIAN_POINT('Ctrl Pts',(-1.63,1.825992281272,-10.22015006091));
#10022=CARTESIAN_POINT('Ctrl Pts',(-1.63,1.694712609772,-11.00180314392));
#10023=CARTESIAN_POINT('Ctrl Pts',(-1.63,1.560889641906,-11.56118575002));
#10024=CARTESIAN_POINT('Ctrl Pts',(-1.63,1.45620749504,-11.92235362685));
#10025=CARTESIAN_POINT('Ctrl Pts',(-1.63,1.399999968708,-12.09999972954));
#10026=CARTESIAN_POINT('Ctrl Pts',(-1.63,1.699999962002,-12.09999972954));
#10027=CARTESIAN_POINT('Ctrl Pts',(-1.63,1.752050688269,-11.91753522851));
#10028=CARTESIAN_POINT('Ctrl Pts',(-1.63,1.848969819668,-11.5445861411));
#10029=CARTESIAN_POINT('Ctrl Pts',(-1.63,1.972809086141,-10.96112233745));
#10030=CARTESIAN_POINT('Ctrl Pts',(-1.63,2.094074761449,-10.13412365146));
#10031=CARTESIAN_POINT('Ctrl Pts',(-1.63,2.169764720641,-9.020261688557));
#10032=CARTESIAN_POINT('Ctrl Pts',(-1.63,2.168035239284,-7.8371928265));
#10033=CARTESIAN_POINT('Ctrl Pts',(-1.63,2.095028595478,-6.620869034151));
#10034=CARTESIAN_POINT('Ctrl Pts',(-1.63,1.965106315561,-5.429907820035));
#10035=CARTESIAN_POINT('Ctrl Pts',(-1.63,1.82011567144,-4.39383135138));
#10036=CARTESIAN_POINT('Ctrl Pts',(-1.63,1.686503507542,-3.582050358471));
#10037=CARTESIAN_POINT('Ctrl Pts',(-1.63,1.59692386135,-3.126658497798));
#10038=CARTESIAN_POINT('Ctrl Pts',(-1.63,1.540844102948,-2.893672705057));
#10039=CARTESIAN_POINT('Ctrl Pts',(-1.63,1.508281869954,-2.785727938124));
#10040=CARTESIAN_POINT('Ctrl Pts',(-1.63,1.493208643588,-2.743605433746));
#10041=CARTESIAN_POINT('Origin',(-1.07,-3.11511763968,-9.221802716873));
#10042=CARTESIAN_POINT('',(-1.07,1.399999968708,-15.45));
#10043=CARTESIAN_POINT('',(-1.07,1.399999968708,-10.6609012232));
#10044=CARTESIAN_POINT('',(-1.07,-8.4,-15.45));
#10045=CARTESIAN_POINT('',(-1.07,-0.857558835486,-15.45));
#10046=CARTESIAN_POINT('',(-1.07,-8.4,-15.6999998247732));
#10047=CARTESIAN_POINT('',(-1.07,-8.4,-12.33590135843));
#10048=CARTESIAN_POINT('',(-1.07,1.699999962002,-15.7));
#10049=CARTESIAN_POINT('',(-1.07,-5.75755881984,-15.7));
#10050=CARTESIAN_POINT('',(-1.07,1.699999962002,-12.46090135843));
#10051=CARTESIAN_POINT('Origin',(-1.05,1.399999968708,-12.09999972954));
#10052=CARTESIAN_POINT('',(-1.05,1.399999968708,-12.09999972954));
#10053=CARTESIAN_POINT('',(-1.43,1.399999968708,-15.45));
#10054=CARTESIAN_POINT('',(-1.43,1.399999968708,-15.45));
#10055=CARTESIAN_POINT('',(-1.05,1.399999968708,-15.45));
#10056=CARTESIAN_POINT('Origin',(-1.05,1.399999968708,-15.45));
#10057=CARTESIAN_POINT('',(-1.43,-8.4,-15.45));
#10058=CARTESIAN_POINT('',(-1.43,-2.85,-15.45));
#10059=CARTESIAN_POINT('',(-1.05,-8.4,-15.45));
#10060=CARTESIAN_POINT('Origin',(-1.05,-8.4,-15.45));
#10061=CARTESIAN_POINT('',(-1.43,-8.4,-15.6999998247732));
#10062=CARTESIAN_POINT('',(-1.43,-8.4,-15.69999964907));
#10063=CARTESIAN_POINT('',(-1.05,-8.4,-15.69999964907));
#10064=CARTESIAN_POINT('Origin',(-1.05,-8.4,-15.7));
#10065=CARTESIAN_POINT('',(-1.43,1.699999962002,-15.7));
#10066=CARTESIAN_POINT('',(-1.43,-2.85,-15.7));
#10067=CARTESIAN_POINT('',(-1.05,1.699999962002,-15.7));
#10068=CARTESIAN_POINT('Ctrl Pts',(-1.07,1.493208643588,-2.743605433746));
#10069=CARTESIAN_POINT('Ctrl Pts',(-1.742,1.493208643588,-2.743605433746));
#10070=CARTESIAN_POINT('Ctrl Pts',(-1.07,1.491850714536,-2.84943422382));
#10071=CARTESIAN_POINT('Ctrl Pts',(-1.742,1.491850714536,-2.84943422382));
#10072=CARTESIAN_POINT('Ctrl Pts',(-1.07,1.492719219109,-3.074297862532));
#10073=CARTESIAN_POINT('Ctrl Pts',(-1.742,1.492719219109,-3.074297862532));
#10074=CARTESIAN_POINT('Ctrl Pts',(-1.07,1.504789805527,-3.451235894102));
#10075=CARTESIAN_POINT('Ctrl Pts',(-1.742,1.504789805527,-3.451235894102));
#10076=CARTESIAN_POINT('Ctrl Pts',(-1.07,1.542646392014,-4.034198456855));
#10077=CARTESIAN_POINT('Ctrl Pts',(-1.742,1.542646392014,-4.034198456855));
#10078=CARTESIAN_POINT('Ctrl Pts',(-1.07,1.625018803628,-4.899786650192));
#10079=CARTESIAN_POINT('Ctrl Pts',(-1.742,1.625018803628,-4.899786650192));
#10080=CARTESIAN_POINT('Ctrl Pts',(-1.07,1.73222051465,-5.892046191861));
#10081=CARTESIAN_POINT('Ctrl Pts',(-1.742,1.73222051465,-5.892046191861));
#10082=CARTESIAN_POINT('Ctrl Pts',(-1.07,1.844068530084,-6.984064809244));
#10083=CARTESIAN_POINT('Ctrl Pts',(-1.742,1.844068530084,-6.984064809244));
#10084=CARTESIAN_POINT('Ctrl Pts',(-1.07,1.911727639166,-8.097543265484));
#10085=CARTESIAN_POINT('Ctrl Pts',(-1.742,1.911727639166,-8.097543265484));
#10086=CARTESIAN_POINT('Ctrl Pts',(-1.07,1.908889554084,-9.183933831073));
#10087=CARTESIAN_POINT('Ctrl Pts',(-1.742,1.908889554084,-9.183933831073));
#10088=CARTESIAN_POINT('Ctrl Pts',(-1.07,1.825992281272,-10.22015006091));
#10089=CARTESIAN_POINT('Ctrl Pts',(-1.742,1.825992281272,-10.22015006091));
#10090=CARTESIAN_POINT('Ctrl Pts',(-1.07,1.694712609772,-11.00180314392));
#10091=CARTESIAN_POINT('Ctrl Pts',(-1.742,1.694712609772,-11.00180314392));
#10092=CARTESIAN_POINT('Ctrl Pts',(-1.07,1.560889641906,-11.56118575002));
#10093=CARTESIAN_POINT('Ctrl Pts',(-1.742,1.560889641906,-11.56118575002));
#10094=CARTESIAN_POINT('Ctrl Pts',(-1.07,1.45620749504,-11.92235362685));
#10095=CARTESIAN_POINT('Ctrl Pts',(-1.742,1.45620749504,-11.92235362685));
#10096=CARTESIAN_POINT('Ctrl Pts',(-1.07,1.399999968708,-12.09999972954));
#10097=CARTESIAN_POINT('Ctrl Pts',(-1.742,1.399999968708,-12.09999972954));
#10098=CARTESIAN_POINT('',(-1.05,1.493208643588,-2.743605433746));
#10099=CARTESIAN_POINT('Ctrl Pts',(-1.07,1.699999962002,-12.09999972954));
#10100=CARTESIAN_POINT('Ctrl Pts',(-1.742,1.699999962002,-12.09999972954));
#10101=CARTESIAN_POINT('Ctrl Pts',(-1.07,1.752050688269,-11.91753522851));
#10102=CARTESIAN_POINT('Ctrl Pts',(-1.742,1.752050688269,-11.91753522851));
#10103=CARTESIAN_POINT('Ctrl Pts',(-1.07,1.848969819668,-11.5445861411));
#10104=CARTESIAN_POINT('Ctrl Pts',(-1.742,1.848969819668,-11.5445861411));
#10105=CARTESIAN_POINT('Ctrl Pts',(-1.07,1.972809086141,-10.96112233745));
#10106=CARTESIAN_POINT('Ctrl Pts',(-1.742,1.972809086141,-10.96112233745));
#10107=CARTESIAN_POINT('Ctrl Pts',(-1.07,2.094074761449,-10.13412365146));
#10108=CARTESIAN_POINT('Ctrl Pts',(-1.742,2.094074761449,-10.13412365146));
#10109=CARTESIAN_POINT('Ctrl Pts',(-1.07,2.169764720641,-9.020261688557));
#10110=CARTESIAN_POINT('Ctrl Pts',(-1.742,2.169764720641,-9.020261688557));
#10111=CARTESIAN_POINT('Ctrl Pts',(-1.07,2.168035239284,-7.8371928265));
#10112=CARTESIAN_POINT('Ctrl Pts',(-1.742,2.168035239284,-7.8371928265));
#10113=CARTESIAN_POINT('Ctrl Pts',(-1.07,2.095028595478,-6.620869034151));
#10114=CARTESIAN_POINT('Ctrl Pts',(-1.742,2.095028595478,-6.620869034151));
#10115=CARTESIAN_POINT('Ctrl Pts',(-1.07,1.965106315561,-5.429907820035));
#10116=CARTESIAN_POINT('Ctrl Pts',(-1.742,1.965106315561,-5.429907820035));
#10117=CARTESIAN_POINT('Ctrl Pts',(-1.07,1.82011567144,-4.39383135138));
#10118=CARTESIAN_POINT('Ctrl Pts',(-1.742,1.82011567144,-4.39383135138));
#10119=CARTESIAN_POINT('Ctrl Pts',(-1.07,1.686503507542,-3.582050358471));
#10120=CARTESIAN_POINT('Ctrl Pts',(-1.742,1.686503507542,-3.582050358471));
#10121=CARTESIAN_POINT('Ctrl Pts',(-1.07,1.59692386135,-3.126658497798));
#10122=CARTESIAN_POINT('Ctrl Pts',(-1.742,1.59692386135,-3.126658497798));
#10123=CARTESIAN_POINT('Ctrl Pts',(-1.07,1.540844102948,-2.893672705057));
#10124=CARTESIAN_POINT('Ctrl Pts',(-1.742,1.540844102948,-2.893672705057));
#10125=CARTESIAN_POINT('Ctrl Pts',(-1.07,1.508281869954,-2.785727938124));
#10126=CARTESIAN_POINT('Ctrl Pts',(-1.742,1.508281869954,-2.785727938124));
#10127=CARTESIAN_POINT('Ctrl Pts',(-1.07,1.493208643588,-2.743605433746));
#10128=CARTESIAN_POINT('Ctrl Pts',(-1.742,1.493208643588,-2.743605433746));
#10129=CARTESIAN_POINT('',(-1.05,1.699999962002,-12.09999972954));
#10130=CARTESIAN_POINT('Origin',(-1.05,1.699999962002,-15.7));
#10131=CARTESIAN_POINT('',(-1.43,1.699999962002,-15.7));
#10132=CARTESIAN_POINT('Origin',(-1.43,-3.11511763968,-9.221802716873));
#10133=CARTESIAN_POINT('Origin',(-0.72,-1.39471942691,-12.41622749556));
#10134=CARTESIAN_POINT('',(-1.07,-1.39471942691,-12.41622749556));
#10135=CARTESIAN_POINT('',(-1.07,-1.64471942691,-12.41622749556));
#10136=CARTESIAN_POINT('',(-1.07,-1.39471942691,-12.41622749556));
#10137=CARTESIAN_POINT('',(-0.87,-1.39471942691,-12.09999972954));
#10138=CARTESIAN_POINT('Origin',(-0.72,-1.39471942691,-12.41622749556));
#10139=CARTESIAN_POINT('',(-0.87,-1.64471942691,-12.09999972954));
#10140=CARTESIAN_POINT('',(-0.87,-1.39471942691,-12.09999972954));
#10141=CARTESIAN_POINT('Origin',(-0.72,-1.64471942691,-12.41622749556));
#10142=CARTESIAN_POINT('Origin',(-1.78,-1.64471942691,-12.41622749556));
#10143=CARTESIAN_POINT('',(-1.43,-1.64471942691,-12.41622749556));
#10144=CARTESIAN_POINT('',(-1.43,-1.39471942691,-12.41622749556));
#10145=CARTESIAN_POINT('',(-1.43,-1.64471942691,-12.41622749556));
#10146=CARTESIAN_POINT('',(-1.63,-1.64471942691,-12.09999972954));
#10147=CARTESIAN_POINT('Origin',(-1.78,-1.64471942691,-12.41622749556));
#10148=CARTESIAN_POINT('',(-1.63,-1.39471942691,-12.09999972954));
#10149=CARTESIAN_POINT('',(-1.63,-1.64471942691,-12.09999972954));
#10150=CARTESIAN_POINT('Origin',(-1.78,-1.39471942691,-12.41622749556));
#10151=CARTESIAN_POINT('Ctrl Pts',(-1.07,-1.64471942691,-12.09999972954));
#10152=CARTESIAN_POINT('Ctrl Pts',(-0.83,-1.64471942691,-12.09999972954));
#10153=CARTESIAN_POINT('Ctrl Pts',(-1.07,-2.085786976156,-9.914678917784));
#10154=CARTESIAN_POINT('Ctrl Pts',(-0.83,-2.085786976156,-9.914678917784));
#10155=CARTESIAN_POINT('Ctrl Pts',(-1.07,-2.112885371163,-8.311496956769));
#10156=CARTESIAN_POINT('Ctrl Pts',(-0.83,-2.112885371163,-8.311496956769));
#10157=CARTESIAN_POINT('Ctrl Pts',(-1.07,-2.086713754336,-6.662701118322));
#10158=CARTESIAN_POINT('Ctrl Pts',(-0.83,-2.086713754336,-6.662701118322));
#10159=CARTESIAN_POINT('Ctrl Pts',(-1.07,-2.008360215748,-5.056925796418));
#10160=CARTESIAN_POINT('Ctrl Pts',(-0.83,-2.008360215748,-5.056925796418));
#10161=CARTESIAN_POINT('Ctrl Pts',(-1.07,-1.499257783051,-2.852571241374));
#10162=CARTESIAN_POINT('Ctrl Pts',(-0.83,-1.499257783051,-2.852571241374));
#10163=CARTESIAN_POINT('',(-1.07,-1.499257783051,-2.852571241374));
#10164=CARTESIAN_POINT('',(-0.87,-1.499257783051,-2.852571241374));
#10165=CARTESIAN_POINT('',(-1.07,-1.499257783051,-2.852571241374));
#10166=CARTESIAN_POINT('',(-1.07,-1.64471942691,-12.09999972954));
#10167=CARTESIAN_POINT('Ctrl Pts',(-1.07,-1.499257783051,-2.852571241374));
#10168=CARTESIAN_POINT('Ctrl Pts',(-1.07,-1.542163585628,-3.038348395978));
#10169=CARTESIAN_POINT('Ctrl Pts',(-1.07,-1.624486803157,-3.409830438362));
#10170=CARTESIAN_POINT('Ctrl Pts',(-1.07,-1.737506809428,-3.966836708566));
#10171=CARTESIAN_POINT('Ctrl Pts',(-1.07,-1.866923214748,-4.709070954029));
#10172=CARTESIAN_POINT('Ctrl Pts',(-1.07,-1.990821561249,-5.63607918613));
#10173=CARTESIAN_POINT('Ctrl Pts',(-1.07,-2.073447972606,-6.562232412413));
#10174=CARTESIAN_POINT('Ctrl Pts',(-1.07,-2.11141050771,-7.487460364076));
#10175=CARTESIAN_POINT('Ctrl Pts',(-1.07,-2.102814161207,-8.411723783436));
#10176=CARTESIAN_POINT('Ctrl Pts',(-1.07,-2.049447133991,-9.335059715572));
#10177=CARTESIAN_POINT('Ctrl Pts',(-1.07,-1.9546652314,-10.25753768068));
#10178=CARTESIAN_POINT('Ctrl Pts',(-1.07,-1.848414616216,-10.99488975444));
#10179=CARTESIAN_POINT('Ctrl Pts',(-1.07,-1.752698563251,-11.54757176545));
#10180=CARTESIAN_POINT('Ctrl Pts',(-1.07,-1.681880413579,-11.91588127038));
#10181=CARTESIAN_POINT('Ctrl Pts',(-1.07,-1.64471942691,-12.09999972954));
#10182=CARTESIAN_POINT('',(-1.07,-1.64471942691,-12.09999972954));
#10183=CARTESIAN_POINT('Ctrl Pts',(-0.87,-1.64471942691,-12.09999972954));
#10184=CARTESIAN_POINT('Ctrl Pts',(-0.87,-2.085786976156,-9.914678917784));
#10185=CARTESIAN_POINT('Ctrl Pts',(-0.87,-2.112885371163,-8.311496956769));
#10186=CARTESIAN_POINT('Ctrl Pts',(-0.87,-2.086713754336,-6.662701118322));
#10187=CARTESIAN_POINT('Ctrl Pts',(-0.87,-2.008360215748,-5.056925796418));
#10188=CARTESIAN_POINT('Ctrl Pts',(-0.87,-1.499257783051,-2.852571241374));
#10189=CARTESIAN_POINT('Ctrl Pts',(-1.07,-1.499257783051,-2.852571241374));
#10190=CARTESIAN_POINT('Ctrl Pts',(-0.83,-1.499257783051,-2.852571241374));
#10191=CARTESIAN_POINT('Ctrl Pts',(-1.07,-1.704915179233,-4.575272111392));
#10192=CARTESIAN_POINT('Ctrl Pts',(-0.83,-1.704915179233,-4.575272111392));
#10193=CARTESIAN_POINT('Ctrl Pts',(-1.07,-1.781418999492,-6.117050211564));
#10194=CARTESIAN_POINT('Ctrl Pts',(-0.83,-1.781418999492,-6.117050211564));
#10195=CARTESIAN_POINT('Ctrl Pts',(-1.07,-1.750608112086,-8.841999625183));
#10196=CARTESIAN_POINT('Ctrl Pts',(-0.83,-1.750608112086,-8.841999625183));
#10197=CARTESIAN_POINT('Ctrl Pts',(-1.07,-1.639218587302,-10.38198095483));
#10198=CARTESIAN_POINT('Ctrl Pts',(-0.83,-1.639218587302,-10.38198095483));
#10199=CARTESIAN_POINT('Ctrl Pts',(-1.07,-1.39471942691,-12.09999972954));
#10200=CARTESIAN_POINT('Ctrl Pts',(-0.83,-1.39471942691,-12.09999972954));
#10201=CARTESIAN_POINT('',(-1.07,-1.39471942691,-12.09999972954));
#10202=CARTESIAN_POINT('',(-1.07,-1.39471942691,-12.09999972954));
#10203=CARTESIAN_POINT('Ctrl Pts',(-1.07,-1.39471942691,-12.09999972954));
#10204=CARTESIAN_POINT('Ctrl Pts',(-1.07,-1.421006995784,-11.91528524302));
#10205=CARTESIAN_POINT('Ctrl Pts',(-1.07,-1.471469112863,-11.54583582831));
#10206=CARTESIAN_POINT('Ctrl Pts',(-1.07,-1.540823421114,-10.99160038317));
#10207=CARTESIAN_POINT('Ctrl Pts',(-1.07,-1.620407842085,-10.25249510943));
#10208=CARTESIAN_POINT('Ctrl Pts',(-1.07,-1.696950523719,-9.32839161334));
#10209=CARTESIAN_POINT('Ctrl Pts',(-1.07,-1.748505175158,-8.404046379552));
#10210=CARTESIAN_POINT('Ctrl Pts',(-1.07,-1.773032187627,-7.479439676609));
#10211=CARTESIAN_POINT('Ctrl Pts',(-1.07,-1.769417378279,-6.554560725752));
#10212=CARTESIAN_POINT('Ctrl Pts',(-1.07,-1.738773162513,-5.629420288644));
#10213=CARTESIAN_POINT('Ctrl Pts',(-1.07,-1.683138551163,-4.704038090961));
#10214=CARTESIAN_POINT('Ctrl Pts',(-1.07,-1.620278478764,-3.963554789298));
#10215=CARTESIAN_POINT('Ctrl Pts',(-1.07,-1.563466267133,-3.408098791621));
#10216=CARTESIAN_POINT('Ctrl Pts',(-1.07,-1.521365036447,-3.037753906166));
#10217=CARTESIAN_POINT('Ctrl Pts',(-1.07,-1.499257783051,-2.852571241374));
#10218=CARTESIAN_POINT('Ctrl Pts',(-0.87,-1.499257783051,-2.852571241374));
#10219=CARTESIAN_POINT('Ctrl Pts',(-0.87,-1.704915179233,-4.575272111392));
#10220=CARTESIAN_POINT('Ctrl Pts',(-0.87,-1.781418999492,-6.117050211564));
#10221=CARTESIAN_POINT('Ctrl Pts',(-0.87,-1.750608112086,-8.841999625183));
#10222=CARTESIAN_POINT('Ctrl Pts',(-0.87,-1.639218587302,-10.38198095483));
#10223=CARTESIAN_POINT('Ctrl Pts',(-0.87,-1.39471942691,-12.09999972954));
#10224=CARTESIAN_POINT('Origin',(-0.87,-1.753977295604,-7.476285485459));
#10225=CARTESIAN_POINT('Origin',(-1.63,-1.75306496731,-7.476285485459));
#10226=CARTESIAN_POINT('',(-1.63,-1.499257783051,-2.852571241374));
#10227=CARTESIAN_POINT('Ctrl Pts',(-1.63,-1.499257783051,-2.852571241374));
#10228=CARTESIAN_POINT('Ctrl Pts',(-1.63,-1.542163585628,-3.038348395978));
#10229=CARTESIAN_POINT('Ctrl Pts',(-1.63,-1.624486803157,-3.409830438362));
#10230=CARTESIAN_POINT('Ctrl Pts',(-1.63,-1.737506809428,-3.966836708566));
#10231=CARTESIAN_POINT('Ctrl Pts',(-1.63,-1.866923214748,-4.709070954029));
#10232=CARTESIAN_POINT('Ctrl Pts',(-1.63,-1.990821561249,-5.63607918613));
#10233=CARTESIAN_POINT('Ctrl Pts',(-1.63,-2.073447972606,-6.562232412413));
#10234=CARTESIAN_POINT('Ctrl Pts',(-1.63,-2.11141050771,-7.487460364076));
#10235=CARTESIAN_POINT('Ctrl Pts',(-1.63,-2.102814161207,-8.411723783436));
#10236=CARTESIAN_POINT('Ctrl Pts',(-1.63,-2.049447133991,-9.335059715572));
#10237=CARTESIAN_POINT('Ctrl Pts',(-1.63,-1.9546652314,-10.25753768068));
#10238=CARTESIAN_POINT('Ctrl Pts',(-1.63,-1.848414616216,-10.99488975444));
#10239=CARTESIAN_POINT('Ctrl Pts',(-1.63,-1.752698563251,-11.54757176545));
#10240=CARTESIAN_POINT('Ctrl Pts',(-1.63,-1.681880413579,-11.91588127038));
#10241=CARTESIAN_POINT('Ctrl Pts',(-1.63,-1.64471942691,-12.09999972954));
#10242=CARTESIAN_POINT('Ctrl Pts',(-1.63,-1.39471942691,-12.09999972954));
#10243=CARTESIAN_POINT('Ctrl Pts',(-1.63,-1.421006995784,-11.91528524302));
#10244=CARTESIAN_POINT('Ctrl Pts',(-1.63,-1.471469112863,-11.54583582831));
#10245=CARTESIAN_POINT('Ctrl Pts',(-1.63,-1.540823421114,-10.99160038317));
#10246=CARTESIAN_POINT('Ctrl Pts',(-1.63,-1.620407842085,-10.25249510943));
#10247=CARTESIAN_POINT('Ctrl Pts',(-1.63,-1.696950523719,-9.32839161334));
#10248=CARTESIAN_POINT('Ctrl Pts',(-1.63,-1.748505175158,-8.404046379552));
#10249=CARTESIAN_POINT('Ctrl Pts',(-1.63,-1.773032187627,-7.479439676609));
#10250=CARTESIAN_POINT('Ctrl Pts',(-1.63,-1.769417378279,-6.554560725752));
#10251=CARTESIAN_POINT('Ctrl Pts',(-1.63,-1.738773162513,-5.629420288644));
#10252=CARTESIAN_POINT('Ctrl Pts',(-1.63,-1.683138551163,-4.704038090961));
#10253=CARTESIAN_POINT('Ctrl Pts',(-1.63,-1.620278478764,-3.963554789298));
#10254=CARTESIAN_POINT('Ctrl Pts',(-1.63,-1.563466267133,-3.408098791621));
#10255=CARTESIAN_POINT('Ctrl Pts',(-1.63,-1.521365036447,-3.037753906166));
#10256=CARTESIAN_POINT('Ctrl Pts',(-1.63,-1.499257783051,-2.852571241374));
#10257=CARTESIAN_POINT('Origin',(-1.43,-4.897359653105,-8.276285620687));
#10258=CARTESIAN_POINT('',(-1.43,-1.39471942691,-13.7));
#10259=CARTESIAN_POINT('',(-1.43,-1.39471942691,-13.7));
#10260=CARTESIAN_POINT('',(-1.43,-8.399999879301,-13.7));
#10261=CARTESIAN_POINT('',(-1.43,-8.399999879301,-13.7));
#10262=CARTESIAN_POINT('',(-1.43,-8.399999879301,-13.45));
#10263=CARTESIAN_POINT('',(-1.43,-8.399999879301,-13.45));
#10264=CARTESIAN_POINT('',(-1.43,-1.64471942691,-13.45));
#10265=CARTESIAN_POINT('',(-1.43,-1.64471942691,-13.45));
#10266=CARTESIAN_POINT('',(-1.43,-1.64471942691,-13.45));
#10267=CARTESIAN_POINT('Origin',(-1.07,-4.897359653105,-8.276285620687));
#10268=CARTESIAN_POINT('',(-1.07,-1.64471942691,-13.45));
#10269=CARTESIAN_POINT('',(-1.07,-1.64471942691,-10.18814267511));
#10270=CARTESIAN_POINT('',(-1.07,-8.399999879301,-13.45));
#10271=CARTESIAN_POINT('',(-1.07,-3.271039540008,-13.45));
#10272=CARTESIAN_POINT('',(-1.07,-8.399999879301,-13.7));
#10273=CARTESIAN_POINT('',(-1.07,-8.399999879301,-10.86314281034));
#10274=CARTESIAN_POINT('',(-1.07,-1.39471942691,-13.7));
#10275=CARTESIAN_POINT('',(-1.07,-6.648679766203,-13.7));
#10276=CARTESIAN_POINT('',(-1.07,-1.39471942691,-10.98814281034));
#10277=CARTESIAN_POINT('Ctrl Pts',(-1.07,-1.39471942691,-12.09999972954));
#10278=CARTESIAN_POINT('Ctrl Pts',(-1.742,-1.39471942691,-12.09999972954));
#10279=CARTESIAN_POINT('Ctrl Pts',(-1.07,-1.421006995784,-11.91528524302));
#10280=CARTESIAN_POINT('Ctrl Pts',(-1.742,-1.421006995784,-11.91528524302));
#10281=CARTESIAN_POINT('Ctrl Pts',(-1.07,-1.471469112863,-11.54583582831));
#10282=CARTESIAN_POINT('Ctrl Pts',(-1.742,-1.471469112863,-11.54583582831));
#10283=CARTESIAN_POINT('Ctrl Pts',(-1.07,-1.540823421114,-10.99160038317));
#10284=CARTESIAN_POINT('Ctrl Pts',(-1.742,-1.540823421114,-10.99160038317));
#10285=CARTESIAN_POINT('Ctrl Pts',(-1.07,-1.620407842085,-10.25249510943));
#10286=CARTESIAN_POINT('Ctrl Pts',(-1.742,-1.620407842085,-10.25249510943));
#10287=CARTESIAN_POINT('Ctrl Pts',(-1.07,-1.696950523719,-9.32839161334));
#10288=CARTESIAN_POINT('Ctrl Pts',(-1.742,-1.696950523719,-9.32839161334));
#10289=CARTESIAN_POINT('Ctrl Pts',(-1.07,-1.748505175158,-8.404046379552));
#10290=CARTESIAN_POINT('Ctrl Pts',(-1.742,-1.748505175158,-8.404046379552));
#10291=CARTESIAN_POINT('Ctrl Pts',(-1.07,-1.773032187627,-7.479439676609));
#10292=CARTESIAN_POINT('Ctrl Pts',(-1.742,-1.773032187627,-7.479439676609));
#10293=CARTESIAN_POINT('Ctrl Pts',(-1.07,-1.769417378279,-6.554560725752));
#10294=CARTESIAN_POINT('Ctrl Pts',(-1.742,-1.769417378279,-6.554560725752));
#10295=CARTESIAN_POINT('Ctrl Pts',(-1.07,-1.738773162513,-5.629420288644));
#10296=CARTESIAN_POINT('Ctrl Pts',(-1.742,-1.738773162513,-5.629420288644));
#10297=CARTESIAN_POINT('Ctrl Pts',(-1.07,-1.683138551163,-4.704038090961));
#10298=CARTESIAN_POINT('Ctrl Pts',(-1.742,-1.683138551163,-4.704038090961));
#10299=CARTESIAN_POINT('Ctrl Pts',(-1.07,-1.620278478764,-3.963554789298));
#10300=CARTESIAN_POINT('Ctrl Pts',(-1.742,-1.620278478764,-3.963554789298));
#10301=CARTESIAN_POINT('Ctrl Pts',(-1.07,-1.563466267133,-3.408098791621));
#10302=CARTESIAN_POINT('Ctrl Pts',(-1.742,-1.563466267133,-3.408098791621));
#10303=CARTESIAN_POINT('Ctrl Pts',(-1.07,-1.521365036447,-3.037753906166));
#10304=CARTESIAN_POINT('Ctrl Pts',(-1.742,-1.521365036447,-3.037753906166));
#10305=CARTESIAN_POINT('Ctrl Pts',(-1.07,-1.499257783051,-2.852571241374));
#10306=CARTESIAN_POINT('Ctrl Pts',(-1.742,-1.499257783051,-2.852571241374));
#10307=CARTESIAN_POINT('',(-1.05,-1.499257783051,-2.852571241374));
#10308=CARTESIAN_POINT('',(-1.05,-1.39471942691,-12.09999972954));
#10309=CARTESIAN_POINT('Ctrl Pts',(-1.07,-1.499257783051,-2.852571241374));
#10310=CARTESIAN_POINT('Ctrl Pts',(-1.742,-1.499257783051,-2.852571241374));
#10311=CARTESIAN_POINT('Ctrl Pts',(-1.07,-1.542163585628,-3.038348395978));
#10312=CARTESIAN_POINT('Ctrl Pts',(-1.742,-1.542163585628,-3.038348395978));
#10313=CARTESIAN_POINT('Ctrl Pts',(-1.07,-1.624486803157,-3.409830438362));
#10314=CARTESIAN_POINT('Ctrl Pts',(-1.742,-1.624486803157,-3.409830438362));
#10315=CARTESIAN_POINT('Ctrl Pts',(-1.07,-1.737506809428,-3.966836708566));
#10316=CARTESIAN_POINT('Ctrl Pts',(-1.742,-1.737506809428,-3.966836708566));
#10317=CARTESIAN_POINT('Ctrl Pts',(-1.07,-1.866923214748,-4.709070954029));
#10318=CARTESIAN_POINT('Ctrl Pts',(-1.742,-1.866923214748,-4.709070954029));
#10319=CARTESIAN_POINT('Ctrl Pts',(-1.07,-1.990821561249,-5.63607918613));
#10320=CARTESIAN_POINT('Ctrl Pts',(-1.742,-1.990821561249,-5.63607918613));
#10321=CARTESIAN_POINT('Ctrl Pts',(-1.07,-2.073447972606,-6.562232412413));
#10322=CARTESIAN_POINT('Ctrl Pts',(-1.742,-2.073447972606,-6.562232412413));
#10323=CARTESIAN_POINT('Ctrl Pts',(-1.07,-2.11141050771,-7.487460364076));
#10324=CARTESIAN_POINT('Ctrl Pts',(-1.742,-2.11141050771,-7.487460364076));
#10325=CARTESIAN_POINT('Ctrl Pts',(-1.07,-2.102814161207,-8.411723783436));
#10326=CARTESIAN_POINT('Ctrl Pts',(-1.742,-2.102814161207,-8.411723783436));
#10327=CARTESIAN_POINT('Ctrl Pts',(-1.07,-2.049447133991,-9.335059715572));
#10328=CARTESIAN_POINT('Ctrl Pts',(-1.742,-2.049447133991,-9.335059715572));
#10329=CARTESIAN_POINT('Ctrl Pts',(-1.07,-1.9546652314,-10.25753768068));
#10330=CARTESIAN_POINT('Ctrl Pts',(-1.742,-1.9546652314,-10.25753768068));
#10331=CARTESIAN_POINT('Ctrl Pts',(-1.07,-1.848414616216,-10.99488975444));
#10332=CARTESIAN_POINT('Ctrl Pts',(-1.742,-1.848414616216,-10.99488975444));
#10333=CARTESIAN_POINT('Ctrl Pts',(-1.07,-1.752698563251,-11.54757176545));
#10334=CARTESIAN_POINT('Ctrl Pts',(-1.742,-1.752698563251,-11.54757176545));
#10335=CARTESIAN_POINT('Ctrl Pts',(-1.07,-1.681880413579,-11.91588127038));
#10336=CARTESIAN_POINT('Ctrl Pts',(-1.742,-1.681880413579,-11.91588127038));
#10337=CARTESIAN_POINT('Ctrl Pts',(-1.07,-1.64471942691,-12.09999972954));
#10338=CARTESIAN_POINT('Ctrl Pts',(-1.742,-1.64471942691,-12.09999972954));
#10339=CARTESIAN_POINT('',(-1.05,-1.64471942691,-12.09999972954));
#10340=CARTESIAN_POINT('Origin',(-1.05,-1.64471942691,-12.09999972954));
#10341=CARTESIAN_POINT('',(-1.05,-1.64471942691,-13.45));
#10342=CARTESIAN_POINT('Origin',(-1.05,-1.64471942691,-13.45));
#10343=CARTESIAN_POINT('',(-1.05,-8.399999879301,-13.45));
#10344=CARTESIAN_POINT('Origin',(-1.05,-1.39471942691,-13.7));
#10345=CARTESIAN_POINT('',(-1.05,-1.39471942691,-13.7));
#10346=CARTESIAN_POINT('Origin',(-1.05,-8.399999879301,-13.7));
#10347=CARTESIAN_POINT('',(-1.05,-8.399999879301,-13.7));
#10348=CARTESIAN_POINT('Origin',(-1.05,-8.399999879301,-13.45));
#10349=CARTESIAN_POINT('Origin',(2.925,-5.2,-16.3));
#10350=CARTESIAN_POINT('',(5.85,-5.2,-16.5));
#10351=CARTESIAN_POINT('',(5.85,-5.4,-16.3));
#10352=CARTESIAN_POINT('Origin',(5.85,-5.2,-16.3));
#10353=CARTESIAN_POINT('',(-5.85,-5.4,-16.3));
#10354=CARTESIAN_POINT('',(2.925,-5.4,-16.3));
#10355=CARTESIAN_POINT('',(-5.85,-5.2,-16.5));
#10356=CARTESIAN_POINT('Origin',(-5.85,-5.2,-16.3));
#10357=CARTESIAN_POINT('',(2.925,-5.2,-16.5));
#10358=CARTESIAN_POINT('Ctrl Pts',(-5.85000000000006,-5.39999999999999,
-16.3));
#10359=CARTESIAN_POINT('Ctrl Pts',(-6.10000000000121,-5.40000000000122,
-16.2999999999998));
#10360=CARTESIAN_POINT('Ctrl Pts',(-6.09999999999999,-5.15000000000007,
-16.3));
#10361=CARTESIAN_POINT('Ctrl Pts',(-5.85000000000023,-5.40000000000006,
-16.5000000000001));
#10362=CARTESIAN_POINT('Ctrl Pts',(-6.10000000000124,-5.40000000000128,
-16.4999999999999));
#10363=CARTESIAN_POINT('Ctrl Pts',(-6.10000000000002,-5.15000000000026,
-16.5000000000001));
#10364=CARTESIAN_POINT('Ctrl Pts',(-5.85000000000023,-5.19999999999991,
-16.5));
#10365=CARTESIAN_POINT('Ctrl Pts',(-5.90000000000012,-5.20000000000016,
-16.5));
#10366=CARTESIAN_POINT('Ctrl Pts',(-5.89999999999988,-5.15000000000026,
-16.5));
#10367=CARTESIAN_POINT('',(-6.1,-5.15,-16.3));
#10368=CARTESIAN_POINT('Origin',(-5.85,-5.15,-16.3));
#10369=CARTESIAN_POINT('',(-5.9,-5.15,-16.5));
#10370=CARTESIAN_POINT('Origin',(-5.9,-5.15,-16.3));
#10371=CARTESIAN_POINT('Origin',(-5.85,-5.15,-16.5));
#10372=CARTESIAN_POINT('Origin',(-5.9,-2.575,-16.3));
#10373=CARTESIAN_POINT('',(-6.1,5.15,-16.3));
#10374=CARTESIAN_POINT('',(-5.9,5.15,-16.5));
#10375=CARTESIAN_POINT('Origin',(-5.9,5.15,-16.3));
#10376=CARTESIAN_POINT('',(-5.9,-2.575,-16.5));
#10377=CARTESIAN_POINT('',(-6.1,-2.575,-16.3));
#10378=CARTESIAN_POINT('Ctrl Pts',(-6.09999999999999,5.15000000000008,-16.2999999999999));
#10379=CARTESIAN_POINT('Ctrl Pts',(-6.10000000000215,5.40000000000214,-16.2999999999995));
#10380=CARTESIAN_POINT('Ctrl Pts',(-5.85000000000009,5.39999999999998,-16.3));
#10381=CARTESIAN_POINT('Ctrl Pts',(-6.10000000000008,5.1500000000004,-16.5000000000002));
#10382=CARTESIAN_POINT('Ctrl Pts',(-6.10000000000224,5.40000000000218,-16.4999999999998));
#10383=CARTESIAN_POINT('Ctrl Pts',(-5.85000000000046,5.40000000000003,-16.5000000000002));
#10384=CARTESIAN_POINT('Ctrl Pts',(-5.89999999999985,5.1500000000004,-16.5));
#10385=CARTESIAN_POINT('Ctrl Pts',(-5.90000000000028,5.20000000000022,-16.4999999999999));
#10386=CARTESIAN_POINT('Ctrl Pts',(-5.85000000000046,5.19999999999979,-16.5));
#10387=CARTESIAN_POINT('',(-5.85,5.4,-16.3));
#10388=CARTESIAN_POINT('Origin',(-5.85,5.15,-16.3));
#10389=CARTESIAN_POINT('',(-5.85,5.2,-16.5));
#10390=CARTESIAN_POINT('Origin',(-5.85,5.2,-16.3));
#10391=CARTESIAN_POINT('Origin',(-5.85,5.15,-16.5));
#10392=CARTESIAN_POINT('Origin',(-2.925,5.2,-16.3));
#10393=CARTESIAN_POINT('',(5.85,5.4,-16.3));
#10394=CARTESIAN_POINT('',(5.85,5.2,-16.5));
#10395=CARTESIAN_POINT('Origin',(5.85,5.2,-16.3));
#10396=CARTESIAN_POINT('',(-2.925,5.2,-16.5));
#10397=CARTESIAN_POINT('',(-2.925,5.4,-16.3));
#10398=CARTESIAN_POINT('Ctrl Pts',(5.85000000000006,5.39999999999999,-16.3));
#10399=CARTESIAN_POINT('Ctrl Pts',(6.10000000000121,5.40000000000122,-16.2999999999998));
#10400=CARTESIAN_POINT('Ctrl Pts',(6.09999999999999,5.15000000000007,-16.3));
#10401=CARTESIAN_POINT('Ctrl Pts',(5.85000000000023,5.40000000000006,-16.5000000000001));
#10402=CARTESIAN_POINT('Ctrl Pts',(6.10000000000124,5.40000000000128,-16.4999999999999));
#10403=CARTESIAN_POINT('Ctrl Pts',(6.10000000000002,5.15000000000026,-16.5000000000001));
#10404=CARTESIAN_POINT('Ctrl Pts',(5.85000000000023,5.19999999999991,-16.5));
#10405=CARTESIAN_POINT('Ctrl Pts',(5.90000000000012,5.20000000000016,-16.5));
#10406=CARTESIAN_POINT('Ctrl Pts',(5.89999999999988,5.15000000000026,-16.5));
#10407=CARTESIAN_POINT('',(6.1,5.15,-16.3));
#10408=CARTESIAN_POINT('Origin',(5.85,5.15,-16.3));
#10409=CARTESIAN_POINT('',(5.9,5.15,-16.5));
#10410=CARTESIAN_POINT('Origin',(5.9,5.15,-16.3));
#10411=CARTESIAN_POINT('Origin',(5.85,5.15,-16.5));
#10412=CARTESIAN_POINT('Origin',(5.9,2.575,-16.3));
#10413=CARTESIAN_POINT('',(6.1,-5.15,-16.3));
#10414=CARTESIAN_POINT('',(5.9,-5.15,-16.5));
#10415=CARTESIAN_POINT('Origin',(5.9,-5.15,-16.3));
#10416=CARTESIAN_POINT('',(5.9,2.575,-16.5));
#10417=CARTESIAN_POINT('',(6.1,2.575,-16.3));
#10418=CARTESIAN_POINT('Ctrl Pts',(6.09999999999999,-5.15000000000007,-16.2999999999999));
#10419=CARTESIAN_POINT('Ctrl Pts',(6.10000000000094,-5.40000000000094,-16.2999999999996));
#10420=CARTESIAN_POINT('Ctrl Pts',(5.85000000000008,-5.39999999999998,-16.3));
#10421=CARTESIAN_POINT('Ctrl Pts',(6.10000000000008,-5.15000000000032,-16.5000000000001));
#10422=CARTESIAN_POINT('Ctrl Pts',(6.10000000000103,-5.40000000000098,-16.4999999999998));
#10423=CARTESIAN_POINT('Ctrl Pts',(5.85000000000037,-5.40000000000002,-16.5000000000002));
#10424=CARTESIAN_POINT('Ctrl Pts',(5.89999999999988,-5.15000000000032,-16.5));
#10425=CARTESIAN_POINT('Ctrl Pts',(5.90000000000007,-5.20000000000001,-16.5));
#10426=CARTESIAN_POINT('Ctrl Pts',(5.85000000000037,-5.19999999999982,-16.5));
#10427=CARTESIAN_POINT('Origin',(5.85,-5.15,-16.3));
#10428=CARTESIAN_POINT('Origin',(5.85,-5.15,-16.5));
#10429=CARTESIAN_POINT('Origin',(-5.85,5.15,0.));
#10430=CARTESIAN_POINT('',(-6.1,5.15,0.2));
#10431=CARTESIAN_POINT('',(-6.1,5.15,0.));
#10432=CARTESIAN_POINT('',(-5.85,5.4,0.2));
#10433=CARTESIAN_POINT('Origin',(-5.85,5.15,0.2));
#10434=CARTESIAN_POINT('',(-5.85,5.4,0.));
#10435=CARTESIAN_POINT('Origin',(-6.1,-5.15,0.));
#10436=CARTESIAN_POINT('',(-6.1,-5.15,-11.8));
#10437=CARTESIAN_POINT('',(-6.1,-5.15,0.));
#10438=CARTESIAN_POINT('',(-6.1,-7.40726872423,-11.8));
#10439=CARTESIAN_POINT('',(-6.1,-8.40726872423,-11.8));
#10440=CARTESIAN_POINT('',(-6.1,-7.40726872423,-9.8));
#10441=CARTESIAN_POINT('Origin',(-6.1,-7.40726872423,-10.8));
#10442=CARTESIAN_POINT('',(-6.1,-5.15,-9.8));
#10443=CARTESIAN_POINT('',(-6.1,-5.40726872423,-9.8));
#10444=CARTESIAN_POINT('',(-6.1,-5.15,0.2));
#10445=CARTESIAN_POINT('',(-6.1,-5.15,0.));
#10446=CARTESIAN_POINT('',(-6.1,5.15,0.2));
#10447=CARTESIAN_POINT('Origin',(-5.85,-5.15,0.));
#10448=CARTESIAN_POINT('',(-5.85,-5.4,0.2));
#10449=CARTESIAN_POINT('',(-5.85,-5.4,0.));
#10450=CARTESIAN_POINT('Origin',(-5.85,-5.15,0.2));
#10451=CARTESIAN_POINT('',(-5.9,-5.394948974278,-9.8));
#10452=CARTESIAN_POINT('Origin',(-5.85,-5.15,-9.8));
#10453=CARTESIAN_POINT('',(-5.9,-5.394948974278,-11.8));
#10454=CARTESIAN_POINT('',(-5.9,-5.394948974278,0.));
#10455=CARTESIAN_POINT('Origin',(-5.85,-5.15,-11.8));
#10456=CARTESIAN_POINT('Origin',(5.85,-5.4,0.));
#10457=CARTESIAN_POINT('',(5.85,-5.4,0.2));
#10458=CARTESIAN_POINT('',(5.85,-5.4,0.));
#10459=CARTESIAN_POINT('',(-5.85,-5.4,0.2));
#10460=CARTESIAN_POINT('',(1.05,-5.4,-13.75));
#10461=CARTESIAN_POINT('',(1.05,-5.4,-13.45));
#10462=CARTESIAN_POINT('',(1.05,-5.4,-6.875));
#10463=CARTESIAN_POINT('',(1.1,-5.4,-13.4));
#10464=CARTESIAN_POINT('Origin',(1.1,-5.4,-13.45));
#10465=CARTESIAN_POINT('',(1.4,-5.4,-13.4));
#10466=CARTESIAN_POINT('',(3.475,-5.4,-13.4));
#10467=CARTESIAN_POINT('',(1.45,-5.4,-13.45));
#10468=CARTESIAN_POINT('Origin',(1.4,-5.4,-13.45));
#10469=CARTESIAN_POINT('',(1.45,-5.4,-13.75));
#10470=CARTESIAN_POINT('',(1.45,-5.4,-6.725));
#10471=CARTESIAN_POINT('',(1.4,-5.4,-13.8));
#10472=CARTESIAN_POINT('Origin',(1.4,-5.4,-13.75));
#10473=CARTESIAN_POINT('',(1.1,-5.4,-13.8));
#10474=CARTESIAN_POINT('',(3.625,-5.4,-13.8));
#10475=CARTESIAN_POINT('Origin',(1.1,-5.4,-13.75));
#10476=CARTESIAN_POINT('',(-1.45,-5.4,-13.75000029951));
#10477=CARTESIAN_POINT('',(-1.45,-5.4,-13.44999970048));
#10478=CARTESIAN_POINT('',(-1.45,-5.4,-6.875000149757));
#10479=CARTESIAN_POINT('',(-1.4,-5.4,-13.39999970048));
#10480=CARTESIAN_POINT('Origin',(-1.4,-5.4,-13.44999970048));
#10481=CARTESIAN_POINT('',(-1.1,-5.4,-13.39999970048));
#10482=CARTESIAN_POINT('',(2.225,-5.4,-13.39999970048));
#10483=CARTESIAN_POINT('',(-1.05,-5.4,-13.44999970048));
#10484=CARTESIAN_POINT('Origin',(-1.1,-5.4,-13.44999970048));
#10485=CARTESIAN_POINT('',(-1.05,-5.4,-13.75000029951));
#10486=CARTESIAN_POINT('',(-1.05,-5.4,-6.724999850243));
#10487=CARTESIAN_POINT('',(-1.1,-5.4,-13.80000029951));
#10488=CARTESIAN_POINT('Origin',(-1.1,-5.4,-13.75000029951));
#10489=CARTESIAN_POINT('',(-1.4,-5.4,-13.80000029951));
#10490=CARTESIAN_POINT('',(2.375,-5.4,-13.80000029951));
#10491=CARTESIAN_POINT('Origin',(-1.4,-5.4,-13.75000029951));
#10492=CARTESIAN_POINT('',(1.4,-5.4,-15.8));
#10493=CARTESIAN_POINT('',(1.1,-5.4,-15.8));
#10494=CARTESIAN_POINT('',(3.625,-5.4,-15.8));
#10495=CARTESIAN_POINT('',(1.05,-5.4,-15.75));
#10496=CARTESIAN_POINT('Origin',(1.1,-5.4,-15.75));
#10497=CARTESIAN_POINT('',(1.05,-5.4,-15.45));
#10498=CARTESIAN_POINT('',(1.05,-5.4,-7.875));
#10499=CARTESIAN_POINT('',(1.1,-5.4,-15.4));
#10500=CARTESIAN_POINT('Origin',(1.1,-5.4,-15.45));
#10501=CARTESIAN_POINT('',(1.4,-5.4,-15.4));
#10502=CARTESIAN_POINT('',(3.475,-5.4,-15.4));
#10503=CARTESIAN_POINT('',(1.45,-5.4,-15.45));
#10504=CARTESIAN_POINT('Origin',(1.4,-5.4,-15.45));
#10505=CARTESIAN_POINT('',(1.45,-5.4,-15.75));
#10506=CARTESIAN_POINT('',(1.45,-5.4,-7.725));
#10507=CARTESIAN_POINT('Origin',(1.4,-5.4,-15.75));
#10508=CARTESIAN_POINT('',(-1.1,-5.4,-15.8));
#10509=CARTESIAN_POINT('',(-1.4,-5.4,-15.8));
#10510=CARTESIAN_POINT('',(2.375,-5.4,-15.8));
#10511=CARTESIAN_POINT('',(-1.45,-5.4,-15.75));
#10512=CARTESIAN_POINT('Origin',(-1.4,-5.4,-15.75));
#10513=CARTESIAN_POINT('',(-1.45,-5.4,-15.45));
#10514=CARTESIAN_POINT('',(-1.45,-5.4,-7.875));
#10515=CARTESIAN_POINT('',(-1.4,-5.4,-15.4));
#10516=CARTESIAN_POINT('Origin',(-1.4,-5.4,-15.45));
#10517=CARTESIAN_POINT('',(-1.1,-5.4,-15.4));
#10518=CARTESIAN_POINT('',(2.225,-5.4,-15.4));
#10519=CARTESIAN_POINT('',(-1.05,-5.4,-15.45));
#10520=CARTESIAN_POINT('Origin',(-1.1,-5.4,-15.45));
#10521=CARTESIAN_POINT('',(-1.05,-5.4,-15.75));
#10522=CARTESIAN_POINT('',(-1.05,-5.4,-7.725));
#10523=CARTESIAN_POINT('Origin',(-1.1,-5.4,-15.75));
#10524=CARTESIAN_POINT('Origin',(-1.110223024625E-15,0.,-16.5));
#10525=CARTESIAN_POINT('Origin',(-1.110223024625E-15,0.,-16.3));
#10526=CARTESIAN_POINT('',(5.85,5.2,-16.3));
#10527=CARTESIAN_POINT('',(-5.85,5.2,-16.3));
#10528=CARTESIAN_POINT('',(-5.85,5.2,-16.3));
#10529=CARTESIAN_POINT('',(-5.9,5.15,-16.3));
#10530=CARTESIAN_POINT('Origin',(-5.85,5.15,-16.3));
#10531=CARTESIAN_POINT('',(-5.9,-5.15,-16.3));
#10532=CARTESIAN_POINT('',(-5.9,-5.15,-16.3));
#10533=CARTESIAN_POINT('',(-5.85,-5.2,-16.3));
#10534=CARTESIAN_POINT('Origin',(-5.85,-5.15,-16.3));
#10535=CARTESIAN_POINT('',(5.85,-5.2,-16.3));
#10536=CARTESIAN_POINT('',(5.85,-5.2,-16.3));
#10537=CARTESIAN_POINT('',(5.9,-5.15,-16.3));
#10538=CARTESIAN_POINT('Origin',(5.85,-5.15,-16.3));
#10539=CARTESIAN_POINT('',(5.9,5.15,-16.3));
#10540=CARTESIAN_POINT('',(5.9,5.15,-16.3));
#10541=CARTESIAN_POINT('Origin',(5.85,5.15,-16.3));
#10542=CARTESIAN_POINT('Origin',(5.9,-6.778634362115,-10.8));
#10543=CARTESIAN_POINT('',(5.9,-7.40726872423,-9.8));
#10544=CARTESIAN_POINT('',(5.9,-7.40726872423,-11.8));
#10545=CARTESIAN_POINT('Origin',(5.9,-7.40726872423,-10.8));
#10546=CARTESIAN_POINT('',(5.9,-5.394948974278,-9.8));
#10547=CARTESIAN_POINT('',(5.9,-5.40726872423,-9.8));
#10548=CARTESIAN_POINT('',(5.9,-5.394948974278,-11.8));
#10549=CARTESIAN_POINT('',(5.9,-5.394948974278,0.));
#10550=CARTESIAN_POINT('',(5.9,-8.40726872423,-11.8));
#10551=CARTESIAN_POINT('Origin',(6.1,-7.40726872423,-10.8));
#10552=CARTESIAN_POINT('',(6.1,-7.40726872423,-11.8));
#10553=CARTESIAN_POINT('',(6.1,-7.40726872423,-11.8));
#10554=CARTESIAN_POINT('',(6.1,-7.40726872423,-9.8));
#10555=CARTESIAN_POINT('Origin',(6.1,-7.40726872423,-10.8));
#10556=CARTESIAN_POINT('',(6.1,-7.40726872423,-9.8));
#10557=CARTESIAN_POINT('Origin',(6.1,5.15,0.));
#10558=CARTESIAN_POINT('',(6.1,5.15,0.2));
#10559=CARTESIAN_POINT('',(6.1,5.15,0.));
#10560=CARTESIAN_POINT('',(6.1,-5.15,0.2));
#10561=CARTESIAN_POINT('',(6.1,-5.15,0.2));
#10562=CARTESIAN_POINT('',(6.1,-5.15,-9.8));
#10563=CARTESIAN_POINT('',(6.1,-5.15,0.));
#10564=CARTESIAN_POINT('',(6.1,-5.40726872423,-9.8));
#10565=CARTESIAN_POINT('',(6.1,-5.15,-11.8));
#10566=CARTESIAN_POINT('',(6.1,-8.40726872423,-11.8));
#10567=CARTESIAN_POINT('',(6.1,-5.15,0.));
#10568=CARTESIAN_POINT('Origin',(6.1,-5.15,-9.8));
#10569=CARTESIAN_POINT('Origin',(5.85,-5.15,-9.8));
#10570=CARTESIAN_POINT('Origin',(6.1,-8.40726872423,-11.8));
#10571=CARTESIAN_POINT('Origin',(5.85,-5.15,-11.8));
#10572=CARTESIAN_POINT('Origin',(5.85,-5.15,0.));
#10573=CARTESIAN_POINT('Origin',(5.85,-5.15,0.2));
#10574=CARTESIAN_POINT('Origin',(-5.9,-6.778634362115,-10.8));
#10575=CARTESIAN_POINT('',(-5.9,-7.40726872423,-11.8));
#10576=CARTESIAN_POINT('',(-5.9,-7.40726872423,-9.8));
#10577=CARTESIAN_POINT('Origin',(-5.9,-7.40726872423,-10.8));
#10578=CARTESIAN_POINT('',(-5.9,-8.40726872423,-11.8));
#10579=CARTESIAN_POINT('',(-5.9,-5.40726872423,-9.8));
#10580=CARTESIAN_POINT('Origin',(-6.1,-7.40726872423,-10.8));
#10581=CARTESIAN_POINT('',(-6.1,-7.40726872423,-9.8));
#10582=CARTESIAN_POINT('',(-6.1,-7.40726872423,-11.8));
#10583=CARTESIAN_POINT('Origin',(-6.1,-5.15,-9.8));
#10584=CARTESIAN_POINT('Origin',(-6.1,-8.40726872423,-11.8));
#10585=CARTESIAN_POINT('Origin',(-4.409447284807,0.93557126763,0.));
#10586=CARTESIAN_POINT('',(-4.851529003794,0.851525127106,0.2));
#10587=CARTESIAN_POINT('',(-4.549999985032,0.508084497706,0.2));
#10588=CARTESIAN_POINT('Origin',(-4.409447284807,0.93557126763,0.2));
#10589=CARTESIAN_POINT('',(-4.409447284807,0.48557126763,0.102392160284));
#10590=CARTESIAN_POINT('Ctrl Pts',(-4.549999985032,0.508084497706694,0.2));
#10591=CARTESIAN_POINT('Ctrl Pts',(-4.53175215140473,0.502084821295595,
0.199999999999975));
#10592=CARTESIAN_POINT('Ctrl Pts',(-4.51184062155048,0.49697992207669,0.196449707797032));
#10593=CARTESIAN_POINT('Ctrl Pts',(-4.47475162400596,0.489924098642222,
0.18128884026455));
#10594=CARTESIAN_POINT('Ctrl Pts',(-4.45757498963093,0.487945306290495,
0.16968921088562));
#10595=CARTESIAN_POINT('Ctrl Pts',(-4.4306781769121,0.48587373882497,0.142827640652431));
#10596=CARTESIAN_POINT('Ctrl Pts',(-4.41911375399421,0.485618979624026,
0.12595760767668));
#10597=CARTESIAN_POINT('Ctrl Pts',(-4.41074788744805,0.485571384497408,
0.105786718595421));
#10598=CARTESIAN_POINT('Ctrl Pts',(-4.41008199158041,0.485571267629999,
0.104094891198112));
#10599=CARTESIAN_POINT('Ctrl Pts',(-4.40944728480626,0.48557126763,0.102392160284275));
#10600=CARTESIAN_POINT('',(-4.409447284807,0.48557126763,0.));
#10601=CARTESIAN_POINT('',(-4.409447284807,0.48557126763,0.));
#10602=CARTESIAN_POINT('',(-4.851529003794,0.851525127106,0.));
#10603=CARTESIAN_POINT('Origin',(-4.409447284807,0.93557126763,0.));
#10604=CARTESIAN_POINT('',(-4.851529003794,0.851525127106,0.));
#10605=CARTESIAN_POINT('Origin',(-4.414833197268,-3.260138075518,0.));
#10606=CARTESIAN_POINT('',(-4.851529003794,-3.151525127106,0.));
#10607=CARTESIAN_POINT('',(-4.851529003794,-3.151525127106,0.2));
#10608=CARTESIAN_POINT('',(-4.851529003794,-3.151525127106,0.));
#10609=CARTESIAN_POINT('',(-4.599999897182,-2.849999936298,0.));
#10610=CARTESIAN_POINT('Origin',(-4.414833197268,-3.260138075518,0.));
#10611=CARTESIAN_POINT('',(-4.599999897182,-2.849999936298,0.2));
#10612=CARTESIAN_POINT('',(-4.599999897182,-2.849999936298,0.));
#10613=CARTESIAN_POINT('Origin',(-4.414833197268,-3.260138075518,0.2));
#10614=CARTESIAN_POINT('Origin',(-4.549999985032,-0.335821533632,0.05));
#10615=CARTESIAN_POINT('',(-4.549999985032,-2.799999937415,0.2));
#10616=CARTESIAN_POINT('',(-4.399999985032,-2.799999937415,0.05));
#10617=CARTESIAN_POINT('Origin',(-4.549999985032,-2.799999937415,0.05));
#10618=CARTESIAN_POINT('',(-4.399999985032,0.48557126763,0.05));
#10619=CARTESIAN_POINT('',(-4.399999985032,-0.335821533632,0.05));
#10620=CARTESIAN_POINT('Origin',(-4.549999985032,0.48557126763,0.05));
#10621=CARTESIAN_POINT('',(-4.549999985032,-0.335821533632,0.2));
#10622=CARTESIAN_POINT('Origin',(-4.399999985032,-1.157214334893,-2.4));
#10623=CARTESIAN_POINT('',(-4.399999985032,-2.799999937415,-4.));
#10624=CARTESIAN_POINT('',(-4.399999985032,-2.799999937415,-4.));
#10625=CARTESIAN_POINT('',(-4.399999985032,-1.999999937415,-4.8));
#10626=CARTESIAN_POINT('Origin',(-4.399999985032,-1.999999937415,-4.));
#10627=CARTESIAN_POINT('',(-4.399999985032,-1.657214334893,-4.8));
#10628=CARTESIAN_POINT('',(-4.399999985032,-0.31442873237,-4.8));
#10629=CARTESIAN_POINT('',(-4.399999985032,-1.657214334893,-4.4));
#10630=CARTESIAN_POINT('',(-4.399999985032,-1.657214334893,-5.3));
#10631=CARTESIAN_POINT('',(-4.399999985032,-1.557214334893,-4.3));
#10632=CARTESIAN_POINT('Origin',(-4.399999985032,-1.557214334893,-4.4));
#10633=CARTESIAN_POINT('',(-4.399999985032,-0.757214334893,-4.3));
#10634=CARTESIAN_POINT('',(-4.399999985032,-1.657214334893,-4.3));
#10635=CARTESIAN_POINT('',(-4.399999985032,-0.657214334893,-4.4));
#10636=CARTESIAN_POINT('Origin',(-4.399999985032,-0.757214334893,-4.4));
#10637=CARTESIAN_POINT('',(-4.399999985032,-0.657214334893,-4.8));
#10638=CARTESIAN_POINT('',(-4.399999985032,-0.657214334893,-4.3));
#10639=CARTESIAN_POINT('',(-4.399999985032,-0.31442873237,-4.8));
#10640=CARTESIAN_POINT('',(-4.399999985032,-0.31442873237,-4.8));
#10641=CARTESIAN_POINT('',(-4.399999985032,0.48557126763,-4.));
#10642=CARTESIAN_POINT('Origin',(-4.399999985032,-0.31442873237,-4.));
#10643=CARTESIAN_POINT('',(-4.399999985032,0.48557126763,0.2));
#10644=CARTESIAN_POINT('Origin',(-4.599999985032,-2.799999937415,0.));
#10645=CARTESIAN_POINT('',(-4.59999994170619,-2.799999937415,0.2));
#10646=CARTESIAN_POINT('',(-4.599999985032,-2.799999937415,0.2));
#10647=CARTESIAN_POINT('',(-4.59999994120333,-2.799999937415,0.));
#10648=CARTESIAN_POINT('',(-4.599999985032,-2.799999937415,-4.));
#10649=CARTESIAN_POINT('',(-4.599999985032,-2.799999937415,-4.));
#10650=CARTESIAN_POINT('',(-4.599999985032,-2.799999937415,-4.));
#10651=CARTESIAN_POINT('',(-4.599999985032,-2.799999937415,-4.));
#10652=CARTESIAN_POINT('Origin',(4.412435959429,0.949999988824,0.));
#10653=CARTESIAN_POINT('',(4.851529003794,0.851525127106,0.));
#10654=CARTESIAN_POINT('',(4.851529003794,0.851525127106,0.2));
#10655=CARTESIAN_POINT('',(4.851529003794,0.851525127106,0.));
#10656=CARTESIAN_POINT('',(4.412435959429,0.499999988824,0.));
#10657=CARTESIAN_POINT('Origin',(4.412435959429,0.949999988824,0.));
#10658=CARTESIAN_POINT('',(4.412435959429,0.499999988824,0.10980102867));
#10659=CARTESIAN_POINT('',(4.412435959429,0.499999988824,0.));
#10660=CARTESIAN_POINT('',(4.549999897182,0.521542099376,0.2));
#10661=CARTESIAN_POINT('Ctrl Pts',(4.41243595942931,0.499999988824,0.109801028669865));
#10662=CARTESIAN_POINT('Ctrl Pts',(4.42008227093938,0.499999988824005,0.127390303369727));
#10663=CARTESIAN_POINT('Ctrl Pts',(4.43125042623366,0.50021117961091,0.143404024700282));
#10664=CARTESIAN_POINT('Ctrl Pts',(4.45758199597921,0.502064077297422,0.169691196223272));
#10665=CARTESIAN_POINT('Ctrl Pts',(4.47474358871211,0.503925268391082,0.181283818649542));
#10666=CARTESIAN_POINT('Ctrl Pts',(4.51182092052136,0.510718415798682,0.196443472048927));
#10667=CARTESIAN_POINT('Ctrl Pts',(4.53173586578751,0.515678111013136,0.2));
#10668=CARTESIAN_POINT('Ctrl Pts',(4.549999897182,0.521542099376404,0.2));
#10669=CARTESIAN_POINT('Origin',(4.412435959429,0.949999988824,0.2));
#10670=CARTESIAN_POINT('Origin',(4.426728801206,-3.3,0.));
#10671=CARTESIAN_POINT('',(4.851529003794,-3.151525127106,0.2));
#10672=CARTESIAN_POINT('',(4.549999897182,-2.867213404902,0.2));
#10673=CARTESIAN_POINT('Origin',(4.426728801206,-3.3,0.2));
#10674=CARTESIAN_POINT('',(4.426728801206,-2.85,0.13546482842));
#10675=CARTESIAN_POINT('Ctrl Pts',(4.549999897182,-2.86721340490159,0.2));
#10676=CARTESIAN_POINT('Ctrl Pts',(4.53165959611428,-2.86198951617963,0.200000000000013));
#10677=CARTESIAN_POINT('Ctrl Pts',(4.51172770352953,-2.85771474788347,0.196414258181701));
#10678=CARTESIAN_POINT('Ctrl Pts',(4.47470099457228,-2.85216225894987,0.181257514724623));
#10679=CARTESIAN_POINT('Ctrl Pts',(4.45760677986308,-2.85085736957585,0.169695009579235));
#10680=CARTESIAN_POINT('Ctrl Pts',(4.43786417773953,-2.85009443450937,0.15001620688947));
#10681=CARTESIAN_POINT('Ctrl Pts',(4.43198049135443,-2.85,0.143039659052661));
#10682=CARTESIAN_POINT('Ctrl Pts',(4.42672880120596,-2.85,0.13546482842003));
#10683=CARTESIAN_POINT('',(4.426728801206,-2.85,0.));
#10684=CARTESIAN_POINT('',(4.426728801206,-2.85,0.));
#10685=CARTESIAN_POINT('',(4.851529003794,-3.151525127106,0.));
#10686=CARTESIAN_POINT('Origin',(4.426728801206,-3.3,0.));
#10687=CARTESIAN_POINT('',(4.851529003794,-3.151525127106,0.));
#10688=CARTESIAN_POINT('Origin',(4.549999897182,-0.587500002794,0.05));
#10689=CARTESIAN_POINT('',(4.399999897182,0.499999988824,0.05));
#10690=CARTESIAN_POINT('Origin',(4.549999897182,0.499999988824,0.05));
#10691=CARTESIAN_POINT('',(4.399999897182,-2.85,0.05));
#10692=CARTESIAN_POINT('',(4.399999897182,-0.587500002794,0.05));
#10693=CARTESIAN_POINT('Origin',(4.549999897182,-2.85,0.05));
#10694=CARTESIAN_POINT('',(4.549999897182,-0.587500002794,0.2));
#10695=CARTESIAN_POINT('Origin',(4.599999897182,-2.85,0.));
#10696=CARTESIAN_POINT('',(4.399999897182,-2.85,-3.829249257859));
#10697=CARTESIAN_POINT('',(4.399999897182,-2.85,-3.829249257859));
#10698=CARTESIAN_POINT('',(4.599999897182,-2.85,-3.829249257859));
#10699=CARTESIAN_POINT('',(4.599999897182,-2.85,-3.829249257859));
#10700=CARTESIAN_POINT('',(4.599999897182,-2.85,0.));
#10701=CARTESIAN_POINT('',(4.599999897182,-2.85,-3.829249257859));
#10702=CARTESIAN_POINT('',(2.299999948591,-2.85,0.));
#10703=CARTESIAN_POINT('Origin',(4.399999897182,-1.175000005588,-2.214624628929));
#10704=CARTESIAN_POINT('',(4.399999897182,0.499999988824,-3.829249257859));
#10705=CARTESIAN_POINT('',(4.399999897182,0.499999988824,0.2));
#10706=CARTESIAN_POINT('',(4.399999897182,-0.300000011176,-4.629249257859));
#10707=CARTESIAN_POINT('Origin',(4.399999897182,-0.300000011176,-3.829249257859));
#10708=CARTESIAN_POINT('',(4.399999897182,-0.675000005588,-4.629249257859));
#10709=CARTESIAN_POINT('',(4.399999897182,-0.300000011176,-4.629249257859));
#10710=CARTESIAN_POINT('',(4.399999897182,-0.675000005588,-4.229249257859));
#10711=CARTESIAN_POINT('',(4.399999897182,-0.675000005588,-3.421936943394));
#10712=CARTESIAN_POINT('',(4.399999897182,-0.775000005588,-4.129249257859));
#10713=CARTESIAN_POINT('Origin',(4.399999897182,-0.775000005588,-4.229249257859));
#10714=CARTESIAN_POINT('',(4.399999897182,-1.575000005588,-4.129249257859));
#10715=CARTESIAN_POINT('',(4.399999897182,-0.925000005588,-4.129249257859));
#10716=CARTESIAN_POINT('',(4.399999897182,-1.675000005588,-4.229249257859));
#10717=CARTESIAN_POINT('Origin',(4.399999897182,-1.575000005588,-4.229249257859));
#10718=CARTESIAN_POINT('',(4.399999897182,-1.675000005588,-4.629249257859));
#10719=CARTESIAN_POINT('',(4.399999897182,-1.675000005588,-3.171936943394));
#10720=CARTESIAN_POINT('',(4.399999897182,-2.05,-4.629249257859));
#10721=CARTESIAN_POINT('',(4.399999897182,-0.300000011176,-4.629249257859));
#10722=CARTESIAN_POINT('Origin',(4.399999897182,-2.05,-3.829249257859));
#10723=CARTESIAN_POINT('Origin',(4.399999897182,-1.575000005588,-4.229249257859));
#10724=CARTESIAN_POINT('',(4.599999897182,-1.675000005588,-4.229249257859));
#10725=CARTESIAN_POINT('',(4.399999897182,-1.675000005588,-4.229249257859));
#10726=CARTESIAN_POINT('',(4.599999897182,-1.575000005588,-4.129249257859));
#10727=CARTESIAN_POINT('',(4.399999897182,-1.575000005588,-4.129249257859));
#10728=CARTESIAN_POINT('Origin',(4.599999897182,-1.575000005588,-4.229249257859));
#10729=CARTESIAN_POINT('Origin',(4.399999897182,-0.675000005588,-4.129249257859));
#10730=CARTESIAN_POINT('',(4.599999897182,-0.775000005588,-4.129249257859));
#10731=CARTESIAN_POINT('',(4.399999897182,-0.775000005588,-4.129249257859));
#10732=CARTESIAN_POINT('',(4.599999897182,-0.925000005588,-4.129249257859));
#10733=CARTESIAN_POINT('Origin',(4.399999897182,-0.775000005588,-4.229249257859));
#10734=CARTESIAN_POINT('',(4.599999897182,-0.675000005588,-4.229249257859));
#10735=CARTESIAN_POINT('',(4.399999897182,-0.675000005588,-4.229249257859));
#10736=CARTESIAN_POINT('Origin',(4.599999897182,-0.775000005588,-4.229249257859));
#10737=CARTESIAN_POINT('Origin',(4.399999897182,-0.675000005588,-4.629249257859));
#10738=CARTESIAN_POINT('',(4.599999897182,-0.675000005588,-4.629249257859));
#10739=CARTESIAN_POINT('',(4.499999897182,-0.675000005588,-4.629249257859));
#10740=CARTESIAN_POINT('',(4.599999897182,-0.675000005588,-3.421936943394));
#10741=CARTESIAN_POINT('Origin',(4.399999897182,-1.675000005588,-4.129249257859));
#10742=CARTESIAN_POINT('',(4.599999897182,-1.675000005588,-4.629249257859));
#10743=CARTESIAN_POINT('',(4.599999897182,-1.675000005588,-3.171936943394));
#10744=CARTESIAN_POINT('',(4.499999897182,-1.675000005588,-4.629249257859));
#10745=CARTESIAN_POINT('Origin',(4.599999897182,-1.175000005588,-2.214624628929));
#10746=CARTESIAN_POINT('',(4.599999897182,-0.300000011176,-4.629249257859));
#10747=CARTESIAN_POINT('',(4.599999897182,-0.300000011176,-4.629249257859));
#10748=CARTESIAN_POINT('',(4.599999897182,0.499999988824,-3.829249257859));
#10749=CARTESIAN_POINT('Origin',(4.599999897182,-0.300000011176,-3.829249257859));
#10750=CARTESIAN_POINT('',(4.599999897182,0.499999988824,0.));
#10751=CARTESIAN_POINT('',(4.599999897182,0.499999988824,0.2));
#10752=CARTESIAN_POINT('',(4.599999897182,-2.85,0.));
#10753=CARTESIAN_POINT('',(4.599999897182,-2.05,-4.629249257859));
#10754=CARTESIAN_POINT('Origin',(4.599999897182,-2.05,-3.829249257859));
#10755=CARTESIAN_POINT('',(4.599999897182,-0.300000011176,-4.629249257859));
#10756=CARTESIAN_POINT('Origin',(4.599999897182,-0.300000011176,-4.629249257859));
#10757=CARTESIAN_POINT('',(4.599999897182,-0.300000011176,-4.629249257859));
#10758=CARTESIAN_POINT('Origin',(4.599999897182,-0.300000011176,-4.629249257859));
#10759=CARTESIAN_POINT('',(4.599999897182,-2.05,-4.629249257859));
#10760=CARTESIAN_POINT('Origin',(4.599999897182,-0.300000011176,-3.829249257859));
#10761=CARTESIAN_POINT('',(4.599999897182,0.499999988824,-3.829249257859));
#10762=CARTESIAN_POINT('Origin',(4.599999897182,-2.05,-3.829249257859));
#10763=CARTESIAN_POINT('Origin',(0.,0.,0.));
#10764=CARTESIAN_POINT('',(-5.85,5.2,0.));
#10765=CARTESIAN_POINT('',(5.85,5.2,0.));
#10766=CARTESIAN_POINT('',(-5.85,5.2,0.));
#10767=CARTESIAN_POINT('',(5.9,5.15,0.));
#10768=CARTESIAN_POINT('Origin',(5.85,5.15,0.));
#10769=CARTESIAN_POINT('',(5.9,-5.15,0.));
#10770=CARTESIAN_POINT('',(5.9,5.15,0.));
#10771=CARTESIAN_POINT('',(5.85,-5.2,0.));
#10772=CARTESIAN_POINT('Origin',(5.85,-5.15,0.));
#10773=CARTESIAN_POINT('',(-5.85,-5.2,0.));
#10774=CARTESIAN_POINT('',(5.85,-5.2,0.));
#10775=CARTESIAN_POINT('',(-5.9,-5.15,0.));
#10776=CARTESIAN_POINT('Origin',(-5.85,-5.15,0.));
#10777=CARTESIAN_POINT('',(-5.9,5.15,0.));
#10778=CARTESIAN_POINT('',(-5.9,-5.15,0.));
#10779=CARTESIAN_POINT('Origin',(-5.85,5.15,0.));
#10780=CARTESIAN_POINT('',(-4.851529003794,-3.65,0.));
#10781=CARTESIAN_POINT('',(-4.851529003794,-3.65,0.));
#10782=CARTESIAN_POINT('',(-4.35,-4.151529003794,0.));
#10783=CARTESIAN_POINT('Origin',(-4.35,-3.65,0.));
#10784=CARTESIAN_POINT('',(4.35,-4.151529003794,0.));
#10785=CARTESIAN_POINT('',(4.35,-4.151529003794,0.));
#10786=CARTESIAN_POINT('',(4.851529003794,-3.65,0.));
#10787=CARTESIAN_POINT('Origin',(4.35,-3.65,0.));
#10788=CARTESIAN_POINT('',(4.851529003794,-3.151525127106,0.));
#10789=CARTESIAN_POINT('',(2.575764501897,0.499999988824,0.));
#10790=CARTESIAN_POINT('',(4.851529003794,2.386648634762,0.));
#10791=CARTESIAN_POINT('',(4.851529003794,2.386648634762,0.));
#10792=CARTESIAN_POINT('',(4.704634559545,2.741283194307,0.));
#10793=CARTESIAN_POINT('Origin',(4.35,2.386648634762,0.));
#10794=CARTESIAN_POINT('',(3.441283194307,4.004634559545,0.));
#10795=CARTESIAN_POINT('',(3.441283194307,4.004634559545,0.));
#10796=CARTESIAN_POINT('',(3.086648634762,4.151529003794,0.));
#10797=CARTESIAN_POINT('Origin',(3.086648634762,3.65,0.));
#10798=CARTESIAN_POINT('',(-3.086648634762,4.151529003794,0.));
#10799=CARTESIAN_POINT('',(-3.086648634762,4.151529003794,0.));
#10800=CARTESIAN_POINT('',(-3.441283194307,4.004634559545,0.));
#10801=CARTESIAN_POINT('Origin',(-3.086648634762,3.65,0.));
#10802=CARTESIAN_POINT('',(-4.704634559545,2.741283194307,0.));
#10803=CARTESIAN_POINT('',(-4.704634559545,2.741283194307,0.));
#10804=CARTESIAN_POINT('',(-4.851529003794,2.386648634762,0.));
#10805=CARTESIAN_POINT('Origin',(-4.35,2.386648634762,0.));
#10806=CARTESIAN_POINT('',(-4.851529003794,0.851525127106,0.));
#10807=CARTESIAN_POINT('',(-4.59999998568903,0.48557126763,0.));
#10808=CARTESIAN_POINT('',(-2.299999992516,0.48557126763,0.));
#10809=CARTESIAN_POINT('',(-4.599999985032,-0.578607167446,0.));
#10810=CARTESIAN_POINT('',(-4.599999897182,-2.849999936298,0.));
#10811=CARTESIAN_POINT('Origin',(-4.851529003794,-3.65,0.));
#10812=CARTESIAN_POINT('',(-4.851529003794,-3.65,0.2));
#10813=CARTESIAN_POINT('',(-4.851529003794,-3.65,0.2));
#10814=CARTESIAN_POINT('',(-4.851529003794,-3.65,0.));
#10815=CARTESIAN_POINT('Origin',(-4.35,-3.65,0.));
#10816=CARTESIAN_POINT('',(-4.35,-4.151529003794,0.2));
#10817=CARTESIAN_POINT('',(-4.35,-4.151529003794,0.));
#10818=CARTESIAN_POINT('Origin',(-4.35,-3.65,0.2));
#10819=CARTESIAN_POINT('Origin',(4.35,-4.151529003794,0.));
#10820=CARTESIAN_POINT('',(4.35,-4.151529003794,0.2));
#10821=CARTESIAN_POINT('',(4.35,-4.151529003794,0.2));
#10822=CARTESIAN_POINT('',(4.35,-4.151529003794,0.));
#10823=CARTESIAN_POINT('Origin',(4.35,-3.65,0.));
#10824=CARTESIAN_POINT('',(4.851529003794,-3.65,0.2));
#10825=CARTESIAN_POINT('',(4.851529003794,-3.65,0.));
#10826=CARTESIAN_POINT('Origin',(4.35,-3.65,0.2));
#10827=CARTESIAN_POINT('Origin',(4.851529003794,-3.151525127106,0.));
#10828=CARTESIAN_POINT('',(4.851529003794,-3.151525127106,0.2));
#10829=CARTESIAN_POINT('Origin',(5.151529003794,0.499999988824,0.));
#10830=CARTESIAN_POINT('Origin',(4.851529003794,2.386648634762,0.));
#10831=CARTESIAN_POINT('',(4.851529003794,2.386648634762,0.2));
#10832=CARTESIAN_POINT('',(4.851529003794,2.386648634762,0.2));
#10833=CARTESIAN_POINT('',(4.851529003794,2.386648634762,0.));
#10834=CARTESIAN_POINT('Origin',(4.35,2.386648634762,0.));
#10835=CARTESIAN_POINT('',(4.704634559545,2.741283194307,0.2));
#10836=CARTESIAN_POINT('',(4.704634559545,2.741283194307,0.));
#10837=CARTESIAN_POINT('Origin',(4.35,2.386648634762,0.2));
#10838=CARTESIAN_POINT('Origin',(3.441283194307,4.004634559545,0.));
#10839=CARTESIAN_POINT('',(3.441283194307,4.004634559545,0.2));
#10840=CARTESIAN_POINT('',(3.441283194307,4.004634559545,0.2));
#10841=CARTESIAN_POINT('',(3.441283194307,4.004634559545,0.));
#10842=CARTESIAN_POINT('Origin',(3.086648634762,3.65,0.));
#10843=CARTESIAN_POINT('',(3.086648634762,4.151529003794,0.2));
#10844=CARTESIAN_POINT('',(3.086648634762,4.151529003794,0.));
#10845=CARTESIAN_POINT('Origin',(3.086648634762,3.65,0.2));
#10846=CARTESIAN_POINT('Origin',(-3.086648634762,4.151529003794,0.));
#10847=CARTESIAN_POINT('',(-3.086648634762,4.151529003794,0.2));
#10848=CARTESIAN_POINT('',(-3.086648634762,4.151529003794,0.2));
#10849=CARTESIAN_POINT('',(-3.086648634762,4.151529003794,0.));
#10850=CARTESIAN_POINT('Origin',(-3.086648634762,3.65,0.));
#10851=CARTESIAN_POINT('',(-3.441283194307,4.004634559545,0.2));
#10852=CARTESIAN_POINT('',(-3.441283194307,4.004634559545,0.));
#10853=CARTESIAN_POINT('Origin',(-3.086648634762,3.65,0.2));
#10854=CARTESIAN_POINT('Origin',(-4.704634559545,2.741283194307,0.));
#10855=CARTESIAN_POINT('',(-4.704634559545,2.741283194307,0.2));
#10856=CARTESIAN_POINT('',(-4.704634559545,2.741283194307,0.2));
#10857=CARTESIAN_POINT('',(-4.704634559545,2.741283194307,0.));
#10858=CARTESIAN_POINT('Origin',(-4.35,2.386648634762,0.));
#10859=CARTESIAN_POINT('',(-4.851529003794,2.386648634762,0.2));
#10860=CARTESIAN_POINT('',(-4.851529003794,2.386648634762,0.));
#10861=CARTESIAN_POINT('Origin',(-4.35,2.386648634762,0.2));
#10862=CARTESIAN_POINT('Origin',(-4.851529003794,0.851525127106,0.));
#10863=CARTESIAN_POINT('',(-4.851529003794,0.851525127106,0.2));
#10864=CARTESIAN_POINT('Origin',(-4.599999897182,-2.849999936298,0.));
#10865=CARTESIAN_POINT('',(-4.599999897182,-2.849999936298,0.2));
#10866=CARTESIAN_POINT('Origin',(-1.4,-5.15,-15.4));
#10867=CARTESIAN_POINT('',(-1.1,-5.2,-15.4));
#10868=CARTESIAN_POINT('',(-1.4,-5.2,-15.4));
#10869=CARTESIAN_POINT('',(-3.625,-5.2,-15.4));
#10870=CARTESIAN_POINT('',(-1.1,-5.15,-15.4));
#10871=CARTESIAN_POINT('',(-1.4,-5.15,-15.4));
#10872=CARTESIAN_POINT('Origin',(-1.4,-5.15,-15.45));
#10873=CARTESIAN_POINT('',(-1.45,-5.2,-15.45));
#10874=CARTESIAN_POINT('',(-1.45,-5.15,-15.45));
#10875=CARTESIAN_POINT('Origin',(-1.4,-5.2,-15.45));
#10876=CARTESIAN_POINT('Origin',(-1.45,-5.15,-15.75));
#10877=CARTESIAN_POINT('',(-1.45,-5.2,-15.75));
#10878=CARTESIAN_POINT('',(-1.45,-5.2,-7.875));
#10879=CARTESIAN_POINT('',(-1.45,-5.15,-15.75));
#10880=CARTESIAN_POINT('Origin',(-1.4,-5.15,-15.75));
#10881=CARTESIAN_POINT('',(-1.4,-5.2,-15.8));
#10882=CARTESIAN_POINT('',(-1.4,-5.15,-15.8));
#10883=CARTESIAN_POINT('Origin',(-1.4,-5.2,-15.75));
#10884=CARTESIAN_POINT('Origin',(-1.1,-5.15,-15.8));
#10885=CARTESIAN_POINT('',(-1.1,-5.2,-15.8));
#10886=CARTESIAN_POINT('',(-3.475,-5.2,-15.8));
#10887=CARTESIAN_POINT('',(-1.1,-5.15,-15.8));
#10888=CARTESIAN_POINT('Origin',(-1.1,-5.15,-15.75));
#10889=CARTESIAN_POINT('',(-1.05,-5.2,-15.75));
#10890=CARTESIAN_POINT('',(-1.05,-5.15,-15.75));
#10891=CARTESIAN_POINT('Origin',(-1.1,-5.2,-15.75));
#10892=CARTESIAN_POINT('Origin',(-1.05,-5.15,-15.45));
#10893=CARTESIAN_POINT('',(-1.05,-5.2,-15.45));
#10894=CARTESIAN_POINT('',(-1.05,-5.2,-7.725));
#10895=CARTESIAN_POINT('',(-1.05,-5.15,-15.45));
#10896=CARTESIAN_POINT('Origin',(-1.1,-5.15,-15.45));
#10897=CARTESIAN_POINT('Origin',(-1.1,-5.2,-15.45));
#10898=CARTESIAN_POINT('Origin',(1.1,-5.15,-15.4));
#10899=CARTESIAN_POINT('',(1.4,-5.2,-15.4));
#10900=CARTESIAN_POINT('',(1.1,-5.2,-15.4));
#10901=CARTESIAN_POINT('',(-2.375,-5.2,-15.4));
#10902=CARTESIAN_POINT('',(1.4,-5.15,-15.4));
#10903=CARTESIAN_POINT('',(1.1,-5.15,-15.4));
#10904=CARTESIAN_POINT('Origin',(1.1,-5.15,-15.45));
#10905=CARTESIAN_POINT('',(1.05,-5.2,-15.45));
#10906=CARTESIAN_POINT('',(1.05,-5.15,-15.45));
#10907=CARTESIAN_POINT('Origin',(1.1,-5.2,-15.45));
#10908=CARTESIAN_POINT('Origin',(1.05,-5.15,-15.75));
#10909=CARTESIAN_POINT('',(1.05,-5.2,-15.75));
#10910=CARTESIAN_POINT('',(1.05,-5.2,-7.875));
#10911=CARTESIAN_POINT('',(1.05,-5.15,-15.75));
#10912=CARTESIAN_POINT('Origin',(1.1,-5.15,-15.75));
#10913=CARTESIAN_POINT('',(1.1,-5.2,-15.8));
#10914=CARTESIAN_POINT('',(1.1,-5.15,-15.8));
#10915=CARTESIAN_POINT('Origin',(1.1,-5.2,-15.75));
#10916=CARTESIAN_POINT('Origin',(1.4,-5.15,-15.8));
#10917=CARTESIAN_POINT('',(1.4,-5.2,-15.8));
#10918=CARTESIAN_POINT('',(-2.225,-5.2,-15.8));
#10919=CARTESIAN_POINT('',(1.4,-5.15,-15.8));
#10920=CARTESIAN_POINT('Origin',(1.4,-5.15,-15.75));
#10921=CARTESIAN_POINT('',(1.45,-5.2,-15.75));
#10922=CARTESIAN_POINT('',(1.45,-5.15,-15.75));
#10923=CARTESIAN_POINT('Origin',(1.4,-5.2,-15.75));
#10924=CARTESIAN_POINT('Origin',(1.45,-5.15,-15.45));
#10925=CARTESIAN_POINT('',(1.45,-5.2,-15.45));
#10926=CARTESIAN_POINT('',(1.45,-5.2,-7.725));
#10927=CARTESIAN_POINT('',(1.45,-5.15,-15.45));
#10928=CARTESIAN_POINT('Origin',(1.4,-5.15,-15.45));
#10929=CARTESIAN_POINT('Origin',(1.4,-5.2,-15.45));
#10930=CARTESIAN_POINT('Origin',(-1.05,-5.15,-13.44999970048));
#10931=CARTESIAN_POINT('',(-1.05,-5.2,-13.75000029951));
#10932=CARTESIAN_POINT('',(-1.05,-5.2,-13.44999970048));
#10933=CARTESIAN_POINT('',(-1.05,-5.2,-6.724999850243));
#10934=CARTESIAN_POINT('',(-1.05,-5.15,-13.75000029951));
#10935=CARTESIAN_POINT('',(-1.05,-5.15,-13.44999970048));
#10936=CARTESIAN_POINT('Origin',(-1.1,-5.15,-13.44999970048));
#10937=CARTESIAN_POINT('',(-1.1,-5.2,-13.39999970048));
#10938=CARTESIAN_POINT('',(-1.1,-5.15,-13.39999970048));
#10939=CARTESIAN_POINT('Origin',(-1.1,-5.2,-13.44999970048));
#10940=CARTESIAN_POINT('Origin',(-1.4,-5.15,-13.39999970048));
#10941=CARTESIAN_POINT('',(-1.4,-5.2,-13.39999970048));
#10942=CARTESIAN_POINT('',(-3.625,-5.2,-13.39999970048));
#10943=CARTESIAN_POINT('',(-1.4,-5.15,-13.39999970048));
#10944=CARTESIAN_POINT('Origin',(-1.4,-5.15,-13.44999970048));
#10945=CARTESIAN_POINT('',(-1.45,-5.2,-13.44999970048));
#10946=CARTESIAN_POINT('',(-1.45,-5.15,-13.44999970048));
#10947=CARTESIAN_POINT('Origin',(-1.4,-5.2,-13.44999970048));
#10948=CARTESIAN_POINT('Origin',(-1.45,-5.15,-13.75000029951));
#10949=CARTESIAN_POINT('',(-1.45,-5.2,-13.75000029951));
#10950=CARTESIAN_POINT('',(-1.45,-5.2,-6.875000149757));
#10951=CARTESIAN_POINT('',(-1.45,-5.15,-13.75000029951));
#10952=CARTESIAN_POINT('Origin',(-1.4,-5.15,-13.75000029951));
#10953=CARTESIAN_POINT('',(-1.4,-5.2,-13.80000029951));
#10954=CARTESIAN_POINT('',(-1.4,-5.15,-13.80000029951));
#10955=CARTESIAN_POINT('Origin',(-1.4,-5.2,-13.75000029951));
#10956=CARTESIAN_POINT('Origin',(-1.1,-5.15,-13.80000029951));
#10957=CARTESIAN_POINT('',(-1.1,-5.2,-13.80000029951));
#10958=CARTESIAN_POINT('',(-3.475,-5.2,-13.80000029951));
#10959=CARTESIAN_POINT('',(-1.1,-5.15,-13.80000029951));
#10960=CARTESIAN_POINT('Origin',(-1.1,-5.15,-13.75000029951));
#10961=CARTESIAN_POINT('Origin',(-1.1,-5.2,-13.75000029951));
#10962=CARTESIAN_POINT('Origin',(1.45,-5.15,-13.45));
#10963=CARTESIAN_POINT('',(1.45,-5.2,-13.75));
#10964=CARTESIAN_POINT('',(1.45,-5.2,-13.45));
#10965=CARTESIAN_POINT('',(1.45,-5.2,-6.725));
#10966=CARTESIAN_POINT('',(1.45,-5.15,-13.75));
#10967=CARTESIAN_POINT('',(1.45,-5.15,-13.45));
#10968=CARTESIAN_POINT('Origin',(1.4,-5.15,-13.45));
#10969=CARTESIAN_POINT('',(1.4,-5.2,-13.4));
#10970=CARTESIAN_POINT('',(1.4,-5.15,-13.4));
#10971=CARTESIAN_POINT('Origin',(1.4,-5.2,-13.45));
#10972=CARTESIAN_POINT('Origin',(1.1,-5.15,-13.4));
#10973=CARTESIAN_POINT('',(1.1,-5.2,-13.4));
#10974=CARTESIAN_POINT('',(-2.375,-5.2,-13.4));
#10975=CARTESIAN_POINT('',(1.1,-5.15,-13.4));
#10976=CARTESIAN_POINT('Origin',(1.1,-5.15,-13.45));
#10977=CARTESIAN_POINT('',(1.05,-5.2,-13.45));
#10978=CARTESIAN_POINT('',(1.05,-5.15,-13.45));
#10979=CARTESIAN_POINT('Origin',(1.1,-5.2,-13.45));
#10980=CARTESIAN_POINT('Origin',(1.05,-5.15,-13.75));
#10981=CARTESIAN_POINT('',(1.05,-5.2,-13.75));
#10982=CARTESIAN_POINT('',(1.05,-5.2,-6.875));
#10983=CARTESIAN_POINT('',(1.05,-5.15,-13.75));
#10984=CARTESIAN_POINT('Origin',(1.1,-5.15,-13.75));
#10985=CARTESIAN_POINT('',(1.1,-5.2,-13.8));
#10986=CARTESIAN_POINT('',(1.1,-5.15,-13.8));
#10987=CARTESIAN_POINT('Origin',(1.1,-5.2,-13.75));
#10988=CARTESIAN_POINT('Origin',(1.4,-5.15,-13.8));
#10989=CARTESIAN_POINT('',(1.4,-5.2,-13.8));
#10990=CARTESIAN_POINT('',(-2.225,-5.2,-13.8));
#10991=CARTESIAN_POINT('',(1.4,-5.15,-13.8));
#10992=CARTESIAN_POINT('Origin',(1.4,-5.15,-13.75));
#10993=CARTESIAN_POINT('Origin',(1.4,-5.2,-13.75));
#10994=CARTESIAN_POINT('Origin',(5.85,5.2,0.));
#10995=CARTESIAN_POINT('',(-5.85,5.2,0.));
#10996=CARTESIAN_POINT('',(5.85,5.2,0.));
#10997=CARTESIAN_POINT('Origin',(5.85,5.15,0.));
#10998=CARTESIAN_POINT('',(5.9,5.15,0.));
#10999=CARTESIAN_POINT('Origin',(5.9,-5.15,0.));
#11000=CARTESIAN_POINT('',(5.9,-5.15,0.));
#11001=CARTESIAN_POINT('Origin',(5.85,-5.15,0.));
#11002=CARTESIAN_POINT('',(5.85,-5.2,0.));
#11003=CARTESIAN_POINT('Origin',(-5.85,-5.2,0.));
#11004=CARTESIAN_POINT('',(-5.85,-5.2,0.));
#11005=CARTESIAN_POINT('Origin',(-5.85,-5.15,0.));
#11006=CARTESIAN_POINT('',(-5.9,-5.15,0.));
#11007=CARTESIAN_POINT('Origin',(-5.9,5.15,0.));
#11008=CARTESIAN_POINT('',(-5.9,5.15,0.));
#11009=CARTESIAN_POINT('Origin',(-5.85,5.15,0.));
#11010=CARTESIAN_POINT('Origin',(5.85,5.15,0.));
#11011=CARTESIAN_POINT('',(5.85,5.4,0.2));
#11012=CARTESIAN_POINT('',(5.85,5.4,0.));
#11013=CARTESIAN_POINT('Origin',(5.85,5.15,0.2));
#11014=CARTESIAN_POINT('Origin',(-5.85,5.4,0.));
#11015=CARTESIAN_POINT('',(5.85,5.4,0.2));
#11016=CARTESIAN_POINT('Origin',(-4.599999985032,-1.557214334893,-4.4));
#11017=CARTESIAN_POINT('',(-4.599999985032,-1.657214334893,-4.4));
#11018=CARTESIAN_POINT('',(-4.599999985032,-1.657214334893,-4.4));
#11019=CARTESIAN_POINT('',(-4.599999985032,-1.557214334893,-4.3));
#11020=CARTESIAN_POINT('Origin',(-4.599999985032,-1.557214334893,-4.4));
#11021=CARTESIAN_POINT('',(-4.599999985032,-1.557214334893,-4.3));
#11022=CARTESIAN_POINT('Origin',(-4.599999985032,-1.657214334893,-4.3));
#11023=CARTESIAN_POINT('',(-4.599999985032,-0.757214334893,-4.3));
#11024=CARTESIAN_POINT('',(-4.599999985032,-1.657214334893,-4.3));
#11025=CARTESIAN_POINT('',(-4.599999985032,-0.757214334893,-4.3));
#11026=CARTESIAN_POINT('Origin',(-4.599999985032,-0.757214334893,-4.4));
#11027=CARTESIAN_POINT('',(-4.599999985032,-0.657214334893,-4.4));
#11028=CARTESIAN_POINT('Origin',(-4.599999985032,-0.757214334893,-4.4));
#11029=CARTESIAN_POINT('',(-4.599999985032,-0.657214334893,-4.4));
#11030=CARTESIAN_POINT('Origin',(-4.599999985032,-0.657214334893,-4.3));
#11031=CARTESIAN_POINT('',(-4.599999985032,-0.657214334893,-4.8));
#11032=CARTESIAN_POINT('',(-4.599999985032,-0.657214334893,-4.3));
#11033=CARTESIAN_POINT('',(-4.599999985032,-0.657214334893,-4.8));
#11034=CARTESIAN_POINT('Origin',(-4.599999985032,-1.999999937415,-4.8));
#11035=CARTESIAN_POINT('',(-4.599999985032,-1.657214334893,-4.8));
#11036=CARTESIAN_POINT('',(-4.599999985032,-1.999999937415,-4.8));
#11037=CARTESIAN_POINT('',(-4.599999985032,-0.31442873237,-4.8));
#11038=CARTESIAN_POINT('',(-4.599999985032,-1.657214334893,-4.8));
#11039=CARTESIAN_POINT('',(-4.599999985032,-1.999999937415,-4.8));
#11040=CARTESIAN_POINT('Origin',(-4.599999985032,-1.999999937415,-4.));
#11041=CARTESIAN_POINT('Origin',(-4.599999985032,-1.999999937415,-4.));
#11042=CARTESIAN_POINT('Origin',(-4.599999985032,0.48557126763,0.2));
#11043=CARTESIAN_POINT('Origin',(-4.599999985032,0.48557126763,-4.));
#11044=CARTESIAN_POINT('',(-4.599999985032,0.48557126763,-4.));
#11045=CARTESIAN_POINT('',(-4.599999985032,0.48557126763,-4.));
#11046=CARTESIAN_POINT('',(-4.599999985032,0.48557126763,0.2));
#11047=CARTESIAN_POINT('Origin',(-4.599999985032,-0.31442873237,-4.));
#11048=CARTESIAN_POINT('',(-4.599999985032,-0.31442873237,-4.8));
#11049=CARTESIAN_POINT('Origin',(-4.599999985032,-0.31442873237,-4.));
#11050=CARTESIAN_POINT('',(-4.599999985032,-0.31442873237,-4.8));
#11051=CARTESIAN_POINT('Origin',(-4.599999985032,-0.657214334893,-4.8));
#11052=CARTESIAN_POINT('',(-4.599999985032,-0.31442873237,-4.8));
#11053=CARTESIAN_POINT('Origin',(-4.599999985032,-1.657214334893,-4.8));
#11054=CARTESIAN_POINT('',(-4.599999985032,-1.657214334893,-5.3));
#11055=CARTESIAN_POINT('Origin',(-4.599999985032,-1.157214334893,-2.4));
#11056=UNCERTAINTY_MEASURE_WITH_UNIT(LENGTH_MEASURE(0.01),#11060,
'DISTANCE_ACCURACY_VALUE',
'Maximum model space distance between geometric entities at asserted c
onnectivities');
#11057=UNCERTAINTY_MEASURE_WITH_UNIT(LENGTH_MEASURE(0.01),#11060,
'DISTANCE_ACCURACY_VALUE',
'Maximum model space distance between geometric entities at asserted c
onnectivities');
#11058=(
GEOMETRIC_REPRESENTATION_CONTEXT(3)
GLOBAL_UNCERTAINTY_ASSIGNED_CONTEXT((#11056))
GLOBAL_UNIT_ASSIGNED_CONTEXT((#11060,#11062,#11063))
REPRESENTATION_CONTEXT('','3D')
);
#11059=(
GEOMETRIC_REPRESENTATION_CONTEXT(3)
GLOBAL_UNCERTAINTY_ASSIGNED_CONTEXT((#11057))
GLOBAL_UNIT_ASSIGNED_CONTEXT((#11060,#11062,#11063))
REPRESENTATION_CONTEXT('','3D')
);
#11060=(
LENGTH_UNIT()
NAMED_UNIT(*)
SI_UNIT(.MILLI.,.METRE.)
);
#11061=(
LENGTH_UNIT()
NAMED_UNIT(*)
SI_UNIT($,.METRE.)
);
#11062=(
NAMED_UNIT(*)
PLANE_ANGLE_UNIT()
SI_UNIT($,.RADIAN.)
);
#11063=(
NAMED_UNIT(*)
SI_UNIT($,.STERADIAN.)
SOLID_ANGLE_UNIT()
);
#11064=SHAPE_DEFINITION_REPRESENTATION(#11065,#11066);
#11065=PRODUCT_DEFINITION_SHAPE('',$,#11068);
#11066=SHAPE_REPRESENTATION('',(#6225),#11058);
#11067=PRODUCT_DEFINITION_CONTEXT('part definition',#11072,'design');
#11068=PRODUCT_DEFINITION('USB B FEMALE','USB B FEMALE',#11069,#11067);
#11069=PRODUCT_DEFINITION_FORMATION('',$,#11074);
#11070=PRODUCT_RELATED_PRODUCT_CATEGORY('USB B FEMALE','USB B FEMALE',(#11074));
#11071=APPLICATION_PROTOCOL_DEFINITION('international standard',
'automotive_design',2009,#11072);
#11072=APPLICATION_CONTEXT(
'Core Data for Automotive Mechanical Design Process');
#11073=PRODUCT_CONTEXT('part definition',#11072,'mechanical');
#11074=PRODUCT('USB B FEMALE','USB B FEMALE',$,(#11073));
#11075=PRESENTATION_STYLE_ASSIGNMENT((#11078));
#11076=PRESENTATION_STYLE_ASSIGNMENT((#11079));
#11077=PRESENTATION_STYLE_ASSIGNMENT((#11080));
#11078=SURFACE_STYLE_USAGE(.BOTH.,#11081);
#11079=SURFACE_STYLE_USAGE(.BOTH.,#11082);
#11080=SURFACE_STYLE_USAGE(.BOTH.,#11083);
#11081=SURFACE_SIDE_STYLE('',(#11084));
#11082=SURFACE_SIDE_STYLE('',(#11085));
#11083=SURFACE_SIDE_STYLE('',(#11086));
#11084=SURFACE_STYLE_FILL_AREA(#11087);
#11085=SURFACE_STYLE_FILL_AREA(#11088);
#11086=SURFACE_STYLE_FILL_AREA(#11089);
#11087=FILL_AREA_STYLE('Acier - Satin\X\E9',(#11090));
#11088=FILL_AREA_STYLE('Opaque(237,237,237)',(#11091));
#11089=FILL_AREA_STYLE('Opaque(251,250,245)',(#11092));
#11090=FILL_AREA_STYLE_COLOUR('Acier - Satin\X\E9',#11093);
#11091=FILL_AREA_STYLE_COLOUR('Opaque(237,237,237)',#11094);
#11092=FILL_AREA_STYLE_COLOUR('Opaque(251,250,245)',#11095);
#11093=COLOUR_RGB('Acier - Satin\X\E9',0.627450980392157,0.627450980392157,
0.627450980392157);
#11094=COLOUR_RGB('Opaque(237,237,237)',0.929411764705882,0.929411764705882,
0.929411764705882);
#11095=COLOUR_RGB('Opaque(251,250,245)',0.984313725490196,0.980392156862745,
0.96078431372549);
ENDSEC;
END-ISO-10303-21;
